product_id,product_name,category,brand,cost_price,selling_price,launch_date
P00001,Samsung Product 1,Electronics,Samsung,372.07,519.38,2025-11-01
P00002,Puma Product 2,Fashion,Puma,55.74,99.92,2022-08-25
P00003,Penguin Product 3,Books,Penguin,297.29,364.31,2021-10-01
P00004,Samsung Product 4,Electronics,Samsung,120.17,202.08,2024-02-02
P00005,Penguin Product 5,Books,Penguin,359.43,632.98,2024-05-16
P00006,Wilson Product 6,Sports,Wilson,227.36,323.43,2026-07-16
P00007,Samsung Product 7,Electronics,Samsung,350.58,516.12,2022-12-22
P00008,Nike Product 8,Fashion,Nike,478.82,703.52,2025-01-06
P00009,Apple Product 9,Electronics,Apple,52.87,99.29,2022-11-15
P00010,HarperCollins Product 10,Books,HarperCollins,404.53,721.59,2023-04-18
P00011,Penguin Product 11,Books,Penguin,486.69,731.41,2024-05-18
P00012,HarperCollins Product 12,Books,HarperCollins,415.56,704.3,2025-05-22
P00013,Bosch Product 13,Home,Bosch,100.18,125.79,2024-05-08
P00014,Adidas Product 14,Fashion,Adidas,492.68,928.33,2022-11-27
P00015,Apple Product 15,Electronics,Apple,142.6,243.64,2024-03-20
P00016,Ikea Product 16,Home,Ikea,188.24,257.44,2024-02-23
P00017,Bosch Product 17,Home,Bosch,468.64,805.32,2024-01-24
P00018,Penguin Product 18,Books,Penguin,269.4,376.04,2026-02-04
P00019,Under Armour Product 19,Sports,Under Armour,138.62,268.97,2022-07-23
P00020,Penguin Product 20,Books,Penguin,343.88,644.53,2025-07-29
P00021,Samsung Product 21,Electronics,Samsung,411.79,759.36,2021-09-07
P00022,Under Armour Product 22,Sports,Under Armour,37.76,72.9,2026-03-29
P00023,HarperCollins Product 23,Books,HarperCollins,110.25,176.33,2025-06-08
P00024,Wilson Product 24,Sports,Wilson,136.12,190.2,2021-10-02
P00025,HarperCollins Product 25,Books,HarperCollins,374.77,578.18,2022-01-17
P00026,HarperCollins Product 26,Books,HarperCollins,184.19,367.99,2022-11-03
P00027,Puma Product 27,Fashion,Puma,249.29,449.88,2024-05-07
P00028,Samsung Product 28,Electronics,Samsung,315.59,578.69,2025-03-17
P00029,Reebok Product 29,Sports,Reebok,36.45,54.87,2022-11-06
P00030,Reebok Product 30,Sports,Reebok,129.45,212.63,2022-06-29
P00031,Sony Product 31,Electronics,Sony,361.76,631.4,2021-12-15
P00032,HarperCollins Product 32,Books,HarperCollins,385.46,567.45,2023-01-16
P00033,Philips Product 33,Home,Philips,83.29,100.16,2021-11-13
P00034,Bosch Product 34,Home,Bosch,382.17,613.82,2022-11-25
P00035,Sony Product 35,Electronics,Sony,152.73,261.35,2021-12-21
P00036,Penguin Product 36,Books,Penguin,80.66,146.0,2023-10-19
P00037,Penguin Product 37,Books,Penguin,301.48,479.62,2025-06-21
P00038,Apple Product 38,Electronics,Apple,439.97,820.69,2023-06-11
P00039,Ikea Product 39,Home,Ikea,33.67,64.05,2023-11-15
P00040,Samsung Product 40,Electronics,Samsung,367.29,680.52,2022-07-06
P00041,Penguin Product 41,Books,Penguin,68.55,108.32,2024-10-05
P00042,Penguin Product 42,Books,Penguin,136.2,258.5,2023-04-26
P00043,Wilson Product 43,Sports,Wilson,464.81,838.62,2023-12-06
P00044,Puma Product 44,Fashion,Puma,159.3,317.98,2023-04-07
P00045,Philips Product 45,Home,Philips,450.31,703.02,2022-06-09
P00046,Nike Product 46,Fashion,Nike,36.69,44.65,2023-01-06
P00047,Penguin Product 47,Books,Penguin,296.28,357.24,2022-06-15
P00048,Samsung Product 48,Electronics,Samsung,38.36,47.0,2023-05-31
P00049,Ikea Product 49,Home,Ikea,259.51,369.23,2024-09-20
P00050,Wilson Product 50,Sports,Wilson,271.92,483.66,2021-11-19
P00051,HarperCollins Product 51,Books,HarperCollins,125.28,197.74,2023-10-26
P00052,Wilson Product 52,Sports,Wilson,51.69,89.28,2024-06-20
P00053,Philips Product 53,Home,Philips,208.5,394.29,2023-09-30
P00054,Sony Product 54,Electronics,Sony,328.46,563.95,2024-06-25
P00055,Apple Product 55,Electronics,Apple,365.47,672.64,2025-05-04
P00056,Samsung Product 56,Electronics,Samsung,99.84,162.64,2025-09-17
P00057,Adidas Product 57,Fashion,Adidas,95.83,150.46,2022-10-07
P00058,Apple Product 58,Electronics,Apple,404.97,763.28,2026-02-12
P00059,Samsung Product 59,Electronics,Samsung,327.81,535.14,2024-08-13
P00060,Samsung Product 60,Electronics,Samsung,463.55,870.99,2024-06-24
P00061,Adidas Product 61,Fashion,Adidas,245.39,336.43,2023-05-07
P00062,Wilson Product 62,Sports,Wilson,86.5,103.95,2024-11-02
P00063,Under Armour Product 63,Sports,Under Armour,463.63,847.56,2023-03-15
P00064,Philips Product 64,Home,Philips,349.81,624.2,2023-04-02
P00065,HarperCollins Product 65,Books,HarperCollins,81.62,117.32,2022-09-23
P00066,Sony Product 66,Electronics,Sony,369.19,461.03,2024-03-02
P00067,Ikea Product 67,Home,Ikea,29.82,47.16,2022-01-26
P00068,Penguin Product 68,Books,Penguin,33.16,53.26,2022-06-24
P00069,Nike Product 69,Fashion,Nike,299.54,521.25,2021-11-02
P00070,Adidas Product 70,Fashion,Adidas,64.34,123.03,2023-06-09
P00071,Puma Product 71,Fashion,Puma,299.29,507.45,2023-01-14
P00072,Reebok Product 72,Sports,Reebok,293.92,475.63,2023-09-04
P00073,Ikea Product 73,Home,Ikea,336.51,488.39,2024-06-23
P00074,Philips Product 74,Home,Philips,69.78,119.77,2023-10-28
P00075,Under Armour Product 75,Sports,Under Armour,464.86,905.82,2025-07-02
P00076,Apple Product 76,Electronics,Apple,312.47,515.7,2025-08-29
P00077,Samsung Product 77,Electronics,Samsung,271.13,435.08,2022-05-16
P00078,Adidas Product 78,Fashion,Adidas,441.03,839.46,2022-07-28
P00079,Philips Product 79,Home,Philips,83.08,155.11,2024-05-10
P00080,Bosch Product 80,Home,Bosch,492.01,908.09,2025-11-07
P00081,Penguin Product 81,Books,Penguin,335.59,551.6,2026-02-21
P00082,Samsung Product 82,Electronics,Samsung,135.91,259.83,2023-07-21
P00083,Penguin Product 83,Books,Penguin,139.81,235.42,2024-06-23
P00084,Ikea Product 84,Home,Ikea,345.31,649.99,2025-04-29
P00085,HarperCollins Product 85,Books,HarperCollins,129.31,249.12,2022-05-27
P00086,Samsung Product 86,Electronics,Samsung,318.97,594.39,2023-08-22
P00087,Samsung Product 87,Electronics,Samsung,170.11,221.93,2022-02-07
P00088,Ikea Product 88,Home,Ikea,371.91,610.43,2021-08-26
P00089,Reebok Product 89,Sports,Reebok,9.79,12.34,2023-10-12
P00090,Puma Product 90,Fashion,Puma,22.83,34.14,2022-01-24
P00091,Penguin Product 91,Books,Penguin,217.74,268.57,2023-03-17
P00092,Ikea Product 92,Home,Ikea,449.97,615.59,2023-02-08
P00093,Puma Product 93,Fashion,Puma,55.88,101.93,2024-10-26
P00094,Reebok Product 94,Sports,Reebok,375.99,729.65,2025-02-04
P00095,Nike Product 95,Fashion,Nike,488.22,902.53,2021-10-30
P00096,Wilson Product 96,Sports,Wilson,93.78,181.89,2023-02-26
P00097,Reebok Product 97,Sports,Reebok,432.71,799.91,2022-05-17
P00098,Ikea Product 98,Home,Ikea,394.75,507.84,2023-02-10
P00099,Apple Product 99,Electronics,Apple,115.1,213.31,2025-08-22
P00100,Under Armour Product 100,Sports,Under Armour,156.07,286.59,2022-08-18
P00101,Nike Product 101,Fashion,Nike,16.71,22.63,2025-10-27
P00102,Philips Product 102,Home,Philips,432.85,854.23,2026-04-24
P00103,Philips Product 103,Home,Philips,322.53,490.16,2023-07-27
P00104,HarperCollins Product 104,Books,HarperCollins,469.92,607.27,2025-04-12
P00105,Ikea Product 105,Home,Ikea,292.39,580.93,2026-08-01
P00106,Samsung Product 106,Electronics,Samsung,300.3,443.41,2022-10-18
P00107,Philips Product 107,Home,Philips,305.07,490.9,2021-12-21
P00108,Reebok Product 108,Sports,Reebok,99.09,122.43,2025-07-10
P00109,Wilson Product 109,Sports,Wilson,262.36,484.11,2022-03-05
P00110,Adidas Product 110,Fashion,Adidas,218.49,428.04,2022-12-14
P00111,Bosch Product 111,Home,Bosch,160.39,301.28,2023-10-31
P00112,Bosch Product 112,Home,Bosch,158.1,241.37,2026-01-07
P00113,Reebok Product 113,Sports,Reebok,151.35,197.03,2021-12-07
P00114,Reebok Product 114,Sports,Reebok,470.48,819.51,2026-03-27
P00115,Puma Product 115,Fashion,Puma,286.71,437.19,2025-10-22
P00116,Apple Product 116,Electronics,Apple,147.02,226.99,2022-09-12
P00117,HarperCollins Product 117,Books,HarperCollins,235.17,365.39,2022-06-03
P00118,Puma Product 118,Fashion,Puma,239.23,459.55,2023-08-31
P00119,Puma Product 119,Fashion,Puma,46.97,75.73,2026-08-10
P00120,HarperCollins Product 120,Books,HarperCollins,51.23,100.49,2022-06-26
P00121,Puma Product 121,Fashion,Puma,158.66,292.77,2021-11-28
P00122,Nike Product 122,Fashion,Nike,27.88,55.4,2022-12-25
P00123,Penguin Product 123,Books,Penguin,230.43,439.87,2024-03-10
P00124,Penguin Product 124,Books,Penguin,360.58,543.46,2026-03-03
P00125,Wilson Product 125,Sports,Wilson,78.05,136.6,2024-05-08
P00126,Apple Product 126,Electronics,Apple,113.33,208.9,2021-12-22
P00127,HarperCollins Product 127,Books,HarperCollins,29.86,41.78,2026-07-18
P00128,Apple Product 128,Electronics,Apple,71.0,111.59,2024-07-03
P00129,HarperCollins Product 129,Books,HarperCollins,475.27,909.26,2025-11-26
P00130,HarperCollins Product 130,Books,HarperCollins,416.13,681.74,2022-07-10
P00131,Puma Product 131,Fashion,Puma,431.44,673.07,2025-04-10
P00132,Puma Product 132,Fashion,Puma,142.27,259.24,2024-06-06
P00133,Reebok Product 133,Sports,Reebok,123.43,191.55,2024-01-08
P00134,Ikea Product 134,Home,Ikea,139.5,203.08,2021-09-28
P00135,Penguin Product 135,Books,Penguin,73.5,101.8,2022-03-24
P00136,Puma Product 136,Fashion,Puma,110.91,169.9,2021-11-01
P00137,Bosch Product 137,Home,Bosch,235.63,294.49,2025-07-28
P00138,Under Armour Product 138,Sports,Under Armour,452.9,755.1,2022-09-21
P00139,Sony Product 139,Electronics,Sony,193.29,232.86,2026-07-22
P00140,Philips Product 140,Home,Philips,377.97,711.63,2021-08-29
P00141,Reebok Product 141,Sports,Reebok,375.02,613.87,2025-08-13
P00142,Penguin Product 142,Books,Penguin,246.67,349.86,2022-06-18
P00143,Wilson Product 143,Sports,Wilson,197.48,342.65,2021-10-30
P00144,Reebok Product 144,Sports,Reebok,86.7,136.46,2023-11-16
P00145,Puma Product 145,Fashion,Puma,269.39,518.72,2026-05-15
P00146,Penguin Product 146,Books,Penguin,46.55,71.82,2023-02-13
P00147,Wilson Product 147,Sports,Wilson,29.89,44.93,2023-01-14
P00148,Adidas Product 148,Fashion,Adidas,166.79,301.72,2021-08-25
P00149,Under Armour Product 149,Sports,Under Armour,377.24,703.76,2025-10-11
P00150,Ikea Product 150,Home,Ikea,237.8,427.85,2026-04-22
P00151,Apple Product 151,Electronics,Apple,115.99,145.56,2025-05-15
P00152,Samsung Product 152,Electronics,Samsung,475.06,645.84,2023-04-04
P00153,Sony Product 153,Electronics,Sony,80.43,104.64,2022-09-20
P00154,Sony Product 154,Electronics,Sony,474.14,745.36,2025-10-06
P00155,Philips Product 155,Home,Philips,88.06,148.45,2024-04-04
P00156,Samsung Product 156,Electronics,Samsung,482.54,620.78,2026-05-08
P00157,Apple Product 157,Electronics,Apple,290.02,558.7,2022-06-15
P00158,Under Armour Product 158,Sports,Under Armour,471.03,639.97,2022-03-24
P00159,Penguin Product 159,Books,Penguin,55.44,100.79,2025-07-29
P00160,Penguin Product 160,Books,Penguin,399.13,659.66,2023-11-22
P00161,Apple Product 161,Electronics,Apple,268.71,464.66,2023-09-02
P00162,Sony Product 162,Electronics,Sony,325.53,393.93,2026-04-10
P00163,Under Armour Product 163,Sports,Under Armour,57.24,112.68,2026-06-14
P00164,Reebok Product 164,Sports,Reebok,80.73,108.25,2026-05-12
P00165,HarperCollins Product 165,Books,HarperCollins,309.88,599.83,2022-05-06
P00166,Under Armour Product 166,Sports,Under Armour,220.61,393.75,2022-02-27
P00167,Philips Product 167,Home,Philips,426.6,795.43,2023-10-04
P00168,Apple Product 168,Electronics,Apple,441.41,615.81,2022-08-26
P00169,Reebok Product 169,Sports,Reebok,307.11,461.65,2021-10-01
P00170,Apple Product 170,Electronics,Apple,426.22,573.47,2023-01-11
P00171,Adidas Product 171,Fashion,Adidas,399.93,588.81,2026-05-19
P00172,HarperCollins Product 172,Books,HarperCollins,280.12,451.92,2025-03-17
P00173,Nike Product 173,Fashion,Nike,124.47,189.83,2024-01-20
P00174,Penguin Product 174,Books,Penguin,346.85,595.45,2025-11-07
P00175,Under Armour Product 175,Sports,Under Armour,397.5,506.59,2024-04-02
P00176,Adidas Product 176,Fashion,Adidas,347.43,502.02,2025-12-02
P00177,HarperCollins Product 177,Books,HarperCollins,239.26,388.73,2024-02-23
P00178,Reebok Product 178,Sports,Reebok,277.44,411.01,2025-11-24
P00179,Under Armour Product 179,Sports,Under Armour,156.78,217.05,2025-05-03
P00180,Adidas Product 180,Fashion,Adidas,64.18,104.53,2024-01-16
P00181,Nike Product 181,Fashion,Nike,112.11,177.96,2022-03-26
P00182,HarperCollins Product 182,Books,HarperCollins,490.35,915.04,2022-03-07
P00183,Ikea Product 183,Home,Ikea,183.64,264.77,2024-11-04
P00184,Penguin Product 184,Books,Penguin,140.78,278.66,2021-10-04
P00185,HarperCollins Product 185,Books,HarperCollins,350.22,455.64,2025-05-19
P00186,Wilson Product 186,Sports,Wilson,437.0,725.09,2024-09-28
P00187,Under Armour Product 187,Sports,Under Armour,223.03,300.53,2025-04-20
P00188,Apple Product 188,Electronics,Apple,470.83,744.94,2021-09-30
P00189,Apple Product 189,Electronics,Apple,248.41,412.76,2022-02-27
P00190,Samsung Product 190,Electronics,Samsung,78.85,130.12,2026-07-22
P00191,Ikea Product 191,Home,Ikea,496.99,643.48,2025-11-09
P00192,Reebok Product 192,Sports,Reebok,300.08,508.56,2022-06-19
P00193,HarperCollins Product 193,Books,HarperCollins,228.0,354.35,2024-04-18
P00194,HarperCollins Product 194,Books,HarperCollins,156.16,264.98,2026-04-13
P00195,Penguin Product 195,Books,Penguin,474.06,647.68,2023-05-29
P00196,Adidas Product 196,Fashion,Adidas,331.91,440.0,2026-04-25
P00197,Puma Product 197,Fashion,Puma,42.16,50.68,2025-08-27
P00198,Reebok Product 198,Sports,Reebok,298.94,428.38,2025-05-13
P00199,Adidas Product 199,Fashion,Adidas,354.94,625.54,2024-07-19
P00200,Wilson Product 200,Sports,Wilson,345.26,669.5,2026-01-10
P00201,Penguin Product 201,Books,Penguin,215.44,352.38,2022-01-13
P00202,Adidas Product 202,Fashion,Adidas,414.18,520.68,2025-04-23
P00203,Adidas Product 203,Fashion,Adidas,299.55,556.98,2026-05-09
P00204,Philips Product 204,Home,Philips,66.56,116.54,2024-10-08
P00205,Under Armour Product 205,Sports,Under Armour,252.73,403.11,2023-08-03
P00206,Sony Product 206,Electronics,Sony,24.73,38.22,2024-07-23
P00207,Bosch Product 207,Home,Bosch,128.93,164.14,2022-12-21
P00208,Penguin Product 208,Books,Penguin,499.79,868.55,2023-05-31
P00209,Bosch Product 209,Home,Bosch,24.91,44.96,2022-07-07
P00210,Reebok Product 210,Sports,Reebok,327.5,633.01,2026-08-13
P00211,Puma Product 211,Fashion,Puma,220.76,408.71,2025-09-15
P00212,Apple Product 212,Electronics,Apple,177.24,259.95,2022-08-29
P00213,Samsung Product 213,Electronics,Samsung,168.25,295.27,2024-07-28
P00214,Bosch Product 214,Home,Bosch,472.87,875.21,2024-08-04
P00215,Penguin Product 215,Books,Penguin,230.14,334.07,2022-07-23
P00216,Ikea Product 216,Home,Ikea,485.24,739.19,2026-06-21
P00217,Penguin Product 217,Books,Penguin,330.54,540.13,2023-03-27
P00218,Wilson Product 218,Sports,Wilson,97.85,145.74,2022-11-23
P00219,Reebok Product 219,Sports,Reebok,223.81,277.81,2026-03-24
P00220,Bosch Product 220,Home,Bosch,69.85,99.92,2021-11-16
P00221,Wilson Product 221,Sports,Wilson,19.29,32.87,2024-09-25
P00222,Puma Product 222,Fashion,Puma,83.4,136.83,2024-01-08
P00223,HarperCollins Product 223,Books,HarperCollins,51.14,101.96,2023-06-24
P00224,Apple Product 224,Electronics,Apple,473.8,814.07,2023-12-11
P00225,Adidas Product 225,Fashion,Adidas,466.66,668.95,2025-04-17
P00226,Philips Product 226,Home,Philips,418.19,829.77,2026-06-23
P00227,Adidas Product 227,Fashion,Adidas,277.88,418.73,2024-05-18
P00228,Penguin Product 228,Books,Penguin,432.69,614.85,2024-05-06
P00229,Under Armour Product 229,Sports,Under Armour,467.45,750.81,2025-09-21
P00230,Apple Product 230,Electronics,Apple,364.4,681.42,2025-05-24
P00231,HarperCollins Product 231,Books,HarperCollins,433.3,674.75,2023-08-02
P00232,Under Armour Product 232,Sports,Under Armour,169.56,306.95,2023-01-10
P00233,Under Armour Product 233,Sports,Under Armour,466.76,884.83,2023-09-01
P00234,Puma Product 234,Fashion,Puma,194.57,366.73,2023-02-22
P00235,Wilson Product 235,Sports,Wilson,162.5,256.49,2024-04-17
P00236,Under Armour Product 236,Sports,Under Armour,494.26,906.43,2026-01-07
P00237,Adidas Product 237,Fashion,Adidas,482.59,627.85,2023-07-29
P00238,HarperCollins Product 238,Books,HarperCollins,435.5,827.17,2021-09-02
P00239,Wilson Product 239,Sports,Wilson,265.35,415.42,2024-10-10
P00240,Adidas Product 240,Fashion,Adidas,436.11,861.74,2023-11-10
P00241,Apple Product 241,Electronics,Apple,391.86,553.31,2022-01-03
P00242,HarperCollins Product 242,Books,HarperCollins,326.67,614.6,2025-02-01
P00243,HarperCollins Product 243,Books,HarperCollins,477.3,812.1,2024-02-22
P00244,Reebok Product 244,Sports,Reebok,22.77,28.57,2023-04-06
P00245,Ikea Product 245,Home,Ikea,374.65,579.65,2025-06-25
P00246,Sony Product 246,Electronics,Sony,353.43,452.53,2021-09-29
P00247,Puma Product 247,Fashion,Puma,153.24,187.44,2026-07-05
P00248,Ikea Product 248,Home,Ikea,150.22,225.31,2026-03-07
P00249,Nike Product 249,Fashion,Nike,267.93,442.82,2022-03-03
P00250,Nike Product 250,Fashion,Nike,91.66,154.68,2024-04-01
P00251,Reebok Product 251,Sports,Reebok,343.15,548.4,2022-11-06
P00252,Penguin Product 252,Books,Penguin,119.93,205.12,2022-06-05
P00253,Under Armour Product 253,Sports,Under Armour,335.09,643.08,2023-01-18
P00254,Under Armour Product 254,Sports,Under Armour,340.42,451.53,2024-01-16
P00255,Under Armour Product 255,Sports,Under Armour,493.89,710.87,2024-04-07
P00256,Reebok Product 256,Sports,Reebok,128.8,241.66,2021-11-27
P00257,Adidas Product 257,Fashion,Adidas,427.4,549.35,2024-01-16
P00258,Reebok Product 258,Sports,Reebok,182.68,262.46,2025-08-07
P00259,Ikea Product 259,Home,Ikea,489.08,844.44,2022-07-06
P00260,Ikea Product 260,Home,Ikea,285.13,498.59,2022-01-08
P00261,Sony Product 261,Electronics,Sony,373.86,697.72,2023-10-23
P00262,Ikea Product 262,Home,Ikea,305.5,452.71,2025-10-25
P00263,Puma Product 263,Fashion,Puma,129.06,232.88,2022-06-12
P00264,Puma Product 264,Fashion,Puma,53.1,90.37,2023-02-11
P00265,Apple Product 265,Electronics,Apple,395.36,484.98,2026-02-20
P00266,Bosch Product 266,Home,Bosch,70.05,135.04,2023-02-08
P00267,Bosch Product 267,Home,Bosch,210.67,286.65,2024-01-27
P00268,HarperCollins Product 268,Books,HarperCollins,267.77,517.01,2025-05-18
P00269,Adidas Product 269,Fashion,Adidas,457.45,894.47,2025-05-08
P00270,Bosch Product 270,Home,Bosch,435.85,803.44,2026-03-02
P00271,Wilson Product 271,Sports,Wilson,74.67,147.34,2026-08-05
P00272,Reebok Product 272,Sports,Reebok,186.06,340.96,2025-04-08
P00273,Apple Product 273,Electronics,Apple,270.6,423.17,2023-05-09
P00274,Bosch Product 274,Home,Bosch,193.61,331.24,2024-12-20
P00275,Ikea Product 275,Home,Ikea,339.04,534.73,2022-10-26
P00276,HarperCollins Product 276,Books,HarperCollins,458.05,630.78,2025-10-31
P00277,Sony Product 277,Electronics,Sony,412.81,795.7,2025-09-24
P00278,Bosch Product 278,Home,Bosch,207.11,271.69,2024-06-24
P00279,Apple Product 279,Electronics,Apple,497.98,643.84,2022-04-18
P00280,Puma Product 280,Fashion,Puma,72.15,112.76,2023-12-16
P00281,HarperCollins Product 281,Books,HarperCollins,295.73,526.78,2022-05-16
P00282,Reebok Product 282,Sports,Reebok,54.02,85.97,2024-05-25
P00283,Under Armour Product 283,Sports,Under Armour,21.19,31.71,2024-02-18
P00284,Under Armour Product 284,Sports,Under Armour,475.52,896.05,2023-01-28
P00285,Sony Product 285,Electronics,Sony,186.83,358.97,2024-04-01
P00286,Ikea Product 286,Home,Ikea,202.08,273.18,2022-01-02
P00287,Apple Product 287,Electronics,Apple,50.38,69.0,2026-02-25
P00288,Penguin Product 288,Books,Penguin,30.04,44.06,2022-12-31
P00289,Puma Product 289,Fashion,Puma,106.58,198.65,2022-06-14
P00290,Penguin Product 290,Books,Penguin,295.26,546.36,2022-02-05
P00291,Adidas Product 291,Fashion,Adidas,388.31,710.96,2023-01-06
P00292,Penguin Product 292,Books,Penguin,142.25,282.68,2022-09-06
P00293,Puma Product 293,Fashion,Puma,129.07,172.9,2026-02-11
P00294,Samsung Product 294,Electronics,Samsung,12.36,22.64,2023-11-03
P00295,Puma Product 295,Fashion,Puma,165.27,221.36,2022-06-11
P00296,Samsung Product 296,Electronics,Samsung,372.15,603.21,2022-01-05
P00297,Apple Product 297,Electronics,Apple,226.9,338.0,2025-08-22
P00298,Penguin Product 298,Books,Penguin,228.74,315.03,2022-01-09
P00299,Penguin Product 299,Books,Penguin,364.99,703.34,2023-01-05
P00300,HarperCollins Product 300,Books,HarperCollins,231.73,456.79,2026-02-02
P00301,Apple Product 301,Electronics,Apple,424.41,654.02,2021-10-22
P00302,Apple Product 302,Electronics,Apple,357.64,556.08,2023-03-22
P00303,Apple Product 303,Electronics,Apple,306.11,383.42,2023-10-16
P00304,Bosch Product 304,Home,Bosch,318.37,521.71,2025-08-07
P00305,Philips Product 305,Home,Philips,497.34,807.9,2022-05-25
P00306,Reebok Product 306,Sports,Reebok,304.69,389.8,2024-08-04
P00307,Sony Product 307,Electronics,Sony,327.2,593.92,2024-11-03
P00308,Adidas Product 308,Fashion,Adidas,228.52,316.0,2022-04-05
P00309,Philips Product 309,Home,Philips,202.37,360.97,2023-03-05
P00310,Philips Product 310,Home,Philips,159.7,224.2,2024-06-30
P00311,Puma Product 311,Fashion,Puma,461.88,579.06,2024-11-16
P00312,Samsung Product 312,Electronics,Samsung,218.78,392.86,2024-02-11
P00313,Ikea Product 313,Home,Ikea,280.4,468.04,2025-10-07
P00314,HarperCollins Product 314,Books,HarperCollins,336.66,514.63,2025-08-11
P00315,Reebok Product 315,Sports,Reebok,30.47,43.58,2025-04-20
P00316,Philips Product 316,Home,Philips,56.28,90.38,2026-06-26
P00317,Puma Product 317,Fashion,Puma,243.68,457.59,2021-10-11
P00318,Bosch Product 318,Home,Bosch,186.94,338.38,2026-08-13
P00319,Penguin Product 319,Books,Penguin,404.57,759.02,2026-04-13
P00320,Penguin Product 320,Books,Penguin,306.45,529.01,2023-08-06
P00321,Ikea Product 321,Home,Ikea,94.31,166.19,2022-11-26
P00322,Philips Product 322,Home,Philips,178.76,240.45,2026-02-05
P00323,Puma Product 323,Fashion,Puma,330.39,414.86,2023-01-16
P00324,Samsung Product 324,Electronics,Samsung,374.33,513.62,2024-04-26
P00325,Under Armour Product 325,Sports,Under Armour,173.74,259.92,2023-06-10
P00326,Bosch Product 326,Home,Bosch,300.13,572.25,2022-09-12
P00327,Nike Product 327,Fashion,Nike,378.45,469.21,2023-03-19
P00328,Apple Product 328,Electronics,Apple,224.34,345.31,2026-03-21
P00329,HarperCollins Product 329,Books,HarperCollins,210.02,288.24,2025-12-05
P00330,Penguin Product 330,Books,Penguin,175.86,226.63,2023-02-07
P00331,HarperCollins Product 331,Books,HarperCollins,265.83,384.59,2022-08-11
P00332,Adidas Product 332,Fashion,Adidas,492.3,612.34,2024-04-12
P00333,Adidas Product 333,Fashion,Adidas,472.94,857.86,2022-10-04
P00334,Philips Product 334,Home,Philips,167.42,201.94,2021-12-08
P00335,Wilson Product 335,Sports,Wilson,68.95,112.12,2023-08-17
P00336,Puma Product 336,Fashion,Puma,281.57,488.37,2025-04-13
P00337,Ikea Product 337,Home,Ikea,201.55,361.51,2022-11-16
P00338,Wilson Product 338,Sports,Wilson,232.58,293.58,2026-07-23
P00339,Bosch Product 339,Home,Bosch,217.5,331.37,2026-04-24
P00340,Under Armour Product 340,Sports,Under Armour,62.01,75.45,2022-08-22
P00341,Ikea Product 341,Home,Ikea,401.65,680.6,2022-12-23
P00342,Ikea Product 342,Home,Ikea,221.17,284.13,2024-01-07
P00343,Reebok Product 343,Sports,Reebok,203.22,256.65,2022-03-16
P00344,Bosch Product 344,Home,Bosch,173.06,253.78,2021-09-05
P00345,Nike Product 345,Fashion,Nike,257.69,332.73,2024-03-03
P00346,Penguin Product 346,Books,Penguin,453.43,670.85,2022-10-20
P00347,Nike Product 347,Fashion,Nike,55.89,78.51,2025-04-14
P00348,Puma Product 348,Fashion,Puma,80.67,145.8,2024-06-30
P00349,Samsung Product 349,Electronics,Samsung,475.89,810.14,2024-06-12
P00350,Reebok Product 350,Sports,Reebok,381.14,594.24,2026-07-10
P00351,HarperCollins Product 351,Books,HarperCollins,432.8,736.53,2023-09-14
P00352,Adidas Product 352,Fashion,Adidas,38.8,60.29,2023-10-12
P00353,Philips Product 353,Home,Philips,297.75,441.13,2023-07-20
P00354,Apple Product 354,Electronics,Apple,233.56,287.3,2024-01-07
P00355,Philips Product 355,Home,Philips,42.98,81.29,2025-07-11
P00356,Sony Product 356,Electronics,Sony,299.07,450.87,2023-11-17
P00357,Penguin Product 357,Books,Penguin,227.62,420.61,2025-11-26
P00358,Adidas Product 358,Fashion,Adidas,304.48,487.5,2023-07-07
P00359,Apple Product 359,Electronics,Apple,56.23,107.92,2025-01-31
P00360,Bosch Product 360,Home,Bosch,46.74,80.25,2023-10-10
P00361,Samsung Product 361,Electronics,Samsung,355.27,707.98,2021-12-30
P00362,Penguin Product 362,Books,Penguin,185.13,358.11,2026-03-16
P00363,Under Armour Product 363,Sports,Under Armour,388.36,676.96,2023-08-09
P00364,Sony Product 364,Electronics,Sony,325.42,407.66,2023-02-25
P00365,Sony Product 365,Electronics,Sony,340.8,486.43,2024-02-02
P00366,Penguin Product 366,Books,Penguin,170.01,283.27,2023-04-18
P00367,Adidas Product 367,Fashion,Adidas,158.56,273.49,2021-12-11
P00368,Wilson Product 368,Sports,Wilson,299.55,584.24,2023-12-28
P00369,Bosch Product 369,Home,Bosch,191.46,351.01,2024-08-04
P00370,Puma Product 370,Fashion,Puma,352.9,690.87,2026-06-26
P00371,Penguin Product 371,Books,Penguin,324.78,499.75,2024-11-08
P00372,Ikea Product 372,Home,Ikea,184.49,247.99,2026-08-12
P00373,Adidas Product 373,Fashion,Adidas,474.1,753.35,2025-11-18
P00374,Nike Product 374,Fashion,Nike,81.7,117.37,2023-01-23
P00375,Sony Product 375,Electronics,Sony,386.58,722.17,2023-02-15
P00376,Penguin Product 376,Books,Penguin,332.65,632.41,2025-05-23
P00377,Penguin Product 377,Books,Penguin,300.64,397.87,2023-05-08
P00378,Puma Product 378,Fashion,Puma,386.69,714.31,2023-09-10
P00379,Puma Product 379,Fashion,Puma,221.65,338.83,2024-08-25
P00380,Adidas Product 380,Fashion,Adidas,307.24,553.62,2021-10-16
P00381,Wilson Product 381,Sports,Wilson,269.34,389.89,2022-04-14
P00382,Wilson Product 382,Sports,Wilson,187.08,366.25,2025-12-10
P00383,Under Armour Product 383,Sports,Under Armour,385.87,703.25,2025-09-26
P00384,HarperCollins Product 384,Books,HarperCollins,483.3,895.8,2021-11-20
P00385,Penguin Product 385,Books,Penguin,437.14,542.82,2026-02-28
P00386,Under Armour Product 386,Sports,Under Armour,279.5,358.34,2024-05-03
P00387,Penguin Product 387,Books,Penguin,146.11,264.53,2022-12-30
P00388,Philips Product 388,Home,Philips,453.13,597.17,2024-01-20
P00389,Wilson Product 389,Sports,Wilson,473.47,652.27,2022-07-23
P00390,Under Armour Product 390,Sports,Under Armour,465.58,713.23,2024-06-26
P00391,Reebok Product 391,Sports,Reebok,190.11,286.86,2025-03-09
P00392,Apple Product 392,Electronics,Apple,116.15,168.99,2025-05-21
P00393,Sony Product 393,Electronics,Sony,326.73,598.93,2025-04-10
P00394,Nike Product 394,Fashion,Nike,147.01,274.0,2023-12-06
P00395,Puma Product 395,Fashion,Puma,237.21,401.43,2023-06-18
P00396,Samsung Product 396,Electronics,Samsung,131.68,245.97,2025-12-15
P00397,HarperCollins Product 397,Books,HarperCollins,60.04,85.89,2025-01-10
P00398,Ikea Product 398,Home,Ikea,28.64,43.99,2025-05-09
P00399,HarperCollins Product 399,Books,HarperCollins,36.09,67.46,2024-01-13
P00400,Reebok Product 400,Sports,Reebok,270.35,461.1,2025-06-21
P00401,Penguin Product 401,Books,Penguin,360.68,516.86,2021-10-07
P00402,Sony Product 402,Electronics,Sony,179.64,297.58,2024-09-22
P00403,Puma Product 403,Fashion,Puma,335.77,543.54,2026-06-12
P00404,Ikea Product 404,Home,Ikea,476.93,779.91,2022-06-25
P00405,Penguin Product 405,Books,Penguin,198.27,312.49,2023-04-16
P00406,Under Armour Product 406,Sports,Under Armour,130.56,158.37,2024-11-27
P00407,Apple Product 407,Electronics,Apple,124.36,214.61,2024-03-29
P00408,Sony Product 408,Electronics,Sony,368.92,540.84,2024-06-03
P00409,Apple Product 409,Electronics,Apple,275.28,509.49,2026-07-10
P00410,Puma Product 410,Fashion,Puma,234.99,412.72,2026-06-30
P00411,Nike Product 411,Fashion,Nike,36.23,65.97,2025-01-02
P00412,Wilson Product 412,Sports,Wilson,150.25,185.57,2025-09-06
P00413,Nike Product 413,Fashion,Nike,161.22,233.46,2024-11-26
P00414,Reebok Product 414,Sports,Reebok,239.33,294.21,2021-11-26
P00415,Adidas Product 415,Fashion,Adidas,181.7,331.54,2026-05-22
P00416,Philips Product 416,Home,Philips,66.62,99.56,2025-05-24
P00417,Reebok Product 417,Sports,Reebok,222.67,437.59,2021-11-23
P00418,Ikea Product 418,Home,Ikea,250.62,400.5,2026-05-09
P00419,HarperCollins Product 419,Books,HarperCollins,401.57,715.46,2025-10-17
P00420,Apple Product 420,Electronics,Apple,303.21,563.33,2023-07-26
P00421,HarperCollins Product 421,Books,HarperCollins,164.0,207.31,2026-06-17
P00422,Philips Product 422,Home,Philips,225.73,400.47,2024-04-12
P00423,Puma Product 423,Fashion,Puma,224.73,350.06,2021-10-08
P00424,Bosch Product 424,Home,Bosch,499.08,708.52,2022-01-09
P00425,Samsung Product 425,Electronics,Samsung,337.24,514.28,2024-08-18
P00426,Penguin Product 426,Books,Penguin,476.63,626.4,2025-09-11
P00427,HarperCollins Product 427,Books,HarperCollins,22.23,27.87,2026-06-03
P00428,Philips Product 428,Home,Philips,194.51,321.68,2024-12-26
P00429,Penguin Product 429,Books,Penguin,341.14,668.31,2022-02-04
P00430,Philips Product 430,Home,Philips,382.73,635.0,2025-12-17
P00431,HarperCollins Product 431,Books,HarperCollins,202.03,347.42,2022-02-05
P00432,Nike Product 432,Fashion,Nike,17.83,24.05,2021-12-11
P00433,HarperCollins Product 433,Books,HarperCollins,457.2,591.71,2021-09-12
P00434,Bosch Product 434,Home,Bosch,225.91,451.16,2025-07-19
P00435,Bosch Product 435,Home,Bosch,458.66,730.63,2023-10-11
P00436,Samsung Product 436,Electronics,Samsung,427.15,667.05,2025-12-11
P00437,Wilson Product 437,Sports,Wilson,406.2,801.86,2022-08-28
P00438,Bosch Product 438,Home,Bosch,176.98,221.57,2026-01-21
P00439,HarperCollins Product 439,Books,HarperCollins,446.21,839.36,2024-12-15
P00440,Adidas Product 440,Fashion,Adidas,256.83,333.13,2021-11-11
P00441,Nike Product 441,Fashion,Nike,122.18,194.9,2024-07-04
P00442,Bosch Product 442,Home,Bosch,288.28,453.73,2022-08-02
P00443,Penguin Product 443,Books,Penguin,307.91,390.73,2021-11-12
P00444,Philips Product 444,Home,Philips,499.8,887.19,2023-03-19
P00445,HarperCollins Product 445,Books,HarperCollins,385.74,716.96,2022-02-11
P00446,Samsung Product 446,Electronics,Samsung,486.33,833.51,2025-12-10
P00447,Under Armour Product 447,Sports,Under Armour,341.65,504.14,2025-12-19
P00448,Penguin Product 448,Books,Penguin,385.05,501.81,2025-09-11
P00449,Penguin Product 449,Books,Penguin,416.54,672.5,2022-06-04
P00450,Ikea Product 450,Home,Ikea,85.17,165.89,2023-05-09
P00451,Adidas Product 451,Fashion,Adidas,474.0,765.57,2022-08-10
P00452,Ikea Product 452,Home,Ikea,129.05,220.42,2024-11-13
P00453,HarperCollins Product 453,Books,HarperCollins,66.96,96.57,2024-11-21
P00454,Penguin Product 454,Books,Penguin,253.77,338.76,2024-01-01
P00455,Penguin Product 455,Books,Penguin,89.74,152.52,2024-08-21
P00456,HarperCollins Product 456,Books,HarperCollins,422.05,696.76,2025-01-31
P00457,Samsung Product 457,Electronics,Samsung,27.5,47.11,2021-10-06
P00458,HarperCollins Product 458,Books,HarperCollins,327.31,593.6,2023-05-21
P00459,Reebok Product 459,Sports,Reebok,321.3,513.58,2021-09-03
P00460,HarperCollins Product 460,Books,HarperCollins,322.74,465.29,2024-11-21
P00461,Puma Product 461,Fashion,Puma,206.02,321.98,2021-11-03
P00462,Samsung Product 462,Electronics,Samsung,222.6,353.36,2025-03-02
P00463,Adidas Product 463,Fashion,Adidas,305.3,442.71,2022-03-28
P00464,Bosch Product 464,Home,Bosch,494.07,729.39,2024-02-08
P00465,Wilson Product 465,Sports,Wilson,381.53,615.02,2023-09-05
P00466,Apple Product 466,Electronics,Apple,124.66,161.81,2025-06-04
P00467,Wilson Product 467,Sports,Wilson,74.73,92.7,2026-06-15
P00468,Reebok Product 468,Sports,Reebok,211.98,417.63,2025-05-26
P00469,Adidas Product 469,Fashion,Adidas,467.21,830.19,2021-11-04
P00470,Nike Product 470,Fashion,Nike,251.64,405.59,2024-06-18
P00471,Under Armour Product 471,Sports,Under Armour,251.2,319.54,2023-11-30
P00472,Reebok Product 472,Sports,Reebok,231.33,322.15,2023-03-08
P00473,HarperCollins Product 473,Books,HarperCollins,29.09,41.46,2025-06-13
P00474,HarperCollins Product 474,Books,HarperCollins,146.45,176.7,2023-06-24
P00475,Apple Product 475,Electronics,Apple,71.3,100.65,2023-06-23
P00476,Philips Product 476,Home,Philips,186.14,283.02,2025-04-11
P00477,Penguin Product 477,Books,Penguin,184.45,263.93,2024-11-01
P00478,Reebok Product 478,Sports,Reebok,227.93,373.78,2023-10-17
P00479,Penguin Product 479,Books,Penguin,68.69,87.74,2023-12-14
P00480,Philips Product 480,Home,Philips,281.13,419.58,2024-04-03
P00481,Nike Product 481,Fashion,Nike,303.22,461.23,2021-10-20
P00482,Samsung Product 482,Electronics,Samsung,24.26,42.96,2026-06-24
P00483,Reebok Product 483,Sports,Reebok,231.21,389.59,2025-11-01
P00484,Penguin Product 484,Books,Penguin,167.34,282.88,2024-08-05
P00485,Adidas Product 485,Fashion,Adidas,495.35,887.4,2023-05-03
P00486,Bosch Product 486,Home,Bosch,171.5,319.44,2022-11-14
P00487,HarperCollins Product 487,Books,HarperCollins,355.83,512.34,2024-10-25
P00488,Apple Product 488,Electronics,Apple,168.96,217.57,2023-08-20
P00489,Reebok Product 489,Sports,Reebok,157.3,301.86,2022-10-29
P00490,Sony Product 490,Electronics,Sony,239.92,473.52,2025-02-23
P00491,Penguin Product 491,Books,Penguin,362.09,603.54,2022-05-22
P00492,Puma Product 492,Fashion,Puma,316.37,536.5,2024-05-09
P00493,Wilson Product 493,Sports,Wilson,411.72,573.84,2025-09-21
P00494,Penguin Product 494,Books,Penguin,99.44,154.41,2024-02-22
P00495,Wilson Product 495,Sports,Wilson,209.42,285.46,2023-08-29
P00496,HarperCollins Product 496,Books,HarperCollins,437.04,781.72,2023-02-12
P00497,Sony Product 497,Electronics,Sony,73.35,100.19,2021-11-30
P00498,Bosch Product 498,Home,Bosch,241.79,363.04,2021-10-15
P00499,Adidas Product 499,Fashion,Adidas,456.5,672.82,2023-03-10
P00500,Bosch Product 500,Home,Bosch,387.13,687.83,2023-01-23
P00501,Bosch Product 501,Home,Bosch,244.67,480.99,2023-10-18
P00502,Bosch Product 502,Home,Bosch,152.76,298.37,2022-05-08
P00503,Philips Product 503,Home,Philips,353.93,620.15,2025-07-14
P00504,Under Armour Product 504,Sports,Under Armour,242.5,399.73,2025-04-01
P00505,Philips Product 505,Home,Philips,65.33,113.76,2022-12-27
P00506,Under Armour Product 506,Sports,Under Armour,410.1,805.31,2025-10-12
P00507,Adidas Product 507,Fashion,Adidas,25.82,50.72,2024-05-10
P00508,Apple Product 508,Electronics,Apple,462.38,797.5,2026-04-25
P00509,Wilson Product 509,Sports,Wilson,105.02,171.27,2023-06-14
P00510,HarperCollins Product 510,Books,HarperCollins,72.95,123.47,2023-10-09
P00511,Penguin Product 511,Books,Penguin,125.02,217.02,2024-08-05
P00512,Penguin Product 512,Books,Penguin,320.78,398.41,2022-10-31
P00513,Under Armour Product 513,Sports,Under Armour,360.09,461.07,2025-07-30
P00514,Nike Product 514,Fashion,Nike,482.44,956.35,2022-10-25
P00515,Adidas Product 515,Fashion,Adidas,328.18,625.02,2021-11-10
P00516,Under Armour Product 516,Sports,Under Armour,327.02,590.18,2025-10-30
P00517,Philips Product 517,Home,Philips,146.28,182.46,2024-10-28
P00518,Sony Product 518,Electronics,Sony,289.2,470.85,2026-01-30
P00519,Samsung Product 519,Electronics,Samsung,211.85,396.18,2023-01-09
P00520,Apple Product 520,Electronics,Apple,395.04,532.93,2022-12-03
P00521,Ikea Product 521,Home,Ikea,9.59,15.87,2023-12-23
P00522,Apple Product 522,Electronics,Apple,145.86,290.45,2026-01-29
P00523,HarperCollins Product 523,Books,HarperCollins,445.18,582.01,2023-12-06
P00524,HarperCollins Product 524,Books,HarperCollins,140.05,258.68,2021-11-23
P00525,Ikea Product 525,Home,Ikea,366.9,630.56,2024-08-10
P00526,Nike Product 526,Fashion,Nike,369.63,677.39,2022-04-19
P00527,Penguin Product 527,Books,Penguin,91.87,173.17,2022-09-02
P00528,Under Armour Product 528,Sports,Under Armour,260.06,330.12,2021-10-02
P00529,Samsung Product 529,Electronics,Samsung,490.93,776.63,2022-01-07
P00530,Nike Product 530,Fashion,Nike,134.09,186.17,2025-04-25
P00531,Philips Product 531,Home,Philips,154.46,274.68,2022-10-12
P00532,Apple Product 532,Electronics,Apple,328.57,576.38,2022-10-24
P00533,Sony Product 533,Electronics,Sony,63.52,91.81,2021-10-05
P00534,Reebok Product 534,Sports,Reebok,253.75,486.21,2021-08-26
P00535,Bosch Product 535,Home,Bosch,63.12,122.0,2025-07-11
P00536,Philips Product 536,Home,Philips,309.24,425.3,2021-11-16
P00537,Adidas Product 537,Fashion,Adidas,80.83,145.35,2023-06-12
P00538,HarperCollins Product 538,Books,HarperCollins,210.84,345.65,2023-07-30
P00539,Reebok Product 539,Sports,Reebok,401.99,747.9,2025-01-28
P00540,Puma Product 540,Fashion,Puma,378.6,718.78,2024-12-11
P00541,Sony Product 541,Electronics,Sony,226.14,398.69,2025-09-27
P00542,Sony Product 542,Electronics,Sony,60.54,112.79,2021-10-28
P00543,Penguin Product 543,Books,Penguin,288.49,380.77,2024-06-19
P00544,Bosch Product 544,Home,Bosch,223.71,390.2,2025-05-11
P00545,HarperCollins Product 545,Books,HarperCollins,50.02,80.45,2022-05-01
P00546,Apple Product 546,Electronics,Apple,70.31,107.74,2022-12-31
P00547,Penguin Product 547,Books,Penguin,281.6,489.48,2025-07-10
P00548,Bosch Product 548,Home,Bosch,15.78,22.15,2021-12-16
P00549,Sony Product 549,Electronics,Sony,112.86,142.03,2025-10-07
P00550,Under Armour Product 550,Sports,Under Armour,351.69,574.29,2025-10-06
P00551,Samsung Product 551,Electronics,Samsung,493.14,778.01,2024-11-03
P00552,Philips Product 552,Home,Philips,94.09,123.1,2025-09-06
P00553,Under Armour Product 553,Sports,Under Armour,496.46,747.66,2024-10-18
P00554,Under Armour Product 554,Sports,Under Armour,44.72,88.16,2022-08-03
P00555,Penguin Product 555,Books,Penguin,328.5,485.59,2022-01-16
P00556,Puma Product 556,Fashion,Puma,199.56,259.8,2022-07-01
P00557,Nike Product 557,Fashion,Nike,379.31,752.09,2022-10-17
P00558,Reebok Product 558,Sports,Reebok,360.95,555.61,2026-05-11
P00559,Wilson Product 559,Sports,Wilson,127.52,188.34,2023-08-10
P00560,Ikea Product 560,Home,Ikea,469.02,834.86,2025-04-07
P00561,Samsung Product 561,Electronics,Samsung,405.69,622.89,2026-08-01
P00562,Samsung Product 562,Electronics,Samsung,107.01,137.05,2021-11-27
P00563,Apple Product 563,Electronics,Apple,300.9,530.38,2024-05-23
P00564,Samsung Product 564,Electronics,Samsung,371.57,565.46,2025-12-06
P00565,Puma Product 565,Fashion,Puma,112.55,212.83,2022-10-14
P00566,Samsung Product 566,Electronics,Samsung,254.43,364.19,2024-01-29
P00567,HarperCollins Product 567,Books,HarperCollins,290.85,528.77,2023-01-03
P00568,Ikea Product 568,Home,Ikea,154.37,202.94,2025-09-01
P00569,Penguin Product 569,Books,Penguin,209.71,297.81,2024-10-30
P00570,Penguin Product 570,Books,Penguin,314.87,485.45,2024-08-02
P00571,Wilson Product 571,Sports,Wilson,486.28,949.84,2023-09-28
P00572,Reebok Product 572,Sports,Reebok,162.77,249.54,2021-10-01
P00573,Adidas Product 573,Fashion,Adidas,191.35,345.11,2026-03-22
P00574,Wilson Product 574,Sports,Wilson,425.42,612.86,2024-06-07
P00575,Adidas Product 575,Fashion,Adidas,457.8,755.33,2025-02-21
P00576,Reebok Product 576,Sports,Reebok,267.35,403.9,2024-09-06
P00577,Ikea Product 577,Home,Ikea,168.48,212.83,2024-06-14
P00578,Under Armour Product 578,Sports,Under Armour,50.77,90.35,2026-02-02
P00579,Nike Product 579,Fashion,Nike,137.89,239.78,2022-01-31
P00580,Penguin Product 580,Books,Penguin,437.44,590.78,2022-03-05
P00581,Penguin Product 581,Books,Penguin,242.3,459.3,2023-08-17
P00582,Philips Product 582,Home,Philips,478.72,580.34,2026-01-18
P00583,Puma Product 583,Fashion,Puma,63.07,126.12,2022-07-01
P00584,Wilson Product 584,Sports,Wilson,349.34,615.89,2026-02-24
P00585,Wilson Product 585,Sports,Wilson,278.28,506.58,2024-09-02
P00586,Under Armour Product 586,Sports,Under Armour,269.16,400.35,2024-01-23
P00587,Philips Product 587,Home,Philips,258.84,413.58,2026-02-08
P00588,Sony Product 588,Electronics,Sony,237.4,444.36,2024-10-13
P00589,Adidas Product 589,Fashion,Adidas,159.9,197.73,2024-12-11
P00590,Puma Product 590,Fashion,Puma,77.23,108.79,2022-05-03
P00591,HarperCollins Product 591,Books,HarperCollins,151.12,205.06,2021-11-12
P00592,Adidas Product 592,Fashion,Adidas,287.05,400.89,2022-11-15
P00593,HarperCollins Product 593,Books,HarperCollins,132.38,245.87,2022-11-28
P00594,Under Armour Product 594,Sports,Under Armour,88.28,162.08,2024-08-08
P00595,Nike Product 595,Fashion,Nike,361.56,575.12,2024-02-24
P00596,Penguin Product 596,Books,Penguin,264.35,494.67,2023-01-27
P00597,Sony Product 597,Electronics,Sony,29.01,34.96,2025-05-12
P00598,Puma Product 598,Fashion,Puma,119.56,211.11,2025-06-01
P00599,Samsung Product 599,Electronics,Samsung,255.34,382.64,2022-04-19
P00600,HarperCollins Product 600,Books,HarperCollins,331.35,401.79,2022-05-28
P00601,HarperCollins Product 601,Books,HarperCollins,10.87,17.65,2024-11-02
P00602,Bosch Product 602,Home,Bosch,488.85,593.32,2022-09-19
P00603,Wilson Product 603,Sports,Wilson,57.97,74.03,2022-10-15
P00604,Nike Product 604,Fashion,Nike,100.01,162.13,2022-11-09
P00605,Philips Product 605,Home,Philips,398.49,503.38,2024-12-06
P00606,Under Armour Product 606,Sports,Under Armour,284.68,567.14,2021-11-16
P00607,Adidas Product 607,Fashion,Adidas,343.6,645.38,2022-07-02
P00608,Samsung Product 608,Electronics,Samsung,205.61,308.77,2024-09-12
P00609,Wilson Product 609,Sports,Wilson,320.19,564.26,2021-09-26
P00610,Apple Product 610,Electronics,Apple,423.44,726.59,2025-03-22
P00611,Bosch Product 611,Home,Bosch,488.78,967.33,2024-05-14
P00612,Penguin Product 612,Books,Penguin,118.73,228.08,2023-06-08
P00613,HarperCollins Product 613,Books,HarperCollins,139.19,269.93,2022-08-19
P00614,Bosch Product 614,Home,Bosch,283.94,348.2,2021-12-07
P00615,Ikea Product 615,Home,Ikea,480.93,802.97,2025-10-09
P00616,Wilson Product 616,Sports,Wilson,153.14,252.86,2026-04-17
P00617,HarperCollins Product 617,Books,HarperCollins,340.13,555.25,2025-09-09
P00618,Reebok Product 618,Sports,Reebok,74.28,147.88,2024-02-21
P00619,Sony Product 619,Electronics,Sony,374.0,552.28,2023-06-23
P00620,Apple Product 620,Electronics,Apple,119.91,151.18,2023-09-03
P00621,HarperCollins Product 621,Books,HarperCollins,484.62,708.08,2022-02-14
P00622,Philips Product 622,Home,Philips,247.85,367.97,2023-04-02
P00623,Under Armour Product 623,Sports,Under Armour,96.94,161.76,2021-09-26
P00624,Wilson Product 624,Sports,Wilson,387.22,556.17,2025-04-28
P00625,Puma Product 625,Fashion,Puma,41.39,58.54,2022-10-09
P00626,Reebok Product 626,Sports,Reebok,393.03,520.14,2026-06-26
P00627,Under Armour Product 627,Sports,Under Armour,183.55,233.7,2026-04-07
P00628,Philips Product 628,Home,Philips,183.16,259.32,2026-04-22
P00629,Nike Product 629,Fashion,Nike,97.76,152.42,2025-03-09
P00630,HarperCollins Product 630,Books,HarperCollins,56.13,71.38,2024-06-06
P00631,Penguin Product 631,Books,Penguin,300.48,549.14,2023-01-24
P00632,Wilson Product 632,Sports,Wilson,149.46,225.72,2026-01-06
P00633,Sony Product 633,Electronics,Sony,451.06,867.91,2024-05-21
P00634,Puma Product 634,Fashion,Puma,262.95,459.7,2022-11-06
P00635,Nike Product 635,Fashion,Nike,138.11,195.39,2023-06-03
P00636,Nike Product 636,Fashion,Nike,87.77,124.7,2022-10-31
P00637,Philips Product 637,Home,Philips,392.42,584.27,2024-03-14
P00638,Puma Product 638,Fashion,Puma,314.39,526.62,2026-05-18
P00639,Adidas Product 639,Fashion,Adidas,57.95,83.66,2023-10-21
P00640,Under Armour Product 640,Sports,Under Armour,421.6,634.05,2025-11-02
P00641,Philips Product 641,Home,Philips,170.69,316.18,2024-09-17
P00642,Penguin Product 642,Books,Penguin,153.72,258.64,2025-04-18
P00643,Adidas Product 643,Fashion,Adidas,160.52,316.49,2024-05-27
P00644,Philips Product 644,Home,Philips,368.76,629.22,2022-01-28
P00645,Penguin Product 645,Books,Penguin,166.31,236.87,2025-11-15
P00646,Under Armour Product 646,Sports,Under Armour,61.37,101.33,2023-11-20
P00647,Penguin Product 647,Books,Penguin,342.45,561.65,2023-03-01
P00648,Reebok Product 648,Sports,Reebok,108.78,199.95,2023-12-04
P00649,Apple Product 649,Electronics,Apple,338.12,443.39,2023-07-03
P00650,Ikea Product 650,Home,Ikea,130.08,172.14,2024-05-17
P00651,Under Armour Product 651,Sports,Under Armour,41.61,82.91,2023-07-22
P00652,Reebok Product 652,Sports,Reebok,203.4,326.52,2024-06-13
P00653,Reebok Product 653,Sports,Reebok,23.2,45.81,2025-02-13
P00654,Penguin Product 654,Books,Penguin,59.14,82.71,2022-11-21
P00655,Ikea Product 655,Home,Ikea,325.26,401.84,2023-07-25
P00656,Under Armour Product 656,Sports,Under Armour,483.03,745.97,2025-07-26
P00657,Samsung Product 657,Electronics,Samsung,133.08,214.06,2024-02-18
P00658,Penguin Product 658,Books,Penguin,225.66,341.4,2023-07-29
P00659,Penguin Product 659,Books,Penguin,175.76,214.37,2024-05-03
P00660,Apple Product 660,Electronics,Apple,210.91,415.36,2025-05-02
P00661,Sony Product 661,Electronics,Sony,75.13,108.9,2025-05-14
P00662,Wilson Product 662,Sports,Wilson,262.95,388.81,2021-10-30
P00663,Apple Product 663,Electronics,Apple,362.39,566.04,2026-06-06
P00664,Apple Product 664,Electronics,Apple,27.12,47.97,2023-03-26
P00665,Apple Product 665,Electronics,Apple,325.75,567.36,2025-01-11
P00666,Puma Product 666,Fashion,Puma,125.74,168.44,2023-02-16
P00667,Adidas Product 667,Fashion,Adidas,282.13,554.88,2026-08-05
P00668,Adidas Product 668,Fashion,Adidas,316.73,427.3,2024-11-09
P00669,Under Armour Product 669,Sports,Under Armour,19.45,32.9,2023-06-21
P00670,Adidas Product 670,Fashion,Adidas,298.14,450.51,2021-10-04
P00671,Nike Product 671,Fashion,Nike,142.78,251.72,2025-11-08
P00672,Sony Product 672,Electronics,Sony,55.37,105.07,2024-04-03
P00673,Adidas Product 673,Fashion,Adidas,166.36,260.53,2026-02-20
P00674,Bosch Product 674,Home,Bosch,432.01,700.79,2025-05-07
P00675,Bosch Product 675,Home,Bosch,197.38,298.84,2021-08-26
P00676,Apple Product 676,Electronics,Apple,179.23,280.73,2022-08-19
P00677,Puma Product 677,Fashion,Puma,354.46,509.7,2025-06-04
P00678,Penguin Product 678,Books,Penguin,337.69,489.84,2025-05-06
P00679,Adidas Product 679,Fashion,Adidas,62.89,94.25,2021-11-20
P00680,Puma Product 680,Fashion,Puma,197.29,330.88,2026-05-23
P00681,HarperCollins Product 681,Books,HarperCollins,214.4,340.75,2022-10-16
P00682,Penguin Product 682,Books,Penguin,279.68,445.17,2024-01-16
P00683,Nike Product 683,Fashion,Nike,160.72,250.85,2025-04-14
P00684,Apple Product 684,Electronics,Apple,476.16,755.99,2023-07-30
P00685,Adidas Product 685,Fashion,Adidas,482.1,773.46,2022-11-19
P00686,Under Armour Product 686,Sports,Under Armour,343.92,527.06,2026-08-25
P00687,Under Armour Product 687,Sports,Under Armour,87.79,145.06,2022-05-18
P00688,Adidas Product 688,Fashion,Adidas,21.18,29.23,2022-11-13
P00689,Ikea Product 689,Home,Ikea,391.47,646.91,2026-02-14
P00690,Reebok Product 690,Sports,Reebok,257.85,427.56,2023-04-06
P00691,Bosch Product 691,Home,Bosch,412.52,616.09,2024-12-19
P00692,Sony Product 692,Electronics,Sony,223.48,307.25,2024-01-02
P00693,Wilson Product 693,Sports,Wilson,369.31,636.3,2024-06-12
P00694,Adidas Product 694,Fashion,Adidas,438.03,536.93,2023-01-20
P00695,Philips Product 695,Home,Philips,431.79,548.19,2025-07-13
P00696,Samsung Product 696,Electronics,Samsung,108.89,194.92,2025-01-19
P00697,Bosch Product 697,Home,Bosch,307.08,473.68,2024-05-17
P00698,Penguin Product 698,Books,Penguin,393.5,728.3,2024-09-11
P00699,Sony Product 699,Electronics,Sony,178.65,254.55,2021-11-28
P00700,Penguin Product 700,Books,Penguin,165.21,291.31,2023-07-25
P00701,Bosch Product 701,Home,Bosch,137.33,259.06,2023-01-03
P00702,Samsung Product 702,Electronics,Samsung,481.57,880.58,2024-11-05
P00703,Apple Product 703,Electronics,Apple,434.19,565.1,2023-05-03
P00704,Nike Product 704,Fashion,Nike,77.39,112.81,2024-07-16
P00705,Puma Product 705,Fashion,Puma,199.39,261.95,2024-01-29
P00706,Bosch Product 706,Home,Bosch,210.04,328.0,2025-11-19
P00707,Apple Product 707,Electronics,Apple,260.23,370.2,2023-07-25
P00708,Philips Product 708,Home,Philips,475.38,694.93,2022-09-18
P00709,Sony Product 709,Electronics,Sony,51.11,101.08,2026-06-04
P00710,Ikea Product 710,Home,Ikea,398.86,605.54,2023-09-13
P00711,Wilson Product 711,Sports,Wilson,249.88,364.4,2023-09-14
P00712,Philips Product 712,Home,Philips,275.92,359.93,2022-03-30
P00713,Under Armour Product 713,Sports,Under Armour,447.61,810.09,2024-11-29
P00714,Samsung Product 714,Electronics,Samsung,314.96,588.77,2026-05-25
P00715,Samsung Product 715,Electronics,Samsung,465.07,616.86,2023-12-06
P00716,Wilson Product 716,Sports,Wilson,495.96,764.89,2025-02-12
P00717,Puma Product 717,Fashion,Puma,154.42,293.33,2026-08-08
P00718,Ikea Product 718,Home,Ikea,329.02,460.73,2022-04-25
P00719,Bosch Product 719,Home,Bosch,452.38,602.76,2021-12-12
P00720,Reebok Product 720,Sports,Reebok,156.23,274.89,2021-12-16
P00721,Adidas Product 721,Fashion,Adidas,329.47,580.84,2021-09-23
P00722,Samsung Product 722,Electronics,Samsung,241.02,314.81,2021-09-03
P00723,Puma Product 723,Fashion,Puma,341.59,412.45,2025-09-20
P00724,Ikea Product 724,Home,Ikea,494.14,759.91,2021-11-12
P00725,Adidas Product 725,Fashion,Adidas,40.06,60.35,2025-05-10
P00726,Samsung Product 726,Electronics,Samsung,160.11,304.98,2024-04-19
P00727,Adidas Product 727,Fashion,Adidas,387.86,699.13,2022-10-27
P00728,Puma Product 728,Fashion,Puma,496.51,652.55,2025-09-30
P00729,Penguin Product 729,Books,Penguin,307.11,408.85,2024-03-18
P00730,Bosch Product 730,Home,Bosch,110.46,198.68,2025-11-20
P00731,Reebok Product 731,Sports,Reebok,344.85,651.07,2024-06-17
P00732,Samsung Product 732,Electronics,Samsung,74.31,96.49,2024-12-22
P00733,Under Armour Product 733,Sports,Under Armour,481.81,699.4,2026-03-20
P00734,Nike Product 734,Fashion,Nike,142.1,180.1,2026-03-04
P00735,HarperCollins Product 735,Books,HarperCollins,390.59,684.46,2026-04-05
P00736,Ikea Product 736,Home,Ikea,261.29,420.05,2024-06-11
P00737,Under Armour Product 737,Sports,Under Armour,324.85,593.51,2026-01-02
P00738,Adidas Product 738,Fashion,Adidas,196.01,273.02,2024-06-03
P00739,Penguin Product 739,Books,Penguin,266.5,528.24,2025-11-06
P00740,Philips Product 740,Home,Philips,70.33,132.83,2024-08-05
P00741,HarperCollins Product 741,Books,HarperCollins,185.88,324.61,2021-10-16
P00742,Wilson Product 742,Sports,Wilson,13.26,16.63,2023-09-29
P00743,Ikea Product 743,Home,Ikea,24.71,30.85,2021-10-23
P00744,Reebok Product 744,Sports,Reebok,146.81,259.87,2026-05-02
P00745,Under Armour Product 745,Sports,Under Armour,352.4,446.12,2023-02-14
P00746,Penguin Product 746,Books,Penguin,142.35,206.11,2024-04-09
P00747,Penguin Product 747,Books,Penguin,487.29,645.32,2025-02-05
P00748,Philips Product 748,Home,Philips,295.29,534.65,2026-08-16
P00749,Apple Product 749,Electronics,Apple,350.84,625.89,2023-11-27
P00750,Nike Product 750,Fashion,Nike,126.02,244.44,2024-09-02
P00751,Apple Product 751,Electronics,Apple,308.09,383.27,2023-02-26
P00752,Nike Product 752,Fashion,Nike,11.27,14.76,2021-09-24
P00753,Samsung Product 753,Electronics,Samsung,250.72,370.4,2026-02-02
P00754,HarperCollins Product 754,Books,HarperCollins,87.65,114.08,2021-12-08
P00755,Bosch Product 755,Home,Bosch,443.78,806.41,2025-03-01
P00756,Apple Product 756,Electronics,Apple,404.52,573.44,2026-01-26
P00757,Apple Product 757,Electronics,Apple,357.6,594.09,2023-01-27
P00758,Apple Product 758,Electronics,Apple,230.32,342.74,2024-02-03
P00759,Reebok Product 759,Sports,Reebok,87.61,116.16,2022-09-03
P00760,Sony Product 760,Electronics,Sony,338.69,437.68,2024-03-21
P00761,Penguin Product 761,Books,Penguin,26.8,50.66,2022-02-25
P00762,Nike Product 762,Fashion,Nike,238.52,359.3,2025-10-13
P00763,Nike Product 763,Fashion,Nike,465.92,878.72,2025-09-28
P00764,HarperCollins Product 764,Books,HarperCollins,116.14,162.43,2024-06-16
P00765,Philips Product 765,Home,Philips,413.87,685.88,2021-11-01
P00766,Sony Product 766,Electronics,Sony,338.3,420.22,2025-09-02
P00767,Puma Product 767,Fashion,Puma,490.8,963.57,2022-08-19
P00768,Apple Product 768,Electronics,Apple,433.69,788.8,2022-11-20
P00769,Philips Product 769,Home,Philips,47.76,74.76,2022-04-25
P00770,Ikea Product 770,Home,Ikea,149.34,272.93,2026-01-26
P00771,Penguin Product 771,Books,Penguin,234.64,392.64,2025-09-27
P00772,Wilson Product 772,Sports,Wilson,367.57,601.8,2024-01-24
P00773,Nike Product 773,Fashion,Nike,8.16,12.47,2024-03-14
P00774,Puma Product 774,Fashion,Puma,176.48,330.31,2025-07-10
P00775,Apple Product 775,Electronics,Apple,5.72,9.87,2026-06-12
P00776,Ikea Product 776,Home,Ikea,106.57,211.7,2023-06-16
P00777,Under Armour Product 777,Sports,Under Armour,480.79,951.03,2025-02-16
P00778,Puma Product 778,Fashion,Puma,143.51,177.25,2023-11-01
P00779,Puma Product 779,Fashion,Puma,209.46,401.42,2022-01-07
P00780,Reebok Product 780,Sports,Reebok,47.03,60.03,2024-02-27
P00781,Puma Product 781,Fashion,Puma,410.88,517.65,2022-03-27
P00782,Penguin Product 782,Books,Penguin,220.32,434.33,2022-02-23
P00783,Adidas Product 783,Fashion,Adidas,134.19,194.84,2025-12-27
P00784,Reebok Product 784,Sports,Reebok,416.79,608.93,2025-10-21
P00785,Under Armour Product 785,Sports,Under Armour,120.64,235.83,2025-01-22
P00786,Puma Product 786,Fashion,Puma,58.94,75.71,2023-01-02
P00787,Under Armour Product 787,Sports,Under Armour,160.45,208.04,2021-11-29
P00788,Ikea Product 788,Home,Ikea,228.7,359.21,2021-10-04
P00789,Samsung Product 789,Electronics,Samsung,83.02,145.19,2023-05-02
P00790,Penguin Product 790,Books,Penguin,111.44,210.09,2022-10-07
P00791,Nike Product 791,Fashion,Nike,357.02,705.01,2023-10-01
P00792,Reebok Product 792,Sports,Reebok,29.23,42.06,2023-07-13
P00793,Nike Product 793,Fashion,Nike,476.29,897.18,2023-02-09
P00794,Penguin Product 794,Books,Penguin,51.89,66.5,2024-05-27
P00795,Nike Product 795,Fashion,Nike,10.92,20.36,2024-12-15
P00796,Nike Product 796,Fashion,Nike,103.08,156.73,2026-07-10
P00797,Sony Product 797,Electronics,Sony,295.13,570.76,2022-01-17
P00798,Samsung Product 798,Electronics,Samsung,498.59,677.19,2021-10-04
P00799,Wilson Product 799,Sports,Wilson,50.53,94.89,2023-07-30
P00800,Ikea Product 800,Home,Ikea,26.13,40.99,2023-11-10
P00801,Puma Product 801,Fashion,Puma,219.41,390.45,2024-01-03
P00802,Wilson Product 802,Sports,Wilson,194.45,299.71,2023-04-28
P00803,Ikea Product 803,Home,Ikea,454.61,645.54,2025-12-29
P00804,Wilson Product 804,Sports,Wilson,22.15,37.55,2022-05-09
P00805,Puma Product 805,Fashion,Puma,151.08,231.09,2025-08-09
P00806,HarperCollins Product 806,Books,HarperCollins,35.18,50.09,2025-09-04
P00807,Adidas Product 807,Fashion,Adidas,103.73,197.89,2023-05-22
P00808,Penguin Product 808,Books,Penguin,317.22,584.24,2022-05-26
P00809,Apple Product 809,Electronics,Apple,392.05,583.09,2025-08-22
P00810,HarperCollins Product 810,Books,HarperCollins,175.3,289.69,2025-10-10
P00811,Philips Product 811,Home,Philips,138.87,169.54,2024-07-31
P00812,Penguin Product 812,Books,Penguin,19.51,36.07,2022-10-12
P00813,Ikea Product 813,Home,Ikea,405.28,639.27,2025-11-03
P00814,Bosch Product 814,Home,Bosch,499.8,989.2,2024-12-12
P00815,Samsung Product 815,Electronics,Samsung,330.15,466.58,2026-04-26
P00816,Samsung Product 816,Electronics,Samsung,289.97,575.92,2024-08-02
P00817,Under Armour Product 817,Sports,Under Armour,467.93,932.69,2026-05-07
P00818,Nike Product 818,Fashion,Nike,122.09,177.57,2022-08-16
P00819,Bosch Product 819,Home,Bosch,18.96,33.38,2023-01-05
P00820,Penguin Product 820,Books,Penguin,283.74,383.22,2026-02-05
P00821,Reebok Product 821,Sports,Reebok,157.98,251.56,2023-02-02
P00822,Samsung Product 822,Electronics,Samsung,120.15,165.21,2021-12-29
P00823,HarperCollins Product 823,Books,HarperCollins,5.34,10.33,2025-11-09
P00824,Nike Product 824,Fashion,Nike,173.68,233.07,2024-07-09
P00825,Ikea Product 825,Home,Ikea,15.85,26.46,2024-04-27
P00826,Nike Product 826,Fashion,Nike,424.01,800.76,2026-08-23
P00827,Apple Product 827,Electronics,Apple,353.75,611.89,2022-10-14
P00828,Penguin Product 828,Books,Penguin,171.6,250.21,2021-11-11
P00829,Puma Product 829,Fashion,Puma,474.6,870.17,2023-08-30
P00830,Reebok Product 830,Sports,Reebok,162.06,286.16,2024-01-20
P00831,HarperCollins Product 831,Books,HarperCollins,115.5,193.02,2025-10-28
P00832,Adidas Product 832,Fashion,Adidas,156.88,274.67,2023-04-01
P00833,Nike Product 833,Fashion,Nike,365.77,716.55,2021-10-08
P00834,HarperCollins Product 834,Books,HarperCollins,426.12,774.12,2022-04-29
P00835,Penguin Product 835,Books,Penguin,95.13,138.37,2023-06-26
P00836,Penguin Product 836,Books,Penguin,321.63,412.74,2022-03-13
P00837,Wilson Product 837,Sports,Wilson,168.93,213.23,2022-09-06
P00838,Philips Product 838,Home,Philips,88.1,168.12,2021-10-16
P00839,Sony Product 839,Electronics,Sony,336.66,600.41,2024-12-07
P00840,Philips Product 840,Home,Philips,10.64,14.55,2022-03-03
P00841,Apple Product 841,Electronics,Apple,132.05,169.87,2024-01-06
P00842,Samsung Product 842,Electronics,Samsung,196.04,350.14,2025-04-16
P00843,Adidas Product 843,Fashion,Adidas,249.08,374.36,2024-05-26
P00844,HarperCollins Product 844,Books,HarperCollins,55.21,87.43,2022-01-09
P00845,Penguin Product 845,Books,Penguin,85.51,107.65,2023-08-12
P00846,Apple Product 846,Electronics,Apple,14.94,21.05,2023-10-09
P00847,Samsung Product 847,Electronics,Samsung,174.2,332.78,2023-08-21
P00848,Puma Product 848,Fashion,Puma,42.13,82.3,2021-09-03
P00849,Apple Product 849,Electronics,Apple,299.05,505.67,2023-05-05
P00850,Reebok Product 850,Sports,Reebok,20.34,39.74,2023-09-30
P00851,Puma Product 851,Fashion,Puma,445.43,590.5,2024-07-13
P00852,Apple Product 852,Electronics,Apple,106.75,144.32,2022-08-04
P00853,HarperCollins Product 853,Books,HarperCollins,332.0,477.39,2024-07-24
P00854,Samsung Product 854,Electronics,Samsung,199.49,327.11,2023-10-18
P00855,Wilson Product 855,Sports,Wilson,31.98,38.47,2024-04-23
P00856,Apple Product 856,Electronics,Apple,412.83,701.84,2025-09-08
P00857,Wilson Product 857,Sports,Wilson,53.01,72.39,2026-08-01
P00858,Ikea Product 858,Home,Ikea,239.42,309.43,2025-06-26
P00859,Under Armour Product 859,Sports,Under Armour,247.1,427.19,2025-07-15
P00860,Sony Product 860,Electronics,Sony,274.34,369.78,2024-10-05
P00861,Under Armour Product 861,Sports,Under Armour,97.36,120.31,2023-11-30
P00862,Under Armour Product 862,Sports,Under Armour,135.38,253.11,2024-02-02
P00863,Penguin Product 863,Books,Penguin,79.81,140.24,2022-04-03
P00864,Samsung Product 864,Electronics,Samsung,335.73,619.94,2026-06-27
P00865,Reebok Product 865,Sports,Reebok,117.62,146.88,2021-10-13
P00866,Reebok Product 866,Sports,Reebok,212.22,345.58,2024-05-14
P00867,Reebok Product 867,Sports,Reebok,441.42,697.89,2023-04-29
P00868,Apple Product 868,Electronics,Apple,451.87,800.46,2026-01-17
P00869,Penguin Product 869,Books,Penguin,64.54,116.54,2026-03-09
P00870,Nike Product 870,Fashion,Nike,486.22,897.94,2023-06-04
P00871,Nike Product 871,Fashion,Nike,214.57,427.13,2022-06-17
P00872,Wilson Product 872,Sports,Wilson,498.65,848.59,2025-12-05
P00873,HarperCollins Product 873,Books,HarperCollins,163.28,290.91,2023-10-28
P00874,Samsung Product 874,Electronics,Samsung,197.11,299.19,2022-11-20
P00875,Philips Product 875,Home,Philips,262.25,507.12,2022-04-08
P00876,Sony Product 876,Electronics,Sony,313.41,507.11,2022-06-11
P00877,Wilson Product 877,Sports,Wilson,210.15,277.1,2025-09-25
P00878,Penguin Product 878,Books,Penguin,462.84,763.75,2026-05-29
P00879,Apple Product 879,Electronics,Apple,434.4,827.14,2025-01-01
P00880,Under Armour Product 880,Sports,Under Armour,194.61,309.13,2025-08-17
P00881,HarperCollins Product 881,Books,HarperCollins,23.55,33.45,2022-06-17
P00882,Puma Product 882,Fashion,Puma,306.28,537.5,2023-12-30
P00883,Apple Product 883,Electronics,Apple,445.34,652.51,2023-05-03
P00884,Nike Product 884,Fashion,Nike,374.15,724.6,2025-08-19
P00885,Ikea Product 885,Home,Ikea,172.24,316.05,2024-12-25
P00886,Philips Product 886,Home,Philips,422.21,796.54,2023-05-24
P00887,Samsung Product 887,Electronics,Samsung,71.52,141.56,2022-02-20
P00888,Under Armour Product 888,Sports,Under Armour,138.36,212.16,2025-02-11
P00889,Samsung Product 889,Electronics,Samsung,223.65,431.81,2021-12-13
P00890,Reebok Product 890,Sports,Reebok,244.81,394.93,2022-04-03
P00891,Ikea Product 891,Home,Ikea,260.06,345.15,2026-01-11
P00892,Bosch Product 892,Home,Bosch,255.86,334.8,2022-12-15
P00893,Penguin Product 893,Books,Penguin,91.0,172.91,2022-03-25
P00894,Nike Product 894,Fashion,Nike,128.5,201.12,2026-07-28
P00895,Bosch Product 895,Home,Bosch,103.56,154.79,2024-12-03
P00896,Reebok Product 896,Sports,Reebok,201.49,390.58,2026-01-10
P00897,Samsung Product 897,Electronics,Samsung,189.37,317.24,2023-12-07
P00898,Adidas Product 898,Fashion,Adidas,295.51,437.3,2025-08-16
P00899,Adidas Product 899,Fashion,Adidas,375.74,657.95,2024-04-28
P00900,Ikea Product 900,Home,Ikea,196.35,261.21,2024-03-18
P00901,Penguin Product 901,Books,Penguin,429.27,737.44,2024-09-30
P00902,Adidas Product 902,Fashion,Adidas,327.54,527.54,2025-04-28
P00903,Apple Product 903,Electronics,Apple,456.2,783.7,2023-02-21
P00904,Penguin Product 904,Books,Penguin,115.77,195.27,2023-06-25
P00905,Bosch Product 905,Home,Bosch,483.68,829.12,2022-05-27
P00906,Under Armour Product 906,Sports,Under Armour,426.54,668.47,2025-01-23
P00907,Adidas Product 907,Fashion,Adidas,154.56,249.85,2022-10-05
P00908,HarperCollins Product 908,Books,HarperCollins,294.32,354.91,2025-03-01
P00909,Bosch Product 909,Home,Bosch,325.43,549.08,2023-12-02
P00910,Bosch Product 910,Home,Bosch,58.51,73.2,2026-03-14
P00911,Bosch Product 911,Home,Bosch,165.94,235.89,2024-02-15
P00912,Ikea Product 912,Home,Ikea,79.22,143.58,2023-05-14
P00913,Sony Product 913,Electronics,Sony,205.03,298.46,2025-03-14
P00914,Puma Product 914,Fashion,Puma,17.6,28.12,2023-08-26
P00915,Philips Product 915,Home,Philips,453.92,691.63,2025-08-13
P00916,Sony Product 916,Electronics,Sony,355.49,589.27,2025-07-22
P00917,Adidas Product 917,Fashion,Adidas,364.64,502.43,2025-10-07
P00918,HarperCollins Product 918,Books,HarperCollins,453.73,788.35,2023-04-18
P00919,HarperCollins Product 919,Books,HarperCollins,423.48,792.97,2025-10-28
P00920,Penguin Product 920,Books,Penguin,150.42,237.16,2021-10-01
P00921,Bosch Product 921,Home,Bosch,405.13,733.42,2021-09-27
P00922,Puma Product 922,Fashion,Puma,450.3,776.11,2022-09-28
P00923,Adidas Product 923,Fashion,Adidas,115.55,219.22,2024-06-28
P00924,Under Armour Product 924,Sports,Under Armour,188.98,315.3,2026-01-14
P00925,Wilson Product 925,Sports,Wilson,237.92,450.41,2025-02-25
P00926,Penguin Product 926,Books,Penguin,238.75,323.66,2021-12-21
P00927,Sony Product 927,Electronics,Sony,193.93,279.0,2023-09-01
P00928,Samsung Product 928,Electronics,Samsung,73.0,99.3,2022-04-05
P00929,Reebok Product 929,Sports,Reebok,446.96,889.15,2024-08-18
P00930,Adidas Product 930,Fashion,Adidas,431.89,580.58,2022-07-27
P00931,Apple Product 931,Electronics,Apple,169.65,337.49,2026-04-30
P00932,Bosch Product 932,Home,Bosch,33.72,52.66,2026-02-26
P00933,Nike Product 933,Fashion,Nike,290.26,385.1,2025-02-10
P00934,Samsung Product 934,Electronics,Samsung,309.17,527.69,2021-10-09
P00935,Under Armour Product 935,Sports,Under Armour,482.84,727.47,2023-01-05
P00936,Sony Product 936,Electronics,Sony,103.71,155.41,2023-05-25
P00937,Apple Product 937,Electronics,Apple,379.64,616.85,2023-11-18
P00938,Sony Product 938,Electronics,Sony,7.04,12.58,2024-11-09
P00939,Puma Product 939,Fashion,Puma,439.11,636.57,2025-05-30
P00940,Apple Product 940,Electronics,Apple,254.15,367.22,2026-04-08
P00941,Samsung Product 941,Electronics,Samsung,152.61,218.64,2023-05-12
P00942,HarperCollins Product 942,Books,HarperCollins,219.66,384.28,2023-09-28
P00943,Adidas Product 943,Fashion,Adidas,498.09,793.03,2023-12-07
P00944,Nike Product 944,Fashion,Nike,474.3,917.56,2026-05-08
P00945,Wilson Product 945,Sports,Wilson,118.07,210.37,2024-05-27
P00946,Nike Product 946,Fashion,Nike,368.37,615.82,2021-10-02
P00947,Nike Product 947,Fashion,Nike,186.46,320.79,2025-07-10
P00948,Apple Product 948,Electronics,Apple,438.89,616.48,2024-01-21
P00949,Penguin Product 949,Books,Penguin,298.99,370.26,2024-10-18
P00950,Sony Product 950,Electronics,Sony,418.88,518.82,2024-01-20
P00951,Apple Product 951,Electronics,Apple,224.94,292.17,2023-01-08
P00952,Philips Product 952,Home,Philips,352.42,480.84,2025-11-15
P00953,Apple Product 953,Electronics,Apple,213.33,273.23,2026-01-15
P00954,HarperCollins Product 954,Books,HarperCollins,313.28,551.55,2024-02-10
P00955,Wilson Product 955,Sports,Wilson,258.23,437.48,2025-08-19
P00956,Ikea Product 956,Home,Ikea,393.46,628.82,2026-01-14
P00957,Penguin Product 957,Books,Penguin,390.09,727.6,2024-01-27
P00958,Adidas Product 958,Fashion,Adidas,353.2,507.29,2021-10-02
P00959,Sony Product 959,Electronics,Sony,250.7,342.5,2021-11-27
P00960,Under Armour Product 960,Sports,Under Armour,121.08,146.53,2023-05-16
P00961,Samsung Product 961,Electronics,Samsung,418.44,726.08,2025-02-27
P00962,Nike Product 962,Fashion,Nike,390.87,492.51,2026-06-06
P00963,Apple Product 963,Electronics,Apple,323.95,507.11,2022-04-15
P00964,Philips Product 964,Home,Philips,234.82,300.53,2026-04-13
P00965,Nike Product 965,Fashion,Nike,426.86,635.24,2025-10-15
P00966,Philips Product 966,Home,Philips,370.58,472.86,2024-09-01
P00967,Samsung Product 967,Electronics,Samsung,426.74,738.55,2026-06-11
P00968,Adidas Product 968,Fashion,Adidas,181.98,282.1,2025-05-09
P00969,HarperCollins Product 969,Books,HarperCollins,439.85,560.53,2025-12-02
P00970,Ikea Product 970,Home,Ikea,61.35,93.26,2025-10-04
P00971,Under Armour Product 971,Sports,Under Armour,418.68,733.49,2025-07-28
P00972,Under Armour Product 972,Sports,Under Armour,326.18,599.36,2023-02-01
P00973,Samsung Product 973,Electronics,Samsung,349.6,435.92,2022-01-05
P00974,Nike Product 974,Fashion,Nike,210.93,352.8,2022-09-21
P00975,HarperCollins Product 975,Books,HarperCollins,94.72,142.44,2024-03-03
P00976,Bosch Product 976,Home,Bosch,19.26,33.66,2021-10-04
P00977,Adidas Product 977,Fashion,Adidas,460.6,594.34,2026-05-14
P00978,Under Armour Product 978,Sports,Under Armour,27.76,39.12,2024-06-21
P00979,Ikea Product 979,Home,Ikea,353.76,616.37,2024-12-18
P00980,Penguin Product 980,Books,Penguin,489.06,848.95,2023-07-05
P00981,Bosch Product 981,Home,Bosch,263.94,464.66,2025-05-01
P00982,Apple Product 982,Electronics,Apple,332.55,465.19,2021-09-29
P00983,Bosch Product 983,Home,Bosch,339.77,512.34,2025-03-26
P00984,Penguin Product 984,Books,Penguin,10.76,20.96,2024-06-19
P00985,HarperCollins Product 985,Books,HarperCollins,426.68,808.79,2022-04-05
P00986,Apple Product 986,Electronics,Apple,163.71,239.79,2025-11-17
P00987,Ikea Product 987,Home,Ikea,255.93,419.83,2022-09-08
P00988,Under Armour Product 988,Sports,Under Armour,409.47,517.19,2022-02-03
P00989,Reebok Product 989,Sports,Reebok,226.81,427.6,2023-07-03
P00990,Under Armour Product 990,Sports,Under Armour,63.76,101.88,2023-04-01
P00991,Samsung Product 991,Electronics,Samsung,204.7,251.51,2025-08-03
P00992,Penguin Product 992,Books,Penguin,413.82,758.71,2022-06-20
P00993,HarperCollins Product 993,Books,HarperCollins,445.6,735.18,2023-04-16
P00994,Under Armour Product 994,Sports,Under Armour,184.85,229.85,2025-03-31
P00995,Adidas Product 995,Fashion,Adidas,169.33,307.15,2025-06-22
P00996,HarperCollins Product 996,Books,HarperCollins,359.75,536.26,2025-06-07
P00997,Wilson Product 997,Sports,Wilson,53.23,91.94,2023-10-02
P00998,Apple Product 998,Electronics,Apple,180.79,308.6,2022-02-27
P00999,Bosch Product 999,Home,Bosch,263.38,463.99,2026-05-13
P01000,Samsung Product 1000,Electronics,Samsung,248.75,462.05,2024-12-26
P01001,Wilson Product 1001,Sports,Wilson,130.87,177.56,2025-09-28
P01002,Apple Product 1002,Electronics,Apple,111.72,207.76,2022-09-06
P01003,Puma Product 1003,Fashion,Puma,172.28,311.09,2025-02-19
P01004,Sony Product 1004,Electronics,Sony,419.55,701.09,2021-11-08
P01005,Under Armour Product 1005,Sports,Under Armour,330.94,650.28,2025-06-27
P01006,Adidas Product 1006,Fashion,Adidas,7.15,12.79,2024-01-03
P01007,HarperCollins Product 1007,Books,HarperCollins,420.21,666.6,2025-12-17
P01008,Penguin Product 1008,Books,Penguin,347.45,465.21,2022-04-11
P01009,Nike Product 1009,Fashion,Nike,196.77,330.66,2021-12-05
P01010,Bosch Product 1010,Home,Bosch,441.29,677.35,2021-11-10
P01011,Penguin Product 1011,Books,Penguin,140.43,276.77,2023-06-20
P01012,Philips Product 1012,Home,Philips,403.37,528.63,2026-02-13
P01013,HarperCollins Product 1013,Books,HarperCollins,422.32,691.86,2023-04-02
P01014,Bosch Product 1014,Home,Bosch,369.73,607.42,2025-04-27
P01015,Nike Product 1015,Fashion,Nike,108.81,192.76,2026-03-08
P01016,Bosch Product 1016,Home,Bosch,70.67,124.97,2024-08-20
P01017,Puma Product 1017,Fashion,Puma,273.53,467.6,2023-12-03
P01018,Apple Product 1018,Electronics,Apple,283.33,472.1,2026-06-12
P01019,Reebok Product 1019,Sports,Reebok,375.2,702.79,2024-02-29
P01020,Philips Product 1020,Home,Philips,405.11,655.54,2026-08-11
P01021,Apple Product 1021,Electronics,Apple,76.94,133.58,2025-05-31
P01022,Adidas Product 1022,Fashion,Adidas,376.34,500.06,2023-05-31
P01023,Bosch Product 1023,Home,Bosch,129.03,241.48,2026-01-26
P01024,Ikea Product 1024,Home,Ikea,378.03,463.41,2022-07-17
P01025,Wilson Product 1025,Sports,Wilson,309.97,539.48,2022-04-29
P01026,Penguin Product 1026,Books,Penguin,372.49,614.24,2021-09-06
P01027,Puma Product 1027,Fashion,Puma,393.23,723.17,2022-09-23
P01028,Bosch Product 1028,Home,Bosch,333.92,648.2,2021-10-27
P01029,Under Armour Product 1029,Sports,Under Armour,478.57,947.88,2026-02-17
P01030,Bosch Product 1030,Home,Bosch,31.63,56.77,2021-11-06
P01031,Puma Product 1031,Fashion,Puma,435.08,821.59,2026-01-31
P01032,Wilson Product 1032,Sports,Wilson,456.19,804.58,2025-09-10
P01033,Bosch Product 1033,Home,Bosch,275.57,463.7,2025-06-01
P01034,Adidas Product 1034,Fashion,Adidas,227.16,451.31,2022-02-07
P01035,Samsung Product 1035,Electronics,Samsung,481.43,860.83,2022-10-26
P01036,Apple Product 1036,Electronics,Apple,25.11,35.74,2021-12-24
P01037,Ikea Product 1037,Home,Ikea,84.66,158.89,2024-11-10
P01038,Apple Product 1038,Electronics,Apple,235.83,459.87,2022-07-06
P01039,Samsung Product 1039,Electronics,Samsung,464.67,779.49,2022-11-29
P01040,HarperCollins Product 1040,Books,HarperCollins,247.82,410.92,2022-02-23
P01041,Ikea Product 1041,Home,Ikea,393.1,571.68,2025-11-11
P01042,Nike Product 1042,Fashion,Nike,262.7,480.48,2024-04-22
P01043,Adidas Product 1043,Fashion,Adidas,273.82,416.95,2022-03-21
P01044,Ikea Product 1044,Home,Ikea,442.28,765.44,2024-06-12
P01045,Philips Product 1045,Home,Philips,150.32,294.66,2026-04-27
P01046,HarperCollins Product 1046,Books,HarperCollins,498.33,926.37,2022-12-13
P01047,Samsung Product 1047,Electronics,Samsung,336.12,523.18,2026-03-21
P01048,Penguin Product 1048,Books,Penguin,479.65,837.49,2025-03-30
P01049,Philips Product 1049,Home,Philips,458.39,896.61,2023-12-28
P01050,Under Armour Product 1050,Sports,Under Armour,272.42,388.54,2026-04-12
P01051,HarperCollins Product 1051,Books,HarperCollins,259.58,417.14,2024-02-08
P01052,Wilson Product 1052,Sports,Wilson,151.73,261.16,2025-05-08
P01053,Bosch Product 1053,Home,Bosch,45.76,58.42,2023-09-20
P01054,Penguin Product 1054,Books,Penguin,315.33,431.57,2022-12-05
P01055,Puma Product 1055,Fashion,Puma,214.98,275.85,2026-03-24
P01056,HarperCollins Product 1056,Books,HarperCollins,325.05,634.43,2024-05-18
P01057,Nike Product 1057,Fashion,Nike,232.32,340.44,2024-11-23
P01058,Samsung Product 1058,Electronics,Samsung,31.86,58.47,2022-05-13
P01059,Penguin Product 1059,Books,Penguin,289.61,400.27,2023-09-02
P01060,Philips Product 1060,Home,Philips,197.08,335.86,2025-09-27
P01061,Under Armour Product 1061,Sports,Under Armour,13.36,23.23,2024-04-05
P01062,Penguin Product 1062,Books,Penguin,322.5,546.53,2022-06-14
P01063,Penguin Product 1063,Books,Penguin,351.94,442.77,2025-04-02
P01064,Penguin Product 1064,Books,Penguin,148.47,259.63,2021-11-14
P01065,Penguin Product 1065,Books,Penguin,144.35,280.23,2022-01-03
P01066,Under Armour Product 1066,Sports,Under Armour,411.95,504.5,2024-11-07
P01067,Puma Product 1067,Fashion,Puma,113.83,204.6,2023-12-30
P01068,HarperCollins Product 1068,Books,HarperCollins,480.27,631.68,2024-10-31
P01069,Ikea Product 1069,Home,Ikea,278.99,458.68,2021-10-06
P01070,Samsung Product 1070,Electronics,Samsung,7.49,12.56,2022-10-09
P01071,Penguin Product 1071,Books,Penguin,155.82,280.26,2024-01-18
P01072,Ikea Product 1072,Home,Ikea,209.26,359.25,2023-05-30
P01073,Penguin Product 1073,Books,Penguin,84.67,116.56,2024-02-02
P01074,Ikea Product 1074,Home,Ikea,61.74,107.23,2023-03-22
P01075,Penguin Product 1075,Books,Penguin,426.44,829.81,2022-04-30
P01076,HarperCollins Product 1076,Books,HarperCollins,324.11,407.9,2022-05-27
P01077,Apple Product 1077,Electronics,Apple,53.61,95.45,2025-07-09
P01078,Under Armour Product 1078,Sports,Under Armour,181.78,315.76,2022-10-21
P01079,Nike Product 1079,Fashion,Nike,146.14,183.53,2025-10-17
P01080,Adidas Product 1080,Fashion,Adidas,245.5,359.09,2025-01-07
P01081,Bosch Product 1081,Home,Bosch,294.16,486.08,2023-09-18
P01082,Philips Product 1082,Home,Philips,479.54,640.14,2026-05-08
P01083,Ikea Product 1083,Home,Ikea,393.9,697.11,2021-10-13
P01084,Under Armour Product 1084,Sports,Under Armour,420.85,550.24,2024-03-15
P01085,Philips Product 1085,Home,Philips,234.11,348.12,2022-10-31
P01086,Philips Product 1086,Home,Philips,278.08,372.8,2026-06-30
P01087,Penguin Product 1087,Books,Penguin,421.69,795.72,2024-08-22
P01088,Puma Product 1088,Fashion,Puma,102.23,182.67,2021-11-11
P01089,Sony Product 1089,Electronics,Sony,42.32,51.41,2024-07-11
P01090,Penguin Product 1090,Books,Penguin,407.26,677.32,2026-01-05
P01091,Penguin Product 1091,Books,Penguin,453.62,744.52,2022-08-29
P01092,HarperCollins Product 1092,Books,HarperCollins,328.68,433.5,2023-03-24
P01093,Wilson Product 1093,Sports,Wilson,446.26,746.0,2024-08-07
P01094,Ikea Product 1094,Home,Ikea,235.03,378.01,2024-03-19
P01095,Under Armour Product 1095,Sports,Under Armour,253.57,438.71,2026-03-09
P01096,Penguin Product 1096,Books,Penguin,379.82,498.44,2023-07-10
P01097,Nike Product 1097,Fashion,Nike,285.35,471.58,2026-01-26
P01098,Puma Product 1098,Fashion,Puma,367.34,716.81,2026-07-29
P01099,Samsung Product 1099,Electronics,Samsung,381.93,529.13,2026-06-17
P01100,Philips Product 1100,Home,Philips,120.84,209.64,2022-03-03
P01101,HarperCollins Product 1101,Books,HarperCollins,197.11,381.27,2023-07-21
P01102,Samsung Product 1102,Electronics,Samsung,490.39,715.6,2021-11-17
P01103,HarperCollins Product 1103,Books,HarperCollins,418.26,590.02,2024-12-13
P01104,Penguin Product 1104,Books,Penguin,191.45,287.71,2021-12-08
P01105,Penguin Product 1105,Books,Penguin,260.75,391.4,2022-09-05
P01106,Puma Product 1106,Fashion,Puma,205.89,381.68,2021-12-30
P01107,Philips Product 1107,Home,Philips,397.37,758.87,2023-04-01
P01108,Sony Product 1108,Electronics,Sony,441.61,685.34,2022-09-25
P01109,Nike Product 1109,Fashion,Nike,259.7,369.98,2023-06-20
P01110,Nike Product 1110,Fashion,Nike,82.89,139.39,2026-01-25
P01111,Sony Product 1111,Electronics,Sony,119.02,220.06,2024-06-06
P01112,Apple Product 1112,Electronics,Apple,339.24,537.09,2024-12-20
P01113,Penguin Product 1113,Books,Penguin,325.39,497.43,2021-09-27
P01114,Nike Product 1114,Fashion,Nike,68.3,114.33,2024-06-29
P01115,Puma Product 1115,Fashion,Puma,258.76,494.91,2024-09-14
P01116,Nike Product 1116,Fashion,Nike,87.34,169.26,2021-11-27
P01117,HarperCollins Product 1117,Books,HarperCollins,301.68,498.04,2025-08-11
P01118,Sony Product 1118,Electronics,Sony,365.35,678.47,2022-05-28
P01119,Samsung Product 1119,Electronics,Samsung,227.36,453.41,2025-07-25
P01120,Wilson Product 1120,Sports,Wilson,113.59,173.64,2022-10-15
P01121,Puma Product 1121,Fashion,Puma,411.12,553.16,2024-06-08
P01122,HarperCollins Product 1122,Books,HarperCollins,88.02,153.9,2023-07-19
P01123,Reebok Product 1123,Sports,Reebok,297.35,411.49,2023-09-30
P01124,Wilson Product 1124,Sports,Wilson,58.74,80.0,2022-04-11
P01125,HarperCollins Product 1125,Books,HarperCollins,414.12,697.55,2022-04-22
P01126,Adidas Product 1126,Fashion,Adidas,451.3,758.12,2024-01-05
P01127,Penguin Product 1127,Books,Penguin,51.13,88.33,2024-09-21
P01128,Penguin Product 1128,Books,Penguin,449.0,817.13,2026-04-10
P01129,Reebok Product 1129,Sports,Reebok,213.24,405.13,2022-03-02
P01130,HarperCollins Product 1130,Books,HarperCollins,118.6,218.44,2024-10-31
P01131,Under Armour Product 1131,Sports,Under Armour,296.58,531.8,2021-10-19
P01132,Penguin Product 1132,Books,Penguin,215.62,302.65,2021-10-13
P01133,Nike Product 1133,Fashion,Nike,145.22,276.12,2025-12-26
P01134,Under Armour Product 1134,Sports,Under Armour,98.57,174.2,2022-05-13
P01135,Sony Product 1135,Electronics,Sony,263.66,426.02,2024-12-27
P01136,Reebok Product 1136,Sports,Reebok,106.68,196.66,2026-01-15
P01137,Under Armour Product 1137,Sports,Under Armour,57.76,89.0,2026-06-13
P01138,HarperCollins Product 1138,Books,HarperCollins,134.34,218.82,2026-03-31
P01139,HarperCollins Product 1139,Books,HarperCollins,307.88,613.74,2026-06-29
P01140,Wilson Product 1140,Sports,Wilson,209.55,382.85,2025-12-02
P01141,Wilson Product 1141,Sports,Wilson,188.26,309.49,2022-04-16
P01142,Philips Product 1142,Home,Philips,290.94,529.32,2025-12-13
P01143,Reebok Product 1143,Sports,Reebok,73.34,138.69,2024-09-08
P01144,Sony Product 1144,Electronics,Sony,118.74,216.88,2023-02-04
P01145,Nike Product 1145,Fashion,Nike,111.16,169.01,2021-09-28
P01146,Bosch Product 1146,Home,Bosch,308.94,539.92,2023-09-30
P01147,Samsung Product 1147,Electronics,Samsung,197.61,337.66,2026-05-26
P01148,Samsung Product 1148,Electronics,Samsung,238.48,400.69,2025-08-11
P01149,Samsung Product 1149,Electronics,Samsung,135.23,202.39,2023-08-03
P01150,Penguin Product 1150,Books,Penguin,363.62,707.08,2024-05-10
P01151,Reebok Product 1151,Sports,Reebok,329.81,471.36,2026-06-22
P01152,Penguin Product 1152,Books,Penguin,473.13,878.22,2024-01-27
P01153,Under Armour Product 1153,Sports,Under Armour,10.3,19.37,2024-12-25
P01154,HarperCollins Product 1154,Books,HarperCollins,101.4,185.27,2024-08-12
P01155,Penguin Product 1155,Books,Penguin,309.52,538.32,2022-10-09
P01156,Ikea Product 1156,Home,Ikea,329.23,652.05,2025-12-08
P01157,Apple Product 1157,Electronics,Apple,390.94,579.57,2025-10-30
P01158,Under Armour Product 1158,Sports,Under Armour,295.11,476.36,2023-08-14
P01159,Samsung Product 1159,Electronics,Samsung,277.05,493.4,2023-07-21
P01160,HarperCollins Product 1160,Books,HarperCollins,177.0,327.88,2025-04-22
P01161,Puma Product 1161,Fashion,Puma,481.71,753.3,2025-02-21
P01162,Reebok Product 1162,Sports,Reebok,7.3,9.78,2022-06-09
P01163,Penguin Product 1163,Books,Penguin,281.52,451.15,2022-04-30
P01164,Ikea Product 1164,Home,Ikea,402.46,790.98,2023-02-19
P01165,HarperCollins Product 1165,Books,HarperCollins,348.62,687.77,2024-09-18
P01166,HarperCollins Product 1166,Books,HarperCollins,386.13,697.34,2022-03-05
P01167,Reebok Product 1167,Sports,Reebok,233.06,389.08,2023-01-27
P01168,Apple Product 1168,Electronics,Apple,62.55,78.44,2023-01-14
P01169,Puma Product 1169,Fashion,Puma,352.08,647.87,2023-02-10
P01170,Under Armour Product 1170,Sports,Under Armour,260.67,314.83,2021-08-25
P01171,Ikea Product 1171,Home,Ikea,147.21,223.63,2025-08-09
P01172,Ikea Product 1172,Home,Ikea,279.5,375.31,2022-10-02
P01173,Philips Product 1173,Home,Philips,113.19,187.78,2023-04-26
P01174,Puma Product 1174,Fashion,Puma,343.14,661.55,2022-02-11
P01175,Reebok Product 1175,Sports,Reebok,103.83,185.68,2022-03-22
P01176,Ikea Product 1176,Home,Ikea,118.46,221.28,2023-11-01
P01177,HarperCollins Product 1177,Books,HarperCollins,82.22,105.68,2026-03-06
P01178,Sony Product 1178,Electronics,Sony,478.11,762.17,2026-03-14
P01179,Sony Product 1179,Electronics,Sony,479.21,900.15,2026-02-22
P01180,Bosch Product 1180,Home,Bosch,161.13,309.13,2021-10-19
P01181,HarperCollins Product 1181,Books,HarperCollins,247.95,492.8,2025-06-10
P01182,HarperCollins Product 1182,Books,HarperCollins,201.95,363.54,2024-01-24
P01183,Nike Product 1183,Fashion,Nike,265.24,408.08,2024-05-26
P01184,Penguin Product 1184,Books,Penguin,253.73,384.39,2025-11-16
P01185,Adidas Product 1185,Fashion,Adidas,488.37,858.85,2026-02-20
P01186,Under Armour Product 1186,Sports,Under Armour,346.16,418.67,2022-10-14
P01187,Adidas Product 1187,Fashion,Adidas,292.6,427.3,2023-09-05
P01188,HarperCollins Product 1188,Books,HarperCollins,97.64,137.7,2023-06-17
P01189,Philips Product 1189,Home,Philips,479.47,706.97,2024-03-11
P01190,Adidas Product 1190,Fashion,Adidas,214.85,329.85,2026-03-27
P01191,Philips Product 1191,Home,Philips,427.89,609.19,2023-11-11
P01192,Puma Product 1192,Fashion,Puma,69.91,116.1,2026-08-24
P01193,Nike Product 1193,Fashion,Nike,361.8,666.9,2025-11-17
P01194,HarperCollins Product 1194,Books,HarperCollins,428.87,581.91,2024-02-25
P01195,Adidas Product 1195,Fashion,Adidas,403.81,541.62,2023-05-25
P01196,Wilson Product 1196,Sports,Wilson,497.8,935.62,2026-07-01
P01197,HarperCollins Product 1197,Books,HarperCollins,393.74,567.0,2025-11-14
P01198,Penguin Product 1198,Books,Penguin,202.21,354.36,2026-05-10
P01199,Samsung Product 1199,Electronics,Samsung,407.84,644.89,2022-10-08
P01200,Apple Product 1200,Electronics,Apple,373.57,525.92,2024-09-27
P01201,Bosch Product 1201,Home,Bosch,280.96,519.22,2025-04-19
P01202,Ikea Product 1202,Home,Ikea,208.82,309.24,2023-07-17
P01203,Penguin Product 1203,Books,Penguin,290.54,499.7,2022-10-01
P01204,Penguin Product 1204,Books,Penguin,489.79,699.27,2024-04-01
P01205,Bosch Product 1205,Home,Bosch,257.67,468.91,2023-10-24
P01206,Wilson Product 1206,Sports,Wilson,193.63,276.74,2023-04-19
P01207,Nike Product 1207,Fashion,Nike,322.09,625.77,2025-12-04
P01208,Reebok Product 1208,Sports,Reebok,308.09,469.47,2023-03-29
P01209,Samsung Product 1209,Electronics,Samsung,85.19,117.78,2024-02-01
P01210,Bosch Product 1210,Home,Bosch,149.22,210.99,2023-06-25
P01211,Under Armour Product 1211,Sports,Under Armour,444.41,810.95,2021-08-30
P01212,Bosch Product 1212,Home,Bosch,295.53,582.91,2024-04-09
P01213,Wilson Product 1213,Sports,Wilson,96.02,117.0,2021-09-29
P01214,Puma Product 1214,Fashion,Puma,129.57,232.59,2022-11-11
P01215,Samsung Product 1215,Electronics,Samsung,87.62,112.36,2023-01-16
P01216,Apple Product 1216,Electronics,Apple,276.47,337.6,2021-09-29
P01217,Reebok Product 1217,Sports,Reebok,383.67,485.96,2023-02-12
P01218,Bosch Product 1218,Home,Bosch,81.86,141.12,2022-04-27
P01219,Under Armour Product 1219,Sports,Under Armour,118.53,212.18,2022-07-26
P01220,Reebok Product 1220,Sports,Reebok,67.57,109.56,2023-12-23
P01221,Nike Product 1221,Fashion,Nike,22.4,33.27,2025-03-28
P01222,Philips Product 1222,Home,Philips,236.26,448.12,2024-10-11
P01223,Bosch Product 1223,Home,Bosch,225.2,444.91,2024-07-30
P01224,Penguin Product 1224,Books,Penguin,297.46,465.59,2025-01-11
P01225,HarperCollins Product 1225,Books,HarperCollins,264.11,452.06,2025-11-19
P01226,Philips Product 1226,Home,Philips,243.42,336.33,2024-02-16
P01227,Apple Product 1227,Electronics,Apple,157.39,240.77,2023-08-26
P01228,Adidas Product 1228,Fashion,Adidas,10.23,16.56,2025-08-18
P01229,Adidas Product 1229,Fashion,Adidas,146.95,239.25,2025-06-04
P01230,Under Armour Product 1230,Sports,Under Armour,153.31,277.9,2023-01-26
P01231,Bosch Product 1231,Home,Bosch,119.45,144.03,2026-05-12
P01232,Ikea Product 1232,Home,Ikea,208.81,344.21,2024-11-09
P01233,Wilson Product 1233,Sports,Wilson,85.82,153.59,2023-11-15
P01234,Under Armour Product 1234,Sports,Under Armour,114.19,144.26,2024-07-20
P01235,Puma Product 1235,Fashion,Puma,383.45,739.28,2025-02-04
P01236,Philips Product 1236,Home,Philips,325.99,529.91,2026-06-13
P01237,Philips Product 1237,Home,Philips,98.06,123.04,2026-01-01
P01238,Adidas Product 1238,Fashion,Adidas,59.63,93.28,2024-02-02
P01239,Under Armour Product 1239,Sports,Under Armour,351.73,560.52,2023-11-12
P01240,Ikea Product 1240,Home,Ikea,80.31,158.67,2024-05-11
P01241,Samsung Product 1241,Electronics,Samsung,486.3,693.31,2024-06-21
P01242,Puma Product 1242,Fashion,Puma,222.02,267.88,2026-02-19
P01243,Samsung Product 1243,Electronics,Samsung,12.29,16.88,2025-07-24
P01244,Under Armour Product 1244,Sports,Under Armour,393.93,629.78,2026-06-21
P01245,Philips Product 1245,Home,Philips,349.98,428.86,2022-09-27
P01246,Samsung Product 1246,Electronics,Samsung,32.74,59.6,2026-05-05
P01247,Sony Product 1247,Electronics,Sony,237.72,321.81,2022-05-22
P01248,Philips Product 1248,Home,Philips,414.98,538.47,2021-10-28
P01249,Adidas Product 1249,Fashion,Adidas,386.76,601.17,2024-12-20
P01250,Samsung Product 1250,Electronics,Samsung,233.11,423.51,2023-02-19
P01251,Penguin Product 1251,Books,Penguin,239.05,417.18,2023-01-07
P01252,Philips Product 1252,Home,Philips,83.51,148.86,2023-12-03
P01253,Penguin Product 1253,Books,Penguin,130.39,223.07,2024-04-25
P01254,Adidas Product 1254,Fashion,Adidas,444.32,840.18,2022-10-27
P01255,Nike Product 1255,Fashion,Nike,121.8,188.46,2026-07-12
P01256,Samsung Product 1256,Electronics,Samsung,398.22,664.13,2026-05-31
P01257,Wilson Product 1257,Sports,Wilson,9.42,11.62,2024-07-10
P01258,Reebok Product 1258,Sports,Reebok,300.13,449.33,2022-06-25
P01259,Samsung Product 1259,Electronics,Samsung,83.06,105.75,2023-02-14
P01260,HarperCollins Product 1260,Books,HarperCollins,465.77,930.41,2024-11-15
P01261,Samsung Product 1261,Electronics,Samsung,180.98,239.46,2022-02-03
P01262,Penguin Product 1262,Books,Penguin,67.28,93.26,2022-01-29
P01263,HarperCollins Product 1263,Books,HarperCollins,403.74,626.19,2022-09-06
P01264,Nike Product 1264,Fashion,Nike,346.18,514.61,2022-12-05
P01265,Adidas Product 1265,Fashion,Adidas,449.84,714.45,2022-08-13
P01266,Reebok Product 1266,Sports,Reebok,150.88,265.19,2021-09-27
P01267,Puma Product 1267,Fashion,Puma,97.38,143.94,2026-07-06
P01268,Under Armour Product 1268,Sports,Under Armour,434.49,729.48,2023-12-14
P01269,Penguin Product 1269,Books,Penguin,39.09,51.76,2024-02-17
P01270,Philips Product 1270,Home,Philips,273.09,426.91,2022-02-13
P01271,HarperCollins Product 1271,Books,HarperCollins,368.16,701.84,2023-11-06
P01272,HarperCollins Product 1272,Books,HarperCollins,389.13,541.29,2023-12-22
P01273,Sony Product 1273,Electronics,Sony,483.75,897.47,2023-07-16
P01274,Puma Product 1274,Fashion,Puma,343.2,622.08,2024-11-25
P01275,Puma Product 1275,Fashion,Puma,145.15,221.77,2023-01-19
P01276,Ikea Product 1276,Home,Ikea,52.65,90.93,2025-01-09
P01277,Samsung Product 1277,Electronics,Samsung,93.43,114.45,2024-04-22
P01278,Apple Product 1278,Electronics,Apple,99.85,122.36,2021-12-28
P01279,Reebok Product 1279,Sports,Reebok,247.51,420.56,2021-12-13
P01280,HarperCollins Product 1280,Books,HarperCollins,29.3,40.33,2022-07-09
P01281,Samsung Product 1281,Electronics,Samsung,465.45,636.27,2026-01-17
P01282,Wilson Product 1282,Sports,Wilson,236.69,405.01,2023-09-20
P01283,Bosch Product 1283,Home,Bosch,373.02,713.34,2022-06-28
P01284,Bosch Product 1284,Home,Bosch,33.86,57.34,2024-10-18
P01285,Penguin Product 1285,Books,Penguin,368.48,688.16,2022-05-14
P01286,Samsung Product 1286,Electronics,Samsung,480.49,613.92,2023-01-17
P01287,Puma Product 1287,Fashion,Puma,195.74,265.13,2024-02-19
P01288,Puma Product 1288,Fashion,Puma,314.54,422.46,2022-06-06
P01289,HarperCollins Product 1289,Books,HarperCollins,374.32,678.65,2025-11-07
P01290,HarperCollins Product 1290,Books,HarperCollins,338.87,597.1,2022-05-13
P01291,Wilson Product 1291,Sports,Wilson,87.57,117.72,2022-09-21
P01292,Reebok Product 1292,Sports,Reebok,172.07,228.26,2024-04-18
P01293,HarperCollins Product 1293,Books,HarperCollins,467.09,897.74,2025-06-15
P01294,HarperCollins Product 1294,Books,HarperCollins,423.2,647.44,2022-04-05
P01295,Reebok Product 1295,Sports,Reebok,165.11,229.93,2026-05-24
P01296,Penguin Product 1296,Books,Penguin,190.66,312.72,2023-04-24
P01297,Philips Product 1297,Home,Philips,481.02,749.43,2023-01-19
P01298,Wilson Product 1298,Sports,Wilson,364.53,724.09,2022-08-31
P01299,Penguin Product 1299,Books,Penguin,261.22,521.06,2024-03-23
P01300,Ikea Product 1300,Home,Ikea,153.67,211.68,2026-02-01
P01301,Ikea Product 1301,Home,Ikea,386.9,756.27,2022-04-24
P01302,Bosch Product 1302,Home,Bosch,258.08,427.52,2025-06-22
P01303,Penguin Product 1303,Books,Penguin,51.67,81.03,2021-09-03
P01304,Nike Product 1304,Fashion,Nike,136.17,260.32,2023-05-06
P01305,Nike Product 1305,Fashion,Nike,131.84,189.88,2026-03-04
P01306,HarperCollins Product 1306,Books,HarperCollins,286.69,393.9,2025-12-28
P01307,Sony Product 1307,Electronics,Sony,165.72,262.84,2023-09-07
P01308,Reebok Product 1308,Sports,Reebok,352.91,654.86,2026-08-20
P01309,Sony Product 1309,Electronics,Sony,322.92,397.16,2026-06-25
P01310,HarperCollins Product 1310,Books,HarperCollins,43.85,54.58,2026-07-08
P01311,Philips Product 1311,Home,Philips,440.5,681.65,2025-04-18
P01312,Samsung Product 1312,Electronics,Samsung,375.1,705.03,2024-08-29
P01313,Sony Product 1313,Electronics,Sony,389.82,587.06,2025-10-29
P01314,Bosch Product 1314,Home,Bosch,25.39,41.44,2022-07-25
P01315,Adidas Product 1315,Fashion,Adidas,253.69,349.24,2023-01-20
P01316,Sony Product 1316,Electronics,Sony,367.13,555.95,2023-08-10
P01317,Reebok Product 1317,Sports,Reebok,289.75,368.58,2025-09-27
P01318,Under Armour Product 1318,Sports,Under Armour,394.25,519.78,2024-02-12
P01319,Ikea Product 1319,Home,Ikea,240.55,432.09,2024-04-11
P01320,HarperCollins Product 1320,Books,HarperCollins,134.97,205.0,2025-01-26
P01321,Reebok Product 1321,Sports,Reebok,69.54,90.95,2023-08-13
P01322,Penguin Product 1322,Books,Penguin,246.49,424.41,2025-05-20
P01323,Puma Product 1323,Fashion,Puma,309.92,554.3,2023-08-06
P01324,Nike Product 1324,Fashion,Nike,40.46,73.69,2025-07-24
P01325,Bosch Product 1325,Home,Bosch,462.45,588.09,2022-08-10
P01326,Under Armour Product 1326,Sports,Under Armour,185.81,251.29,2025-11-22
P01327,Bosch Product 1327,Home,Bosch,329.43,598.16,2022-07-04
P01328,Adidas Product 1328,Fashion,Adidas,310.03,617.62,2026-01-30
P01329,Reebok Product 1329,Sports,Reebok,77.18,95.39,2023-03-27
P01330,Nike Product 1330,Fashion,Nike,344.25,456.06,2026-05-05
P01331,Samsung Product 1331,Electronics,Samsung,371.09,517.46,2023-09-28
P01332,Penguin Product 1332,Books,Penguin,435.03,807.46,2022-01-07
P01333,Apple Product 1333,Electronics,Apple,348.43,449.13,2025-12-26
P01334,Under Armour Product 1334,Sports,Under Armour,16.26,22.23,2025-07-19
P01335,Penguin Product 1335,Books,Penguin,105.88,171.38,2024-02-16
P01336,Bosch Product 1336,Home,Bosch,244.1,435.46,2025-12-24
P01337,Puma Product 1337,Fashion,Puma,350.88,426.22,2026-08-24
P01338,Penguin Product 1338,Books,Penguin,131.45,164.06,2022-04-14
P01339,Puma Product 1339,Fashion,Puma,310.89,386.27,2025-05-18
P01340,Samsung Product 1340,Electronics,Samsung,197.38,279.7,2022-11-16
P01341,Ikea Product 1341,Home,Ikea,14.44,27.35,2025-08-26
P01342,Wilson Product 1342,Sports,Wilson,490.0,787.35,2022-04-12
P01343,Apple Product 1343,Electronics,Apple,244.91,410.88,2025-07-22
P01344,Samsung Product 1344,Electronics,Samsung,103.44,204.13,2022-09-29
P01345,Penguin Product 1345,Books,Penguin,24.68,47.83,2025-04-01
P01346,Philips Product 1346,Home,Philips,247.52,444.43,2024-09-08
P01347,Apple Product 1347,Electronics,Apple,343.73,510.2,2025-12-06
P01348,Ikea Product 1348,Home,Ikea,498.02,987.51,2022-12-10
P01349,Ikea Product 1349,Home,Ikea,314.77,598.99,2022-03-23
P01350,Sony Product 1350,Electronics,Sony,474.81,655.46,2025-08-13
P01351,Philips Product 1351,Home,Philips,330.18,419.41,2021-09-13
P01352,Reebok Product 1352,Sports,Reebok,480.5,812.03,2024-08-14
P01353,Adidas Product 1353,Fashion,Adidas,123.98,163.93,2024-10-07
P01354,Bosch Product 1354,Home,Bosch,168.0,274.48,2025-07-15
P01355,Puma Product 1355,Fashion,Puma,73.6,120.19,2025-02-14
P01356,Nike Product 1356,Fashion,Nike,157.95,278.64,2022-10-10
P01357,Penguin Product 1357,Books,Penguin,217.88,419.9,2022-02-15
P01358,Puma Product 1358,Fashion,Puma,466.85,902.74,2023-04-16
P01359,Ikea Product 1359,Home,Ikea,280.88,550.21,2023-07-15
P01360,Samsung Product 1360,Electronics,Samsung,162.21,308.8,2025-05-28
P01361,Apple Product 1361,Electronics,Apple,440.67,674.77,2023-08-04
P01362,Under Armour Product 1362,Sports,Under Armour,224.29,436.7,2022-01-20
P01363,Ikea Product 1363,Home,Ikea,390.66,502.16,2024-04-07
P01364,Nike Product 1364,Fashion,Nike,382.41,646.11,2022-03-27
P01365,Bosch Product 1365,Home,Bosch,285.69,395.6,2023-04-01
P01366,Nike Product 1366,Fashion,Nike,345.25,513.53,2022-12-29
P01367,Wilson Product 1367,Sports,Wilson,253.65,427.09,2024-03-05
P01368,Ikea Product 1368,Home,Ikea,426.8,679.96,2023-04-25
P01369,Nike Product 1369,Fashion,Nike,100.66,123.39,2022-11-27
P01370,Apple Product 1370,Electronics,Apple,475.35,655.05,2026-06-11
P01371,Nike Product 1371,Fashion,Nike,37.74,73.28,2022-05-26
P01372,Reebok Product 1372,Sports,Reebok,247.52,361.36,2024-07-25
P01373,Wilson Product 1373,Sports,Wilson,216.64,394.5,2024-08-07
P01374,HarperCollins Product 1374,Books,HarperCollins,361.5,547.79,2025-05-07
P01375,Penguin Product 1375,Books,Penguin,262.72,410.18,2021-10-10
P01376,Samsung Product 1376,Electronics,Samsung,261.76,396.96,2022-06-21
P01377,Sony Product 1377,Electronics,Sony,196.76,356.55,2023-12-24
P01378,Samsung Product 1378,Electronics,Samsung,149.13,226.44,2025-10-07
P01379,Philips Product 1379,Home,Philips,233.37,358.92,2025-04-21
P01380,Penguin Product 1380,Books,Penguin,346.53,666.36,2026-05-15
P01381,Reebok Product 1381,Sports,Reebok,228.59,406.46,2024-09-22
P01382,Samsung Product 1382,Electronics,Samsung,390.47,761.52,2023-04-02
P01383,Penguin Product 1383,Books,Penguin,199.57,291.13,2022-04-30
P01384,Samsung Product 1384,Electronics,Samsung,229.57,440.15,2024-09-15
P01385,Adidas Product 1385,Fashion,Adidas,49.64,72.44,2026-06-17
P01386,Puma Product 1386,Fashion,Puma,367.96,468.4,2024-07-20
P01387,Reebok Product 1387,Sports,Reebok,184.66,298.97,2022-11-18
P01388,Reebok Product 1388,Sports,Reebok,396.58,638.23,2026-07-21
P01389,Adidas Product 1389,Fashion,Adidas,277.42,342.65,2024-03-09
P01390,Adidas Product 1390,Fashion,Adidas,284.92,492.23,2022-04-07
P01391,Nike Product 1391,Fashion,Nike,435.07,584.34,2024-07-18
P01392,Apple Product 1392,Electronics,Apple,157.49,280.98,2022-11-29
P01393,Under Armour Product 1393,Sports,Under Armour,315.09,407.74,2023-08-06
P01394,Nike Product 1394,Fashion,Nike,6.75,12.23,2022-04-16
P01395,Apple Product 1395,Electronics,Apple,251.33,401.86,2024-01-28
P01396,Sony Product 1396,Electronics,Sony,441.94,614.43,2021-11-15
P01397,HarperCollins Product 1397,Books,HarperCollins,229.6,356.68,2025-10-31
P01398,Penguin Product 1398,Books,Penguin,126.13,206.58,2024-03-23
P01399,Penguin Product 1399,Books,Penguin,29.21,38.52,2025-04-15
P01400,Ikea Product 1400,Home,Ikea,76.96,94.35,2025-06-02
P01401,HarperCollins Product 1401,Books,HarperCollins,168.9,214.53,2021-11-10
P01402,Apple Product 1402,Electronics,Apple,496.9,660.41,2023-12-31
P01403,Bosch Product 1403,Home,Bosch,332.16,584.56,2025-08-16
P01404,Penguin Product 1404,Books,Penguin,483.32,869.72,2021-11-09
P01405,Ikea Product 1405,Home,Ikea,51.1,73.56,2025-01-09
P01406,Philips Product 1406,Home,Philips,411.03,742.63,2023-05-30
P01407,Penguin Product 1407,Books,Penguin,149.95,196.08,2021-12-23
P01408,Philips Product 1408,Home,Philips,265.89,430.67,2021-09-25
P01409,Puma Product 1409,Fashion,Puma,33.8,56.01,2025-01-26
P01410,Penguin Product 1410,Books,Penguin,244.41,427.94,2022-02-15
P01411,Philips Product 1411,Home,Philips,306.38,445.23,2025-05-28
P01412,HarperCollins Product 1412,Books,HarperCollins,463.92,784.69,2023-03-17
P01413,Reebok Product 1413,Sports,Reebok,365.95,584.86,2025-10-15
P01414,Puma Product 1414,Fashion,Puma,120.2,172.17,2022-12-12
P01415,Nike Product 1415,Fashion,Nike,63.51,99.83,2023-04-21
P01416,Sony Product 1416,Electronics,Sony,424.79,781.47,2024-11-08
P01417,Under Armour Product 1417,Sports,Under Armour,27.52,40.72,2023-11-13
P01418,Nike Product 1418,Fashion,Nike,322.11,564.34,2025-12-06
P01419,Ikea Product 1419,Home,Ikea,157.35,252.6,2025-10-24
P01420,Ikea Product 1420,Home,Ikea,61.35,89.98,2021-12-27
P01421,Reebok Product 1421,Sports,Reebok,286.62,564.09,2023-09-06
P01422,Nike Product 1422,Fashion,Nike,168.6,247.9,2024-11-13
P01423,Under Armour Product 1423,Sports,Under Armour,399.64,685.99,2024-01-19
P01424,Wilson Product 1424,Sports,Wilson,315.46,603.68,2024-06-09
P01425,HarperCollins Product 1425,Books,HarperCollins,233.92,433.06,2023-04-15
P01426,Sony Product 1426,Electronics,Sony,153.18,272.66,2024-09-07
P01427,Bosch Product 1427,Home,Bosch,270.26,369.34,2023-03-12
P01428,Philips Product 1428,Home,Philips,37.78,49.85,2025-09-22
P01429,Apple Product 1429,Electronics,Apple,491.89,836.81,2025-01-10
P01430,Puma Product 1430,Fashion,Puma,304.82,411.48,2026-02-22
P01431,Apple Product 1431,Electronics,Apple,354.11,514.03,2025-01-29
P01432,Apple Product 1432,Electronics,Apple,209.87,335.3,2022-10-06
P01433,Adidas Product 1433,Fashion,Adidas,228.69,448.37,2024-09-26
P01434,Puma Product 1434,Fashion,Puma,154.65,199.47,2023-10-30
P01435,Samsung Product 1435,Electronics,Samsung,457.11,710.81,2023-03-17
P01436,Apple Product 1436,Electronics,Apple,452.95,599.37,2023-03-14
P01437,Philips Product 1437,Home,Philips,367.56,595.04,2024-03-31
P01438,Ikea Product 1438,Home,Ikea,385.89,493.4,2023-04-01
P01439,Penguin Product 1439,Books,Penguin,106.57,131.0,2023-09-22
P01440,Reebok Product 1440,Sports,Reebok,433.08,559.83,2021-09-22
P01441,Ikea Product 1441,Home,Ikea,345.09,578.17,2022-10-16
P01442,Apple Product 1442,Electronics,Apple,236.1,292.03,2024-12-26
P01443,HarperCollins Product 1443,Books,HarperCollins,16.13,29.14,2023-09-02
P01444,Adidas Product 1444,Fashion,Adidas,104.27,149.03,2026-07-27
P01445,HarperCollins Product 1445,Books,HarperCollins,387.53,673.1,2024-01-19
P01446,Ikea Product 1446,Home,Ikea,82.96,107.15,2023-06-20
P01447,Penguin Product 1447,Books,Penguin,107.26,158.77,2024-09-18
P01448,Philips Product 1448,Home,Philips,75.07,132.38,2024-12-18
P01449,Bosch Product 1449,Home,Bosch,126.19,158.62,2024-04-16
P01450,HarperCollins Product 1450,Books,HarperCollins,272.59,338.17,2025-11-25
P01451,Apple Product 1451,Electronics,Apple,452.13,560.81,2023-04-04
P01452,Wilson Product 1452,Sports,Wilson,47.63,72.09,2022-08-13
P01453,HarperCollins Product 1453,Books,HarperCollins,310.08,449.6,2024-08-11
P01454,Puma Product 1454,Fashion,Puma,380.41,702.78,2025-04-29
P01455,Apple Product 1455,Electronics,Apple,286.06,364.54,2024-10-25
P01456,Wilson Product 1456,Sports,Wilson,230.51,402.84,2025-01-04
P01457,Under Armour Product 1457,Sports,Under Armour,119.69,165.06,2022-03-27
P01458,HarperCollins Product 1458,Books,HarperCollins,456.87,691.55,2022-05-23
P01459,Philips Product 1459,Home,Philips,229.38,280.81,2022-05-12
P01460,Wilson Product 1460,Sports,Wilson,178.96,280.79,2023-07-19
P01461,Adidas Product 1461,Fashion,Adidas,385.13,648.39,2024-10-01
P01462,Puma Product 1462,Fashion,Puma,55.95,103.73,2023-03-07
P01463,Apple Product 1463,Electronics,Apple,280.29,352.25,2022-01-31
P01464,Bosch Product 1464,Home,Bosch,233.18,389.98,2024-01-01
P01465,Puma Product 1465,Fashion,Puma,125.63,166.74,2022-02-24
P01466,Under Armour Product 1466,Sports,Under Armour,37.7,51.52,2024-03-15
P01467,HarperCollins Product 1467,Books,HarperCollins,393.24,608.85,2026-03-01
P01468,Bosch Product 1468,Home,Bosch,348.6,466.59,2026-01-04
P01469,Sony Product 1469,Electronics,Sony,465.78,772.89,2022-09-22
P01470,Wilson Product 1470,Sports,Wilson,298.12,468.15,2022-08-16
P01471,Penguin Product 1471,Books,Penguin,411.9,552.33,2024-11-11
P01472,Wilson Product 1472,Sports,Wilson,301.14,526.52,2025-11-18
P01473,HarperCollins Product 1473,Books,HarperCollins,167.07,286.69,2021-09-07
P01474,Samsung Product 1474,Electronics,Samsung,112.72,147.79,2023-06-10
P01475,Penguin Product 1475,Books,Penguin,379.75,656.48,2023-12-19
P01476,Reebok Product 1476,Sports,Reebok,149.29,252.67,2022-05-17
P01477,Wilson Product 1477,Sports,Wilson,106.8,203.13,2023-03-12
P01478,Bosch Product 1478,Home,Bosch,398.2,694.32,2025-09-18
P01479,Reebok Product 1479,Sports,Reebok,491.38,724.99,2022-05-04
P01480,Sony Product 1480,Electronics,Sony,9.02,17.94,2026-04-07
P01481,Wilson Product 1481,Sports,Wilson,426.99,533.71,2022-03-05
P01482,Penguin Product 1482,Books,Penguin,5.42,8.93,2022-10-23
P01483,Ikea Product 1483,Home,Ikea,431.32,816.29,2022-10-11
P01484,Adidas Product 1484,Fashion,Adidas,352.6,534.34,2023-10-08
P01485,Bosch Product 1485,Home,Bosch,194.48,292.74,2024-02-17
P01486,Penguin Product 1486,Books,Penguin,332.93,526.0,2025-11-28
P01487,Puma Product 1487,Fashion,Puma,195.37,378.94,2023-06-25
P01488,Wilson Product 1488,Sports,Wilson,147.79,280.53,2025-02-18
P01489,Nike Product 1489,Fashion,Nike,10.74,18.46,2022-10-06
P01490,Puma Product 1490,Fashion,Puma,443.02,764.8,2026-01-31
P01491,Nike Product 1491,Fashion,Nike,72.92,134.52,2023-11-28
P01492,Reebok Product 1492,Sports,Reebok,304.19,468.62,2024-08-25
P01493,Adidas Product 1493,Fashion,Adidas,257.16,422.16,2026-03-18
P01494,Under Armour Product 1494,Sports,Under Armour,180.88,243.94,2025-03-20
P01495,Penguin Product 1495,Books,Penguin,291.08,546.49,2024-02-25
P01496,Puma Product 1496,Fashion,Puma,253.36,387.3,2023-06-11
P01497,HarperCollins Product 1497,Books,HarperCollins,21.56,26.53,2026-02-04
P01498,Reebok Product 1498,Sports,Reebok,187.45,311.96,2022-09-18
P01499,Samsung Product 1499,Electronics,Samsung,366.44,594.05,2024-02-17
P01500,Philips Product 1500,Home,Philips,260.89,422.3,2023-04-01
P01501,Penguin Product 1501,Books,Penguin,126.39,215.44,2022-05-15
P01502,Sony Product 1502,Electronics,Sony,318.68,585.89,2023-07-23
P01503,Bosch Product 1503,Home,Bosch,31.12,45.9,2025-01-25
P01504,Apple Product 1504,Electronics,Apple,229.75,442.23,2022-01-17
P01505,HarperCollins Product 1505,Books,HarperCollins,213.4,420.07,2026-08-03
P01506,Philips Product 1506,Home,Philips,87.92,154.39,2022-09-21
P01507,HarperCollins Product 1507,Books,HarperCollins,364.85,602.35,2025-09-28
P01508,Sony Product 1508,Electronics,Sony,239.21,319.41,2025-04-19
P01509,Sony Product 1509,Electronics,Sony,495.23,914.75,2021-12-11
P01510,Penguin Product 1510,Books,Penguin,146.97,186.07,2024-08-05
P01511,Penguin Product 1511,Books,Penguin,426.47,606.56,2026-05-24
P01512,Puma Product 1512,Fashion,Puma,144.08,271.78,2023-06-27
P01513,Sony Product 1513,Electronics,Sony,60.22,80.68,2025-11-26
P01514,Penguin Product 1514,Books,Penguin,331.28,495.53,2022-02-25
P01515,Adidas Product 1515,Fashion,Adidas,392.35,544.96,2022-04-20
P01516,Puma Product 1516,Fashion,Puma,431.7,636.45,2022-08-11
P01517,Samsung Product 1517,Electronics,Samsung,299.79,556.82,2024-02-14
P01518,Under Armour Product 1518,Sports,Under Armour,386.33,537.14,2026-07-28
P01519,Reebok Product 1519,Sports,Reebok,320.6,438.8,2026-07-16
P01520,Ikea Product 1520,Home,Ikea,322.92,582.67,2022-11-28
P01521,Samsung Product 1521,Electronics,Samsung,87.96,133.61,2026-04-03
P01522,Philips Product 1522,Home,Philips,374.34,674.54,2026-02-22
P01523,Penguin Product 1523,Books,Penguin,193.0,340.55,2026-01-29
P01524,Under Armour Product 1524,Sports,Under Armour,76.85,145.72,2024-11-29
P01525,Apple Product 1525,Electronics,Apple,463.98,723.37,2026-07-02
P01526,Bosch Product 1526,Home,Bosch,343.02,422.88,2022-06-15
P01527,HarperCollins Product 1527,Books,HarperCollins,478.31,739.19,2026-08-25
P01528,Philips Product 1528,Home,Philips,138.81,255.67,2024-07-09
P01529,Bosch Product 1529,Home,Bosch,294.17,461.52,2025-03-28
P01530,Puma Product 1530,Fashion,Puma,337.59,613.2,2022-08-26
P01531,HarperCollins Product 1531,Books,HarperCollins,340.47,679.09,2024-05-20
P01532,Bosch Product 1532,Home,Bosch,10.24,12.36,2025-11-15
P01533,Samsung Product 1533,Electronics,Samsung,208.57,337.93,2023-02-01
P01534,Under Armour Product 1534,Sports,Under Armour,113.61,162.08,2025-07-23
P01535,Nike Product 1535,Fashion,Nike,16.73,21.31,2026-04-14
P01536,Penguin Product 1536,Books,Penguin,475.49,813.31,2026-01-03
P01537,Samsung Product 1537,Electronics,Samsung,428.94,559.31,2026-05-04
P01538,Penguin Product 1538,Books,Penguin,448.52,787.84,2021-10-15
P01539,Philips Product 1539,Home,Philips,236.14,460.22,2022-05-27
P01540,Under Armour Product 1540,Sports,Under Armour,385.83,676.66,2022-10-11
P01541,Philips Product 1541,Home,Philips,85.17,107.25,2023-06-16
P01542,Apple Product 1542,Electronics,Apple,197.35,394.06,2024-12-14
P01543,Philips Product 1543,Home,Philips,93.08,116.86,2024-02-15
P01544,Puma Product 1544,Fashion,Puma,199.35,342.16,2023-02-02
P01545,Samsung Product 1545,Electronics,Samsung,272.61,421.18,2022-10-06
P01546,Penguin Product 1546,Books,Penguin,456.74,809.49,2025-01-12
P01547,Samsung Product 1547,Electronics,Samsung,41.1,68.11,2023-05-24
P01548,Philips Product 1548,Home,Philips,14.29,22.84,2024-08-12
P01549,Samsung Product 1549,Electronics,Samsung,333.98,471.96,2023-01-04
P01550,Philips Product 1550,Home,Philips,289.45,466.68,2022-02-27
P01551,Under Armour Product 1551,Sports,Under Armour,220.85,414.15,2023-05-09
P01552,Sony Product 1552,Electronics,Sony,116.79,176.07,2023-03-27
P01553,Wilson Product 1553,Sports,Wilson,285.79,556.73,2026-02-03
P01554,Philips Product 1554,Home,Philips,342.51,520.78,2025-10-06
P01555,Apple Product 1555,Electronics,Apple,269.64,530.85,2024-04-27
P01556,Apple Product 1556,Electronics,Apple,381.42,546.18,2023-08-14
P01557,Nike Product 1557,Fashion,Nike,279.47,551.68,2022-12-04
P01558,Adidas Product 1558,Fashion,Adidas,349.46,669.97,2023-04-15
P01559,Philips Product 1559,Home,Philips,47.01,80.21,2026-06-26
P01560,Nike Product 1560,Fashion,Nike,22.67,27.66,2025-04-02
P01561,Penguin Product 1561,Books,Penguin,247.17,309.06,2021-12-01
P01562,HarperCollins Product 1562,Books,HarperCollins,252.34,497.61,2022-05-03
P01563,Wilson Product 1563,Sports,Wilson,23.34,29.05,2023-09-20
P01564,Apple Product 1564,Electronics,Apple,63.5,117.2,2022-08-26
P01565,HarperCollins Product 1565,Books,HarperCollins,470.34,891.84,2023-07-04
P01566,Penguin Product 1566,Books,Penguin,371.82,515.49,2023-12-25
P01567,Samsung Product 1567,Electronics,Samsung,369.05,587.2,2023-08-21
P01568,Apple Product 1568,Electronics,Apple,454.05,769.48,2023-10-27
P01569,Puma Product 1569,Fashion,Puma,326.15,395.13,2023-11-23
P01570,Apple Product 1570,Electronics,Apple,411.27,525.53,2022-09-21
P01571,Penguin Product 1571,Books,Penguin,418.5,523.61,2025-12-10
P01572,Samsung Product 1572,Electronics,Samsung,251.09,461.84,2025-06-24
P01573,Nike Product 1573,Fashion,Nike,403.2,621.32,2026-03-02
P01574,Under Armour Product 1574,Sports,Under Armour,64.8,113.22,2024-04-16
P01575,Penguin Product 1575,Books,Penguin,164.19,323.74,2023-09-23
P01576,Nike Product 1576,Fashion,Nike,298.58,438.44,2022-08-21
P01577,Apple Product 1577,Electronics,Apple,74.91,114.77,2026-03-28
P01578,Bosch Product 1578,Home,Bosch,86.68,120.91,2022-04-18
P01579,Penguin Product 1579,Books,Penguin,71.02,130.17,2026-08-17
P01580,HarperCollins Product 1580,Books,HarperCollins,389.94,472.8,2022-06-02
P01581,Wilson Product 1581,Sports,Wilson,8.14,10.94,2023-01-23
P01582,Sony Product 1582,Electronics,Sony,327.62,625.6,2022-08-04
P01583,Reebok Product 1583,Sports,Reebok,404.67,735.71,2024-03-05
P01584,Nike Product 1584,Fashion,Nike,75.83,107.43,2023-08-27
P01585,Under Armour Product 1585,Sports,Under Armour,123.43,165.35,2024-12-28
P01586,Sony Product 1586,Electronics,Sony,94.1,150.55,2023-04-26
P01587,Sony Product 1587,Electronics,Sony,414.11,596.72,2022-12-08
P01588,Wilson Product 1588,Sports,Wilson,281.07,380.43,2026-05-19
P01589,Penguin Product 1589,Books,Penguin,311.37,588.55,2026-04-28
P01590,Penguin Product 1590,Books,Penguin,234.79,399.42,2026-07-09
P01591,Adidas Product 1591,Fashion,Adidas,31.27,40.34,2024-11-03
P01592,Puma Product 1592,Fashion,Puma,422.67,815.41,2022-04-05
P01593,Wilson Product 1593,Sports,Wilson,84.08,162.96,2022-03-14
P01594,Sony Product 1594,Electronics,Sony,185.28,253.4,2026-03-27
P01595,Philips Product 1595,Home,Philips,310.33,593.37,2023-01-16
P01596,Wilson Product 1596,Sports,Wilson,56.69,70.41,2024-08-17
P01597,Penguin Product 1597,Books,Penguin,83.23,101.81,2022-10-19
P01598,Penguin Product 1598,Books,Penguin,40.08,55.64,2024-06-27
P01599,Reebok Product 1599,Sports,Reebok,291.98,448.26,2025-09-25
P01600,Ikea Product 1600,Home,Ikea,390.59,570.62,2026-01-18
P01601,Samsung Product 1601,Electronics,Samsung,370.19,701.85,2025-11-08
P01602,Wilson Product 1602,Sports,Wilson,41.4,69.06,2022-12-11
P01603,Apple Product 1603,Electronics,Apple,76.75,149.07,2025-11-21
P01604,Wilson Product 1604,Sports,Wilson,196.73,257.54,2022-01-10
P01605,Puma Product 1605,Fashion,Puma,182.5,258.38,2026-04-02
P01606,Ikea Product 1606,Home,Ikea,20.89,34.57,2023-11-07
P01607,Ikea Product 1607,Home,Ikea,60.0,94.35,2023-02-03
P01608,Wilson Product 1608,Sports,Wilson,381.37,524.72,2023-12-21
P01609,Bosch Product 1609,Home,Bosch,82.61,151.64,2022-02-08
P01610,Penguin Product 1610,Books,Penguin,291.17,478.16,2023-05-05
P01611,Nike Product 1611,Fashion,Nike,208.79,337.7,2026-05-27
P01612,Puma Product 1612,Fashion,Puma,239.38,375.88,2024-07-05
P01613,Sony Product 1613,Electronics,Sony,216.91,411.71,2021-10-11
P01614,Adidas Product 1614,Fashion,Adidas,219.95,303.07,2024-09-10
P01615,Penguin Product 1615,Books,Penguin,457.31,877.4,2024-09-13
P01616,Wilson Product 1616,Sports,Wilson,24.83,39.15,2025-04-01
P01617,Penguin Product 1617,Books,Penguin,215.72,326.91,2021-09-25
P01618,Apple Product 1618,Electronics,Apple,250.17,316.83,2025-01-21
P01619,Sony Product 1619,Electronics,Sony,367.23,719.75,2022-07-15
P01620,Adidas Product 1620,Fashion,Adidas,151.42,260.16,2026-01-21
P01621,Samsung Product 1621,Electronics,Samsung,242.49,350.12,2026-02-13
P01622,Reebok Product 1622,Sports,Reebok,374.91,457.21,2023-10-02
P01623,Under Armour Product 1623,Sports,Under Armour,387.06,735.17,2026-01-22
P01624,Wilson Product 1624,Sports,Wilson,395.98,592.52,2025-08-24
P01625,Reebok Product 1625,Sports,Reebok,318.53,601.48,2025-04-20
P01626,Apple Product 1626,Electronics,Apple,447.25,655.81,2025-04-11
P01627,Apple Product 1627,Electronics,Apple,215.82,305.56,2026-03-28
P01628,Penguin Product 1628,Books,Penguin,394.91,499.47,2023-05-10
P01629,Bosch Product 1629,Home,Bosch,466.46,751.84,2022-01-22
P01630,Ikea Product 1630,Home,Ikea,59.93,89.44,2025-05-25
P01631,Penguin Product 1631,Books,Penguin,185.96,249.23,2023-03-02
P01632,Penguin Product 1632,Books,Penguin,282.58,513.97,2024-08-28
P01633,Adidas Product 1633,Fashion,Adidas,123.12,158.93,2022-02-01
P01634,Reebok Product 1634,Sports,Reebok,469.88,781.93,2025-07-15
P01635,Puma Product 1635,Fashion,Puma,381.64,555.81,2023-11-07
P01636,Bosch Product 1636,Home,Bosch,341.71,485.81,2026-08-17
P01637,Apple Product 1637,Electronics,Apple,175.89,279.49,2024-12-22
P01638,Penguin Product 1638,Books,Penguin,237.73,386.44,2022-05-11
P01639,HarperCollins Product 1639,Books,HarperCollins,228.73,341.84,2026-06-28
P01640,Samsung Product 1640,Electronics,Samsung,446.49,699.34,2026-07-24
P01641,Apple Product 1641,Electronics,Apple,449.48,643.07,2025-10-07
P01642,Samsung Product 1642,Electronics,Samsung,86.56,111.63,2024-11-22
P01643,Adidas Product 1643,Fashion,Adidas,79.5,108.39,2023-01-30
P01644,Apple Product 1644,Electronics,Apple,211.19,368.72,2026-08-10
P01645,Adidas Product 1645,Fashion,Adidas,176.62,274.66,2026-02-13
P01646,Apple Product 1646,Electronics,Apple,98.59,120.05,2024-11-03
P01647,Puma Product 1647,Fashion,Puma,324.11,495.68,2024-01-11
P01648,Bosch Product 1648,Home,Bosch,324.8,474.55,2024-10-09
P01649,HarperCollins Product 1649,Books,HarperCollins,231.71,383.2,2023-10-02
P01650,Ikea Product 1650,Home,Ikea,395.69,546.62,2021-09-25
P01651,Philips Product 1651,Home,Philips,386.03,477.85,2026-08-22
P01652,Philips Product 1652,Home,Philips,230.68,307.52,2024-08-12
P01653,Puma Product 1653,Fashion,Puma,269.98,363.35,2025-10-22
P01654,Puma Product 1654,Fashion,Puma,347.97,603.06,2024-09-27
P01655,Nike Product 1655,Fashion,Nike,122.76,151.35,2022-07-16
P01656,Bosch Product 1656,Home,Bosch,67.6,95.2,2025-03-01
P01657,Nike Product 1657,Fashion,Nike,283.43,347.98,2025-07-19
P01658,Philips Product 1658,Home,Philips,78.23,121.94,2026-07-07
P01659,Puma Product 1659,Fashion,Puma,154.27,298.72,2023-02-20
P01660,Under Armour Product 1660,Sports,Under Armour,385.42,754.74,2022-05-16
P01661,Ikea Product 1661,Home,Ikea,7.13,12.77,2024-02-05
P01662,HarperCollins Product 1662,Books,HarperCollins,325.39,467.4,2025-05-10
P01663,Bosch Product 1663,Home,Bosch,335.11,616.49,2023-01-15
P01664,Under Armour Product 1664,Sports,Under Armour,346.13,617.95,2026-08-11
P01665,Samsung Product 1665,Electronics,Samsung,340.61,440.58,2021-10-05
P01666,Apple Product 1666,Electronics,Apple,310.67,427.57,2024-10-12
P01667,Ikea Product 1667,Home,Ikea,166.55,280.89,2025-02-09
P01668,Puma Product 1668,Fashion,Puma,265.58,484.69,2026-06-01
P01669,Ikea Product 1669,Home,Ikea,16.16,26.35,2022-11-04
P01670,Reebok Product 1670,Sports,Reebok,337.42,428.49,2026-05-19
P01671,HarperCollins Product 1671,Books,HarperCollins,101.25,147.24,2023-10-07
P01672,Penguin Product 1672,Books,Penguin,454.68,676.95,2021-10-10
P01673,Puma Product 1673,Fashion,Puma,427.63,639.61,2025-03-30
P01674,Ikea Product 1674,Home,Ikea,145.9,216.09,2024-10-25
P01675,Reebok Product 1675,Sports,Reebok,48.36,86.19,2023-07-08
P01676,Reebok Product 1676,Sports,Reebok,496.34,914.73,2025-06-19
P01677,Ikea Product 1677,Home,Ikea,403.81,798.05,2023-05-07
P01678,Reebok Product 1678,Sports,Reebok,448.73,588.58,2026-03-06
P01679,Penguin Product 1679,Books,Penguin,76.1,109.78,2024-03-03
P01680,HarperCollins Product 1680,Books,HarperCollins,37.73,74.26,2026-02-23
P01681,Wilson Product 1681,Sports,Wilson,8.28,14.17,2023-12-06
P01682,Philips Product 1682,Home,Philips,91.57,143.74,2022-02-22
P01683,Penguin Product 1683,Books,Penguin,103.63,193.36,2025-07-09
P01684,Bosch Product 1684,Home,Bosch,247.84,460.55,2022-09-25
P01685,Bosch Product 1685,Home,Bosch,155.44,256.08,2022-05-27
P01686,Wilson Product 1686,Sports,Wilson,18.29,21.98,2026-03-08
P01687,Philips Product 1687,Home,Philips,478.23,893.04,2024-11-29
P01688,Wilson Product 1688,Sports,Wilson,328.64,629.07,2025-01-22
P01689,Wilson Product 1689,Sports,Wilson,248.48,434.91,2024-07-19
P01690,Nike Product 1690,Fashion,Nike,64.08,91.11,2022-08-18
P01691,Sony Product 1691,Electronics,Sony,374.05,622.74,2025-10-14
P01692,HarperCollins Product 1692,Books,HarperCollins,434.83,740.25,2022-05-24
P01693,Reebok Product 1693,Sports,Reebok,410.05,614.49,2023-03-13
P01694,Penguin Product 1694,Books,Penguin,423.41,563.25,2022-07-01
P01695,Samsung Product 1695,Electronics,Samsung,163.24,310.59,2022-10-25
P01696,Adidas Product 1696,Fashion,Adidas,85.84,121.73,2022-05-19
P01697,Reebok Product 1697,Sports,Reebok,456.49,677.79,2022-11-12
P01698,Philips Product 1698,Home,Philips,267.16,520.71,2023-08-11
P01699,Penguin Product 1699,Books,Penguin,384.39,517.62,2025-12-31
P01700,Sony Product 1700,Electronics,Sony,377.55,617.28,2022-06-12
P01701,Bosch Product 1701,Home,Bosch,400.94,568.2,2022-08-14
P01702,Ikea Product 1702,Home,Ikea,269.54,399.27,2022-12-11
P01703,Nike Product 1703,Fashion,Nike,72.79,103.74,2025-02-24
P01704,Under Armour Product 1704,Sports,Under Armour,173.45,334.52,2025-08-02
P01705,Samsung Product 1705,Electronics,Samsung,81.5,112.22,2025-12-05
P01706,Puma Product 1706,Fashion,Puma,308.65,575.67,2022-08-18
P01707,Penguin Product 1707,Books,Penguin,211.59,408.97,2024-03-27
P01708,Samsung Product 1708,Electronics,Samsung,462.09,731.77,2023-04-01
P01709,Bosch Product 1709,Home,Bosch,184.47,341.94,2022-09-09
P01710,HarperCollins Product 1710,Books,HarperCollins,90.24,130.28,2024-12-19
P01711,Samsung Product 1711,Electronics,Samsung,68.71,120.61,2022-08-13
P01712,Adidas Product 1712,Fashion,Adidas,67.05,87.44,2023-04-24
P01713,Apple Product 1713,Electronics,Apple,346.95,633.96,2022-03-03
P01714,Samsung Product 1714,Electronics,Samsung,388.47,701.53,2026-07-21
P01715,Samsung Product 1715,Electronics,Samsung,58.37,107.08,2025-05-30
P01716,Penguin Product 1716,Books,Penguin,237.2,457.04,2025-05-30
P01717,Samsung Product 1717,Electronics,Samsung,154.31,186.44,2022-09-14
P01718,Samsung Product 1718,Electronics,Samsung,460.45,628.2,2026-03-22
P01719,Nike Product 1719,Fashion,Nike,336.95,412.23,2022-07-29
P01720,Puma Product 1720,Fashion,Puma,471.21,923.12,2025-09-29
P01721,Philips Product 1721,Home,Philips,84.48,135.21,2024-10-25
P01722,Penguin Product 1722,Books,Penguin,254.93,319.85,2026-06-30
P01723,Penguin Product 1723,Books,Penguin,266.78,472.91,2023-08-14
P01724,Ikea Product 1724,Home,Ikea,451.32,735.52,2024-01-10
P01725,Samsung Product 1725,Electronics,Samsung,460.64,866.48,2024-11-07
P01726,Under Armour Product 1726,Sports,Under Armour,350.58,472.62,2023-06-15
P01727,Samsung Product 1727,Electronics,Samsung,418.2,830.14,2023-12-05
P01728,Wilson Product 1728,Sports,Wilson,259.55,396.09,2024-10-14
P01729,Ikea Product 1729,Home,Ikea,235.62,380.71,2021-11-06
P01730,Under Armour Product 1730,Sports,Under Armour,353.84,582.32,2024-07-15
P01731,Samsung Product 1731,Electronics,Samsung,167.42,216.4,2024-04-24
P01732,Philips Product 1732,Home,Philips,302.19,438.06,2023-06-08
P01733,Wilson Product 1733,Sports,Wilson,279.19,399.93,2023-12-02
P01734,Wilson Product 1734,Sports,Wilson,429.1,822.07,2023-07-10
P01735,Reebok Product 1735,Sports,Reebok,186.88,226.17,2022-09-04
P01736,Reebok Product 1736,Sports,Reebok,57.06,88.47,2026-01-16
P01737,Samsung Product 1737,Electronics,Samsung,75.97,115.51,2023-08-03
P01738,Penguin Product 1738,Books,Penguin,372.01,712.01,2022-01-11
P01739,Nike Product 1739,Fashion,Nike,185.04,251.52,2023-09-21
P01740,Puma Product 1740,Fashion,Puma,422.79,644.09,2022-02-08
P01741,Adidas Product 1741,Fashion,Adidas,363.97,517.86,2022-03-03
P01742,HarperCollins Product 1742,Books,HarperCollins,379.37,698.34,2023-09-21
P01743,Under Armour Product 1743,Sports,Under Armour,240.53,404.7,2024-09-13
P01744,Under Armour Product 1744,Sports,Under Armour,258.15,340.22,2023-03-17
P01745,Wilson Product 1745,Sports,Wilson,65.48,104.21,2024-11-24
P01746,Puma Product 1746,Fashion,Puma,471.49,577.0,2025-09-16
P01747,Samsung Product 1747,Electronics,Samsung,251.58,307.28,2023-11-26
P01748,Adidas Product 1748,Fashion,Adidas,304.27,444.71,2023-11-23
P01749,Bosch Product 1749,Home,Bosch,313.5,566.85,2025-10-15
P01750,HarperCollins Product 1750,Books,HarperCollins,397.4,541.08,2023-09-02
P01751,Under Armour Product 1751,Sports,Under Armour,254.87,416.44,2025-09-12
P01752,Penguin Product 1752,Books,Penguin,476.53,583.88,2024-11-17
P01753,Wilson Product 1753,Sports,Wilson,194.9,282.93,2024-01-12
P01754,Under Armour Product 1754,Sports,Under Armour,232.53,285.15,2024-04-15
P01755,HarperCollins Product 1755,Books,HarperCollins,442.93,589.68,2022-07-13
P01756,Wilson Product 1756,Sports,Wilson,159.67,241.3,2023-09-13
P01757,Sony Product 1757,Electronics,Sony,339.14,586.06,2023-02-27
P01758,HarperCollins Product 1758,Books,HarperCollins,240.58,453.13,2026-02-01
P01759,Penguin Product 1759,Books,Penguin,198.74,317.14,2023-04-05
P01760,Reebok Product 1760,Sports,Reebok,339.86,616.23,2024-04-02
P01761,Philips Product 1761,Home,Philips,35.4,59.2,2026-03-19
P01762,Adidas Product 1762,Fashion,Adidas,177.69,318.71,2025-04-12
P01763,Sony Product 1763,Electronics,Sony,173.92,222.25,2025-06-13
P01764,Philips Product 1764,Home,Philips,208.91,260.13,2022-03-24
P01765,Nike Product 1765,Fashion,Nike,121.14,175.61,2023-02-08
P01766,Sony Product 1766,Electronics,Sony,37.42,54.03,2026-07-21
P01767,Ikea Product 1767,Home,Ikea,14.76,21.56,2025-08-27
P01768,Reebok Product 1768,Sports,Reebok,432.37,715.33,2024-07-28
P01769,Under Armour Product 1769,Sports,Under Armour,15.1,23.79,2022-11-17
P01770,Apple Product 1770,Electronics,Apple,191.98,290.32,2025-04-13
P01771,Penguin Product 1771,Books,Penguin,405.12,518.57,2021-11-18
P01772,Adidas Product 1772,Fashion,Adidas,250.88,463.92,2022-08-09
P01773,Ikea Product 1773,Home,Ikea,309.34,461.12,2025-05-25
P01774,Wilson Product 1774,Sports,Wilson,250.99,471.33,2024-02-18
P01775,Sony Product 1775,Electronics,Sony,110.97,156.7,2024-04-06
P01776,Bosch Product 1776,Home,Bosch,204.0,281.66,2021-10-22
P01777,Sony Product 1777,Electronics,Sony,422.87,539.49,2023-04-07
P01778,Philips Product 1778,Home,Philips,38.3,70.51,2023-11-20
P01779,Under Armour Product 1779,Sports,Under Armour,108.82,199.85,2022-07-19
P01780,Bosch Product 1780,Home,Bosch,403.04,623.23,2023-02-08
P01781,HarperCollins Product 1781,Books,HarperCollins,104.04,158.33,2026-04-28
P01782,HarperCollins Product 1782,Books,HarperCollins,337.42,552.71,2026-02-02
P01783,Sony Product 1783,Electronics,Sony,353.15,667.51,2022-11-14
P01784,HarperCollins Product 1784,Books,HarperCollins,110.41,217.47,2024-07-14
P01785,Under Armour Product 1785,Sports,Under Armour,468.9,762.51,2026-04-24
P01786,HarperCollins Product 1786,Books,HarperCollins,467.64,833.0,2022-08-04
P01787,Sony Product 1787,Electronics,Sony,104.32,163.78,2024-09-22
P01788,Nike Product 1788,Fashion,Nike,374.48,678.72,2025-01-05
P01789,Under Armour Product 1789,Sports,Under Armour,162.73,303.36,2023-07-17
P01790,Sony Product 1790,Electronics,Sony,105.76,161.81,2025-03-06
P01791,Bosch Product 1791,Home,Bosch,84.49,147.81,2024-10-16
P01792,Adidas Product 1792,Fashion,Adidas,123.05,162.42,2021-08-27
P01793,Samsung Product 1793,Electronics,Samsung,399.54,578.71,2023-09-07
P01794,Reebok Product 1794,Sports,Reebok,495.69,762.18,2022-05-30
P01795,Samsung Product 1795,Electronics,Samsung,83.88,109.81,2024-07-21
P01796,Philips Product 1796,Home,Philips,331.04,443.85,2024-12-30
P01797,Sony Product 1797,Electronics,Sony,245.49,298.5,2026-05-15
P01798,Apple Product 1798,Electronics,Apple,302.79,573.4,2025-04-08
P01799,Under Armour Product 1799,Sports,Under Armour,337.48,644.11,2021-09-12
P01800,Reebok Product 1800,Sports,Reebok,422.16,586.31,2022-07-29
P01801,Penguin Product 1801,Books,Penguin,263.37,490.71,2025-12-08
P01802,HarperCollins Product 1802,Books,HarperCollins,250.74,318.99,2023-08-06
P01803,Penguin Product 1803,Books,Penguin,387.73,562.49,2024-09-18
P01804,HarperCollins Product 1804,Books,HarperCollins,403.89,725.05,2022-06-25
P01805,Wilson Product 1805,Sports,Wilson,76.42,102.41,2023-07-29
P01806,Philips Product 1806,Home,Philips,207.15,391.58,2025-05-31
P01807,Apple Product 1807,Electronics,Apple,269.07,473.48,2024-10-26
P01808,Apple Product 1808,Electronics,Apple,275.14,434.69,2023-02-24
P01809,Adidas Product 1809,Fashion,Adidas,440.32,858.44,2023-04-26
P01810,Philips Product 1810,Home,Philips,359.26,667.18,2023-09-12
P01811,Sony Product 1811,Electronics,Sony,483.57,814.65,2022-10-12
P01812,Sony Product 1812,Electronics,Sony,459.14,797.65,2026-04-13
P01813,Bosch Product 1813,Home,Bosch,195.42,334.39,2023-02-23
P01814,Bosch Product 1814,Home,Bosch,65.42,123.88,2024-02-08
P01815,Under Armour Product 1815,Sports,Under Armour,8.89,17.5,2024-07-05
P01816,Philips Product 1816,Home,Philips,49.67,92.3,2025-06-26
P01817,Adidas Product 1817,Fashion,Adidas,109.14,208.7,2025-08-17
P01818,Reebok Product 1818,Sports,Reebok,162.01,299.69,2026-06-09
P01819,Wilson Product 1819,Sports,Wilson,140.65,177.79,2024-12-22
P01820,Under Armour Product 1820,Sports,Under Armour,369.79,717.84,2025-08-15
P01821,Bosch Product 1821,Home,Bosch,214.07,414.19,2022-02-21
P01822,Samsung Product 1822,Electronics,Samsung,350.75,562.98,2022-03-28
P01823,Philips Product 1823,Home,Philips,303.05,560.87,2022-02-15
P01824,Philips Product 1824,Home,Philips,349.13,631.78,2023-11-23
P01825,Puma Product 1825,Fashion,Puma,224.49,384.52,2024-03-31
P01826,Apple Product 1826,Electronics,Apple,104.04,150.28,2026-02-11
P01827,Penguin Product 1827,Books,Penguin,59.86,83.79,2021-09-15
P01828,Puma Product 1828,Fashion,Puma,344.45,631.76,2021-09-13
P01829,Philips Product 1829,Home,Philips,241.79,432.35,2025-06-01
P01830,Ikea Product 1830,Home,Ikea,345.3,642.75,2026-01-05
P01831,Ikea Product 1831,Home,Ikea,46.78,69.89,2022-08-17
P01832,Under Armour Product 1832,Sports,Under Armour,472.65,901.57,2023-12-17
P01833,Nike Product 1833,Fashion,Nike,474.31,919.45,2022-10-10
P01834,Penguin Product 1834,Books,Penguin,453.89,898.39,2024-08-14
P01835,Adidas Product 1835,Fashion,Adidas,352.12,470.08,2022-05-17
P01836,Reebok Product 1836,Sports,Reebok,217.31,306.0,2021-12-29
P01837,Apple Product 1837,Electronics,Apple,89.21,147.53,2022-02-26
P01838,Sony Product 1838,Electronics,Sony,265.29,482.48,2025-05-26
P01839,Reebok Product 1839,Sports,Reebok,249.6,344.34,2023-04-09
P01840,Nike Product 1840,Fashion,Nike,473.3,875.95,2022-02-17
P01841,Philips Product 1841,Home,Philips,374.49,563.85,2022-04-23
P01842,Wilson Product 1842,Sports,Wilson,302.04,602.92,2025-09-16
P01843,Bosch Product 1843,Home,Bosch,340.21,522.11,2025-04-06
P01844,Wilson Product 1844,Sports,Wilson,19.24,38.11,2023-12-04
P01845,Puma Product 1845,Fashion,Puma,228.23,319.21,2025-06-15
P01846,HarperCollins Product 1846,Books,HarperCollins,47.44,74.72,2025-09-28
P01847,Bosch Product 1847,Home,Bosch,201.79,276.41,2022-05-25
P01848,Reebok Product 1848,Sports,Reebok,214.53,359.93,2024-08-21
P01849,Samsung Product 1849,Electronics,Samsung,280.71,348.55,2025-07-02
P01850,Adidas Product 1850,Fashion,Adidas,454.57,907.95,2024-05-02
P01851,Penguin Product 1851,Books,Penguin,7.65,12.27,2025-01-02
P01852,Under Armour Product 1852,Sports,Under Armour,488.87,849.17,2022-01-05
P01853,Puma Product 1853,Fashion,Puma,25.36,34.07,2025-04-29
P01854,Puma Product 1854,Fashion,Puma,248.96,366.31,2024-06-11
P01855,Wilson Product 1855,Sports,Wilson,49.38,87.31,2022-05-31
P01856,Wilson Product 1856,Sports,Wilson,133.9,194.24,2021-11-19
P01857,Adidas Product 1857,Fashion,Adidas,436.48,815.28,2024-06-30
P01858,Philips Product 1858,Home,Philips,145.05,275.82,2026-04-06
P01859,HarperCollins Product 1859,Books,HarperCollins,260.9,404.04,2022-04-02
P01860,Adidas Product 1860,Fashion,Adidas,369.75,589.02,2022-07-15
P01861,Puma Product 1861,Fashion,Puma,427.25,737.41,2022-06-18
P01862,Wilson Product 1862,Sports,Wilson,98.52,122.52,2026-03-14
P01863,Nike Product 1863,Fashion,Nike,237.77,316.43,2026-05-19
P01864,Under Armour Product 1864,Sports,Under Armour,62.43,119.62,2026-03-25
P01865,Wilson Product 1865,Sports,Wilson,223.55,445.1,2022-01-04
P01866,HarperCollins Product 1866,Books,HarperCollins,231.59,298.75,2023-09-22
P01867,Nike Product 1867,Fashion,Nike,178.05,242.68,2025-12-22
P01868,Ikea Product 1868,Home,Ikea,418.3,752.92,2025-10-25
P01869,Bosch Product 1869,Home,Bosch,445.99,744.15,2023-12-14
P01870,Penguin Product 1870,Books,Penguin,265.38,439.64,2026-08-07
P01871,Wilson Product 1871,Sports,Wilson,126.85,202.77,2025-07-23
P01872,Apple Product 1872,Electronics,Apple,17.85,31.15,2022-10-19
P01873,Apple Product 1873,Electronics,Apple,189.91,369.06,2023-03-11
P01874,Apple Product 1874,Electronics,Apple,81.12,102.6,2021-10-11
P01875,Under Armour Product 1875,Sports,Under Armour,316.04,447.34,2023-12-21
P01876,Apple Product 1876,Electronics,Apple,485.04,836.66,2026-06-05
P01877,Under Armour Product 1877,Sports,Under Armour,473.97,947.87,2023-08-16
P01878,Penguin Product 1878,Books,Penguin,109.63,135.83,2023-07-22
P01879,Philips Product 1879,Home,Philips,400.08,718.16,2024-01-02
P01880,HarperCollins Product 1880,Books,HarperCollins,50.81,71.34,2023-12-25
P01881,Adidas Product 1881,Fashion,Adidas,49.15,92.49,2023-07-21
P01882,Adidas Product 1882,Fashion,Adidas,390.85,558.11,2025-10-11
P01883,Nike Product 1883,Fashion,Nike,152.78,281.25,2021-12-27
P01884,Bosch Product 1884,Home,Bosch,303.74,451.73,2025-12-25
P01885,Apple Product 1885,Electronics,Apple,258.76,411.87,2024-11-18
P01886,Under Armour Product 1886,Sports,Under Armour,137.9,231.71,2024-08-09
P01887,Apple Product 1887,Electronics,Apple,406.44,687.33,2021-12-31
P01888,Reebok Product 1888,Sports,Reebok,215.88,266.04,2026-05-08
P01889,Philips Product 1889,Home,Philips,339.84,583.88,2022-10-03
P01890,Adidas Product 1890,Fashion,Adidas,266.0,456.93,2022-07-25
P01891,Apple Product 1891,Electronics,Apple,236.77,299.12,2025-12-25
P01892,Under Armour Product 1892,Sports,Under Armour,78.56,102.3,2024-04-26
P01893,Ikea Product 1893,Home,Ikea,263.93,379.11,2025-12-04
P01894,Sony Product 1894,Electronics,Sony,42.88,53.0,2023-10-03
P01895,Sony Product 1895,Electronics,Sony,215.33,274.67,2023-04-04
P01896,HarperCollins Product 1896,Books,HarperCollins,180.95,301.91,2023-05-17
P01897,Penguin Product 1897,Books,Penguin,61.4,106.18,2024-10-26
P01898,Nike Product 1898,Fashion,Nike,422.24,521.98,2022-05-29
P01899,Reebok Product 1899,Sports,Reebok,152.34,254.37,2024-05-15
P01900,Reebok Product 1900,Sports,Reebok,227.72,420.43,2022-12-04
P01901,Ikea Product 1901,Home,Ikea,109.48,138.23,2023-08-26
P01902,HarperCollins Product 1902,Books,HarperCollins,436.45,560.87,2025-01-03
P01903,Penguin Product 1903,Books,Penguin,7.89,10.2,2023-02-24
P01904,Puma Product 1904,Fashion,Puma,241.17,422.88,2025-07-09
P01905,HarperCollins Product 1905,Books,HarperCollins,154.89,286.62,2025-10-11
P01906,HarperCollins Product 1906,Books,HarperCollins,346.88,683.53,2022-09-27
P01907,Under Armour Product 1907,Sports,Under Armour,48.38,63.29,2023-11-13
P01908,Nike Product 1908,Fashion,Nike,408.9,718.37,2022-11-13
P01909,Nike Product 1909,Fashion,Nike,108.57,186.62,2021-09-14
P01910,Adidas Product 1910,Fashion,Adidas,421.83,795.8,2025-10-27
P01911,Penguin Product 1911,Books,Penguin,47.62,86.47,2023-12-17
P01912,Adidas Product 1912,Fashion,Adidas,213.83,276.52,2024-06-19
P01913,Puma Product 1913,Fashion,Puma,352.79,695.38,2022-04-06
P01914,Wilson Product 1914,Sports,Wilson,430.6,718.32,2025-08-14
P01915,Adidas Product 1915,Fashion,Adidas,286.87,535.61,2024-03-13
P01916,Apple Product 1916,Electronics,Apple,8.9,15.17,2025-09-27
P01917,Under Armour Product 1917,Sports,Under Armour,425.07,760.73,2026-08-22
P01918,HarperCollins Product 1918,Books,HarperCollins,23.32,35.44,2022-11-01
P01919,HarperCollins Product 1919,Books,HarperCollins,119.79,149.57,2023-01-29
P01920,Apple Product 1920,Electronics,Apple,290.32,476.88,2022-05-19
P01921,Bosch Product 1921,Home,Bosch,211.48,333.86,2024-11-08
P01922,Reebok Product 1922,Sports,Reebok,469.79,694.07,2026-06-01
P01923,Wilson Product 1923,Sports,Wilson,84.86,151.13,2025-10-09
P01924,Under Armour Product 1924,Sports,Under Armour,221.86,356.33,2021-09-29
P01925,HarperCollins Product 1925,Books,HarperCollins,461.26,868.44,2023-07-28
P01926,Wilson Product 1926,Sports,Wilson,442.17,786.35,2023-08-06
P01927,Under Armour Product 1927,Sports,Under Armour,417.37,725.59,2021-10-13
P01928,Philips Product 1928,Home,Philips,400.88,751.9,2021-09-09
P01929,Penguin Product 1929,Books,Penguin,144.82,260.59,2022-08-04
P01930,Wilson Product 1930,Sports,Wilson,90.78,120.29,2023-05-15
P01931,Wilson Product 1931,Sports,Wilson,397.77,777.42,2024-11-03
P01932,Under Armour Product 1932,Sports,Under Armour,121.19,199.41,2023-01-12
P01933,Apple Product 1933,Electronics,Apple,441.05,655.24,2023-11-24
P01934,Nike Product 1934,Fashion,Nike,414.83,794.63,2025-04-01
P01935,Samsung Product 1935,Electronics,Samsung,172.18,222.31,2024-10-24
P01936,Nike Product 1936,Fashion,Nike,283.18,450.0,2022-04-29
P01937,Philips Product 1937,Home,Philips,385.84,700.71,2021-09-13
P01938,HarperCollins Product 1938,Books,HarperCollins,448.68,844.74,2022-04-16
P01939,Penguin Product 1939,Books,Penguin,354.67,688.52,2022-03-06
P01940,Under Armour Product 1940,Sports,Under Armour,481.51,868.94,2023-12-18
P01941,Sony Product 1941,Electronics,Sony,306.78,578.8,2023-11-26
P01942,Sony Product 1942,Electronics,Sony,25.77,33.1,2023-10-22
P01943,Samsung Product 1943,Electronics,Samsung,455.94,604.41,2023-11-12
P01944,Bosch Product 1944,Home,Bosch,223.55,358.73,2023-01-12
P01945,Samsung Product 1945,Electronics,Samsung,325.31,477.45,2022-04-18
P01946,Nike Product 1946,Fashion,Nike,425.05,659.37,2021-09-04
P01947,Wilson Product 1947,Sports,Wilson,126.43,233.56,2024-10-29
P01948,Philips Product 1948,Home,Philips,254.99,323.38,2026-05-10
P01949,Bosch Product 1949,Home,Bosch,378.65,563.63,2024-06-09
P01950,Nike Product 1950,Fashion,Nike,377.84,613.51,2022-10-16
P01951,Nike Product 1951,Fashion,Nike,401.88,615.17,2025-01-21
P01952,Under Armour Product 1952,Sports,Under Armour,476.16,768.01,2022-07-18
P01953,Ikea Product 1953,Home,Ikea,224.08,406.96,2024-08-04
P01954,Penguin Product 1954,Books,Penguin,46.97,68.19,2023-11-13
P01955,Adidas Product 1955,Fashion,Adidas,35.43,64.03,2022-03-05
P01956,Puma Product 1956,Fashion,Puma,33.62,57.33,2026-03-22
P01957,HarperCollins Product 1957,Books,HarperCollins,212.56,405.7,2024-01-28
P01958,HarperCollins Product 1958,Books,HarperCollins,362.17,525.49,2021-12-24
P01959,Ikea Product 1959,Home,Ikea,414.37,795.66,2026-07-16
P01960,Penguin Product 1960,Books,Penguin,351.65,547.5,2025-07-21
P01961,Puma Product 1961,Fashion,Puma,314.06,532.19,2022-09-14
P01962,Reebok Product 1962,Sports,Reebok,175.9,325.32,2026-05-05
P01963,Wilson Product 1963,Sports,Wilson,441.08,559.04,2024-04-20
P01964,HarperCollins Product 1964,Books,HarperCollins,198.05,351.56,2022-02-17
P01965,Puma Product 1965,Fashion,Puma,496.0,707.86,2025-06-19
P01966,Sony Product 1966,Electronics,Sony,278.13,449.76,2023-01-22
P01967,Nike Product 1967,Fashion,Nike,18.81,34.56,2024-08-20
P01968,HarperCollins Product 1968,Books,HarperCollins,124.46,226.43,2024-07-20
P01969,Reebok Product 1969,Sports,Reebok,59.67,74.47,2023-08-11
P01970,Philips Product 1970,Home,Philips,315.36,467.86,2021-09-01
P01971,Sony Product 1971,Electronics,Sony,470.96,734.22,2024-02-13
P01972,Penguin Product 1972,Books,Penguin,229.31,455.49,2022-11-25
P01973,Penguin Product 1973,Books,Penguin,178.42,254.72,2024-08-10
P01974,Penguin Product 1974,Books,Penguin,358.6,579.4,2023-07-06
P01975,Nike Product 1975,Fashion,Nike,167.28,278.67,2025-05-15
P01976,Philips Product 1976,Home,Philips,53.5,94.66,2021-09-01
P01977,Wilson Product 1977,Sports,Wilson,50.66,78.01,2025-12-19
P01978,Adidas Product 1978,Fashion,Adidas,111.32,140.54,2022-12-10
P01979,HarperCollins Product 1979,Books,HarperCollins,296.18,478.38,2022-03-18
P01980,Under Armour Product 1980,Sports,Under Armour,294.23,502.89,2025-07-21
P01981,Reebok Product 1981,Sports,Reebok,465.86,741.48,2023-12-15
P01982,Wilson Product 1982,Sports,Wilson,76.45,99.51,2025-05-07
P01983,Wilson Product 1983,Sports,Wilson,484.18,779.8,2023-06-17
P01984,Penguin Product 1984,Books,Penguin,348.76,545.58,2023-01-21
P01985,Sony Product 1985,Electronics,Sony,82.64,136.13,2026-06-30
P01986,Sony Product 1986,Electronics,Sony,426.9,549.96,2026-08-14
P01987,Bosch Product 1987,Home,Bosch,148.35,240.06,2024-02-23
P01988,Apple Product 1988,Electronics,Apple,155.94,233.84,2024-09-22
P01989,Philips Product 1989,Home,Philips,18.85,24.77,2026-03-28
P01990,HarperCollins Product 1990,Books,HarperCollins,29.08,55.7,2023-04-14
P01991,Ikea Product 1991,Home,Ikea,95.62,171.33,2023-04-16
P01992,Samsung Product 1992,Electronics,Samsung,276.03,346.16,2024-08-19
P01993,Apple Product 1993,Electronics,Apple,243.18,352.07,2025-12-28
P01994,Under Armour Product 1994,Sports,Under Armour,391.77,619.07,2021-10-30
P01995,Penguin Product 1995,Books,Penguin,382.17,612.93,2021-09-25
P01996,Under Armour Product 1996,Sports,Under Armour,335.27,442.28,2022-07-03
P01997,Ikea Product 1997,Home,Ikea,400.91,694.22,2023-08-16
P01998,Under Armour Product 1998,Sports,Under Armour,120.25,182.34,2026-02-13
P01999,Penguin Product 1999,Books,Penguin,479.25,916.34,2025-09-04
P02000,Bosch Product 2000,Home,Bosch,48.82,65.05,2022-07-31
P02001,Sony Product 2001,Electronics,Sony,316.9,575.89,2024-12-29
P02002,Bosch Product 2002,Home,Bosch,324.35,556.3,2024-04-28
P02003,Samsung Product 2003,Electronics,Samsung,477.81,780.49,2021-08-26
P02004,Sony Product 2004,Electronics,Sony,263.27,474.0,2026-08-22
P02005,Penguin Product 2005,Books,Penguin,64.54,125.78,2025-03-07
P02006,Nike Product 2006,Fashion,Nike,141.11,192.56,2026-02-10
P02007,HarperCollins Product 2007,Books,HarperCollins,46.9,76.3,2025-09-18
P02008,Philips Product 2008,Home,Philips,296.5,472.38,2022-07-08
P02009,Apple Product 2009,Electronics,Apple,221.32,339.05,2023-09-12
P02010,HarperCollins Product 2010,Books,HarperCollins,194.1,247.05,2025-01-23
P02011,Sony Product 2011,Electronics,Sony,88.24,116.06,2026-03-13
P02012,Ikea Product 2012,Home,Ikea,81.34,159.57,2023-12-02
P02013,Nike Product 2013,Fashion,Nike,309.17,451.46,2025-10-02
P02014,Sony Product 2014,Electronics,Sony,33.96,51.35,2023-03-10
P02015,Ikea Product 2015,Home,Ikea,209.35,305.52,2022-09-28
P02016,Wilson Product 2016,Sports,Wilson,30.68,42.7,2025-12-27
P02017,Penguin Product 2017,Books,Penguin,249.02,448.71,2025-12-22
P02018,Wilson Product 2018,Sports,Wilson,138.3,201.18,2023-01-15
P02019,HarperCollins Product 2019,Books,HarperCollins,37.4,45.74,2023-05-08
P02020,Nike Product 2020,Fashion,Nike,138.23,272.42,2024-07-31
P02021,Samsung Product 2021,Electronics,Samsung,382.67,658.67,2025-12-10
P02022,Adidas Product 2022,Fashion,Adidas,286.28,445.68,2025-08-14
P02023,Penguin Product 2023,Books,Penguin,392.53,515.74,2025-01-21
P02024,Penguin Product 2024,Books,Penguin,392.1,639.13,2022-01-05
P02025,Reebok Product 2025,Sports,Reebok,228.61,274.52,2022-04-28
P02026,Reebok Product 2026,Sports,Reebok,148.18,293.05,2023-12-30
P02027,Samsung Product 2027,Electronics,Samsung,467.09,740.69,2025-02-01
P02028,HarperCollins Product 2028,Books,HarperCollins,420.55,632.56,2026-05-24
P02029,Bosch Product 2029,Home,Bosch,110.31,206.56,2025-06-03
P02030,Ikea Product 2030,Home,Ikea,84.9,138.16,2024-11-25
P02031,Apple Product 2031,Electronics,Apple,49.41,86.9,2022-10-01
P02032,Puma Product 2032,Fashion,Puma,280.46,399.25,2023-11-18
P02033,Wilson Product 2033,Sports,Wilson,307.17,603.88,2025-12-03
P02034,Bosch Product 2034,Home,Bosch,472.98,807.91,2024-06-05
P02035,Under Armour Product 2035,Sports,Under Armour,126.73,251.74,2023-11-16
P02036,Ikea Product 2036,Home,Ikea,232.6,390.68,2026-06-02
P02037,Sony Product 2037,Electronics,Sony,71.19,137.95,2022-06-23
P02038,HarperCollins Product 2038,Books,HarperCollins,7.12,8.6,2023-01-27
P02039,Adidas Product 2039,Fashion,Adidas,280.12,492.22,2023-03-11
P02040,Under Armour Product 2040,Sports,Under Armour,271.38,496.58,2022-01-08
P02041,Sony Product 2041,Electronics,Sony,20.32,37.91,2025-02-24
P02042,Reebok Product 2042,Sports,Reebok,66.09,130.7,2024-12-02
P02043,Reebok Product 2043,Sports,Reebok,182.19,244.45,2023-07-01
P02044,Samsung Product 2044,Electronics,Samsung,234.03,456.12,2023-12-07
P02045,Wilson Product 2045,Sports,Wilson,114.65,139.39,2024-06-09
P02046,Bosch Product 2046,Home,Bosch,461.09,685.3,2024-07-19
P02047,Sony Product 2047,Electronics,Sony,314.49,580.78,2023-08-24
P02048,Nike Product 2048,Fashion,Nike,490.16,967.5,2025-10-27
P02049,Apple Product 2049,Electronics,Apple,248.95,438.96,2023-05-15
P02050,Penguin Product 2050,Books,Penguin,8.53,16.95,2025-10-18
P02051,Wilson Product 2051,Sports,Wilson,435.61,721.06,2022-11-25
P02052,Wilson Product 2052,Sports,Wilson,278.13,480.57,2022-01-10
P02053,Penguin Product 2053,Books,Penguin,37.35,48.65,2023-11-10
P02054,Samsung Product 2054,Electronics,Samsung,133.51,221.08,2022-01-24
P02055,Puma Product 2055,Fashion,Puma,365.8,519.24,2023-06-29
P02056,Sony Product 2056,Electronics,Sony,340.48,575.94,2023-04-01
P02057,HarperCollins Product 2057,Books,HarperCollins,5.97,9.2,2022-10-05
P02058,Apple Product 2058,Electronics,Apple,219.11,437.36,2022-05-31
P02059,Ikea Product 2059,Home,Ikea,341.69,537.57,2023-01-10
P02060,Bosch Product 2060,Home,Bosch,380.72,726.05,2024-11-16
P02061,Nike Product 2061,Fashion,Nike,142.58,219.01,2023-07-17
P02062,Under Armour Product 2062,Sports,Under Armour,7.55,10.24,2023-04-24
P02063,Sony Product 2063,Electronics,Sony,404.8,806.45,2021-11-09
P02064,Puma Product 2064,Fashion,Puma,214.79,270.54,2026-02-22
P02065,Nike Product 2065,Fashion,Nike,86.42,125.19,2025-08-06
P02066,Samsung Product 2066,Electronics,Samsung,242.58,447.91,2024-07-08
P02067,HarperCollins Product 2067,Books,HarperCollins,421.05,588.51,2025-08-19
P02068,Wilson Product 2068,Sports,Wilson,479.61,894.96,2023-10-15
P02069,Bosch Product 2069,Home,Bosch,398.09,778.2,2023-02-12
P02070,HarperCollins Product 2070,Books,HarperCollins,383.23,651.6,2021-09-24
P02071,Penguin Product 2071,Books,Penguin,47.34,59.11,2021-12-19
P02072,Apple Product 2072,Electronics,Apple,160.07,300.64,2023-05-10
P02073,Samsung Product 2073,Electronics,Samsung,35.69,65.74,2024-04-08
P02074,Apple Product 2074,Electronics,Apple,307.32,474.95,2022-10-10
P02075,Sony Product 2075,Electronics,Sony,32.62,40.51,2023-06-23
P02076,Under Armour Product 2076,Sports,Under Armour,52.44,94.47,2025-03-29
P02077,Puma Product 2077,Fashion,Puma,394.8,670.85,2026-05-09
P02078,Under Armour Product 2078,Sports,Under Armour,234.78,362.14,2022-04-28
P02079,Penguin Product 2079,Books,Penguin,173.11,337.58,2023-01-16
P02080,Apple Product 2080,Electronics,Apple,261.02,435.97,2026-04-21
P02081,Samsung Product 2081,Electronics,Samsung,11.08,19.62,2022-08-12
P02082,Penguin Product 2082,Books,Penguin,452.66,588.81,2025-01-19
P02083,HarperCollins Product 2083,Books,HarperCollins,180.92,286.78,2025-02-15
P02084,HarperCollins Product 2084,Books,HarperCollins,97.03,127.12,2025-12-12
P02085,Samsung Product 2085,Electronics,Samsung,68.2,113.73,2022-03-04
P02086,HarperCollins Product 2086,Books,HarperCollins,159.04,303.48,2026-05-01
P02087,Nike Product 2087,Fashion,Nike,237.41,399.48,2026-07-04
P02088,Philips Product 2088,Home,Philips,485.28,783.31,2023-08-20
P02089,Nike Product 2089,Fashion,Nike,122.51,227.3,2025-05-15
P02090,Penguin Product 2090,Books,Penguin,213.92,290.15,2024-09-06
P02091,Puma Product 2091,Fashion,Puma,454.71,831.31,2025-11-28
P02092,Ikea Product 2092,Home,Ikea,335.59,589.24,2022-10-20
P02093,Reebok Product 2093,Sports,Reebok,347.74,654.31,2022-09-19
P02094,HarperCollins Product 2094,Books,HarperCollins,309.97,475.79,2024-01-08
P02095,Nike Product 2095,Fashion,Nike,229.88,420.99,2022-04-27
P02096,Apple Product 2096,Electronics,Apple,113.61,136.67,2024-04-04
P02097,Puma Product 2097,Fashion,Puma,118.99,202.18,2021-11-15
P02098,Adidas Product 2098,Fashion,Adidas,368.62,723.26,2025-07-10
P02099,Bosch Product 2099,Home,Bosch,191.08,290.49,2023-07-03
P02100,Apple Product 2100,Electronics,Apple,9.9,14.71,2026-08-16
P02101,Penguin Product 2101,Books,Penguin,75.49,117.19,2023-05-13
P02102,HarperCollins Product 2102,Books,HarperCollins,26.73,32.71,2023-05-22
P02103,Adidas Product 2103,Fashion,Adidas,91.2,174.04,2026-03-29
P02104,Adidas Product 2104,Fashion,Adidas,424.53,592.97,2022-08-17
P02105,Nike Product 2105,Fashion,Nike,92.16,129.89,2025-12-09
P02106,Samsung Product 2106,Electronics,Samsung,416.57,545.62,2026-04-13
P02107,Apple Product 2107,Electronics,Apple,468.38,676.37,2025-06-09
P02108,Adidas Product 2108,Fashion,Adidas,405.7,701.34,2022-03-13
P02109,HarperCollins Product 2109,Books,HarperCollins,439.8,550.76,2025-02-03
P02110,Nike Product 2110,Fashion,Nike,398.47,539.27,2022-02-02
P02111,Reebok Product 2111,Sports,Reebok,190.26,319.57,2024-10-10
P02112,Nike Product 2112,Fashion,Nike,382.73,639.11,2022-05-04
P02113,HarperCollins Product 2113,Books,HarperCollins,395.85,578.79,2023-10-31
P02114,Sony Product 2114,Electronics,Sony,398.83,757.09,2023-08-19
P02115,HarperCollins Product 2115,Books,HarperCollins,108.57,137.35,2024-01-09
P02116,Reebok Product 2116,Sports,Reebok,309.37,412.68,2026-04-09
P02117,Reebok Product 2117,Sports,Reebok,376.81,564.99,2022-05-14
P02118,HarperCollins Product 2118,Books,HarperCollins,93.6,165.67,2025-10-30
P02119,HarperCollins Product 2119,Books,HarperCollins,359.25,573.3,2026-03-24
P02120,Bosch Product 2120,Home,Bosch,203.47,394.11,2023-10-16
P02121,Penguin Product 2121,Books,Penguin,107.56,206.08,2024-04-18
P02122,Wilson Product 2122,Sports,Wilson,200.97,290.36,2026-02-18
P02123,Reebok Product 2123,Sports,Reebok,82.82,155.2,2022-04-12
P02124,Bosch Product 2124,Home,Bosch,46.96,84.59,2025-01-27
P02125,Philips Product 2125,Home,Philips,261.82,362.4,2022-09-20
P02126,Apple Product 2126,Electronics,Apple,258.57,379.86,2023-08-10
P02127,Under Armour Product 2127,Sports,Under Armour,219.09,327.32,2022-02-08
P02128,Under Armour Product 2128,Sports,Under Armour,140.14,170.94,2024-02-14
P02129,Wilson Product 2129,Sports,Wilson,136.48,172.06,2026-02-20
P02130,Apple Product 2130,Electronics,Apple,422.09,679.66,2024-09-19
P02131,Apple Product 2131,Electronics,Apple,463.67,592.91,2024-08-08
P02132,Apple Product 2132,Electronics,Apple,23.95,32.58,2022-09-15
P02133,Puma Product 2133,Fashion,Puma,167.97,242.24,2022-06-12
P02134,Ikea Product 2134,Home,Ikea,354.29,708.01,2024-05-28
P02135,HarperCollins Product 2135,Books,HarperCollins,9.22,13.27,2021-09-15
P02136,Philips Product 2136,Home,Philips,473.18,878.93,2022-02-15
P02137,Apple Product 2137,Electronics,Apple,328.78,654.74,2025-10-22
P02138,Adidas Product 2138,Fashion,Adidas,117.65,209.26,2023-11-27
P02139,Adidas Product 2139,Fashion,Adidas,120.69,201.5,2025-01-19
P02140,HarperCollins Product 2140,Books,HarperCollins,362.64,569.03,2023-07-04
P02141,Apple Product 2141,Electronics,Apple,423.67,653.74,2025-02-12
P02142,Wilson Product 2142,Sports,Wilson,222.15,418.17,2022-04-24
P02143,Apple Product 2143,Electronics,Apple,73.78,140.11,2025-12-03
P02144,Bosch Product 2144,Home,Bosch,9.79,18.1,2022-12-02
P02145,Philips Product 2145,Home,Philips,116.62,179.66,2026-04-18
P02146,Reebok Product 2146,Sports,Reebok,271.11,396.05,2024-05-30
P02147,Sony Product 2147,Electronics,Sony,393.75,762.98,2026-01-31
P02148,Adidas Product 2148,Fashion,Adidas,286.25,526.5,2023-08-03
P02149,HarperCollins Product 2149,Books,HarperCollins,490.19,668.31,2022-07-09
P02150,Wilson Product 2150,Sports,Wilson,269.57,364.1,2022-10-18
P02151,Apple Product 2151,Electronics,Apple,286.91,447.93,2021-12-14
P02152,Ikea Product 2152,Home,Ikea,89.85,156.33,2023-11-18
P02153,Nike Product 2153,Fashion,Nike,414.11,696.82,2025-08-15
P02154,Samsung Product 2154,Electronics,Samsung,103.5,199.66,2025-07-12
P02155,Under Armour Product 2155,Sports,Under Armour,106.92,153.2,2025-06-05
P02156,Penguin Product 2156,Books,Penguin,230.06,343.92,2022-03-18
P02157,Samsung Product 2157,Electronics,Samsung,166.75,321.47,2024-02-09
P02158,Wilson Product 2158,Sports,Wilson,494.85,644.94,2022-03-09
P02159,Under Armour Product 2159,Sports,Under Armour,372.86,563.46,2023-08-25
P02160,Nike Product 2160,Fashion,Nike,435.87,631.06,2024-01-16
P02161,Wilson Product 2161,Sports,Wilson,303.84,592.89,2025-05-01
P02162,Penguin Product 2162,Books,Penguin,253.73,443.49,2022-02-24
P02163,Ikea Product 2163,Home,Ikea,8.68,11.41,2024-05-09
P02164,Apple Product 2164,Electronics,Apple,304.4,425.39,2026-05-20
P02165,Bosch Product 2165,Home,Bosch,440.22,690.34,2025-07-26
P02166,Penguin Product 2166,Books,Penguin,369.96,529.16,2025-03-10
P02167,Under Armour Product 2167,Sports,Under Armour,351.66,622.2,2023-01-31
P02168,Philips Product 2168,Home,Philips,308.45,570.01,2022-08-04
P02169,Adidas Product 2169,Fashion,Adidas,128.32,246.37,2022-03-20
P02170,Under Armour Product 2170,Sports,Under Armour,195.41,337.52,2024-10-10
P02171,Penguin Product 2171,Books,Penguin,199.81,390.94,2024-05-17
P02172,Nike Product 2172,Fashion,Nike,140.52,239.23,2026-04-16
P02173,Bosch Product 2173,Home,Bosch,458.57,806.37,2021-10-29
P02174,Adidas Product 2174,Fashion,Adidas,208.58,377.42,2021-12-05
P02175,Apple Product 2175,Electronics,Apple,42.88,55.07,2025-11-27
P02176,Philips Product 2176,Home,Philips,228.21,320.0,2022-05-11
P02177,Penguin Product 2177,Books,Penguin,233.77,294.21,2022-06-03
P02178,Under Armour Product 2178,Sports,Under Armour,175.11,266.07,2023-12-15
P02179,Adidas Product 2179,Fashion,Adidas,23.7,33.19,2024-10-26
P02180,Adidas Product 2180,Fashion,Adidas,336.8,529.25,2025-02-24
P02181,Wilson Product 2181,Sports,Wilson,45.86,79.14,2024-01-07
P02182,Wilson Product 2182,Sports,Wilson,238.04,338.81,2022-03-21
P02183,Nike Product 2183,Fashion,Nike,420.06,708.05,2026-08-10
P02184,Adidas Product 2184,Fashion,Adidas,66.45,119.16,2021-09-20
P02185,Nike Product 2185,Fashion,Nike,337.34,407.83,2025-02-24
P02186,Ikea Product 2186,Home,Ikea,223.13,299.52,2025-12-02
P02187,Sony Product 2187,Electronics,Sony,268.49,417.14,2025-11-13
P02188,Sony Product 2188,Electronics,Sony,406.7,696.6,2026-04-24
P02189,Apple Product 2189,Electronics,Apple,346.72,539.22,2022-11-28
P02190,Penguin Product 2190,Books,Penguin,29.09,43.69,2024-02-24
P02191,Nike Product 2191,Fashion,Nike,190.45,264.88,2025-12-22
P02192,Samsung Product 2192,Electronics,Samsung,213.73,425.63,2024-08-01
P02193,Ikea Product 2193,Home,Ikea,341.58,427.16,2023-05-07
P02194,Sony Product 2194,Electronics,Sony,88.1,117.49,2024-08-12
P02195,Reebok Product 2195,Sports,Reebok,58.3,85.22,2025-03-01
P02196,Penguin Product 2196,Books,Penguin,314.21,611.91,2024-05-15
P02197,Under Armour Product 2197,Sports,Under Armour,64.8,88.84,2022-08-25
P02198,Philips Product 2198,Home,Philips,90.94,138.38,2022-07-21
P02199,Ikea Product 2199,Home,Ikea,197.65,309.72,2022-09-28
P02200,Sony Product 2200,Electronics,Sony,408.47,702.55,2022-08-23
P02201,Ikea Product 2201,Home,Ikea,38.33,52.7,2023-11-28
P02202,Bosch Product 2202,Home,Bosch,252.29,502.66,2024-09-30
P02203,Penguin Product 2203,Books,Penguin,129.71,165.48,2023-04-30
P02204,Bosch Product 2204,Home,Bosch,349.68,609.25,2025-02-11
P02205,Adidas Product 2205,Fashion,Adidas,91.79,166.08,2022-04-05
P02206,Bosch Product 2206,Home,Bosch,243.65,357.7,2026-04-04
P02207,HarperCollins Product 2207,Books,HarperCollins,194.27,332.68,2025-03-31
P02208,Puma Product 2208,Fashion,Puma,295.8,588.85,2022-05-14
P02209,Nike Product 2209,Fashion,Nike,310.09,594.57,2022-08-14
P02210,Ikea Product 2210,Home,Ikea,370.27,668.63,2022-08-22
P02211,Penguin Product 2211,Books,Penguin,34.66,51.98,2022-10-13
P02212,Ikea Product 2212,Home,Ikea,80.08,109.19,2024-05-08
P02213,Samsung Product 2213,Electronics,Samsung,462.09,775.6,2025-10-10
P02214,Reebok Product 2214,Sports,Reebok,439.28,574.32,2023-09-13
P02215,Bosch Product 2215,Home,Bosch,394.55,485.96,2025-08-28
P02216,Reebok Product 2216,Sports,Reebok,407.29,733.3,2022-10-21
P02217,Puma Product 2217,Fashion,Puma,168.98,235.52,2022-01-18
P02218,Penguin Product 2218,Books,Penguin,453.78,785.95,2023-10-30
P02219,Puma Product 2219,Fashion,Puma,349.66,481.82,2025-12-01
P02220,Reebok Product 2220,Sports,Reebok,164.21,255.16,2022-12-24
P02221,Samsung Product 2221,Electronics,Samsung,435.58,547.08,2025-02-24
P02222,Nike Product 2222,Fashion,Nike,319.01,418.93,2022-02-28
P02223,Nike Product 2223,Fashion,Nike,50.42,84.41,2022-08-10
P02224,Nike Product 2224,Fashion,Nike,256.18,394.77,2025-01-04
P02225,Under Armour Product 2225,Sports,Under Armour,86.26,117.14,2024-05-19
P02226,Wilson Product 2226,Sports,Wilson,304.9,439.81,2022-08-09
P02227,HarperCollins Product 2227,Books,HarperCollins,484.02,658.81,2023-09-07
P02228,Wilson Product 2228,Sports,Wilson,475.75,707.76,2025-09-14
P02229,Wilson Product 2229,Sports,Wilson,238.0,366.08,2024-03-29
P02230,HarperCollins Product 2230,Books,HarperCollins,381.36,707.68,2023-07-17
P02231,Wilson Product 2231,Sports,Wilson,382.16,589.26,2022-07-26
P02232,Apple Product 2232,Electronics,Apple,299.62,396.17,2025-03-22
P02233,Adidas Product 2233,Fashion,Adidas,193.32,279.29,2025-07-03
P02234,Philips Product 2234,Home,Philips,283.26,448.88,2025-08-12
P02235,Ikea Product 2235,Home,Ikea,358.86,486.82,2025-07-17
P02236,Nike Product 2236,Fashion,Nike,11.35,18.17,2026-04-14
P02237,Philips Product 2237,Home,Philips,205.25,314.58,2024-04-13
P02238,Reebok Product 2238,Sports,Reebok,189.71,301.95,2023-08-08
P02239,Penguin Product 2239,Books,Penguin,207.35,255.26,2025-05-06
P02240,Apple Product 2240,Electronics,Apple,466.4,620.26,2022-09-23
P02241,Under Armour Product 2241,Sports,Under Armour,386.78,696.69,2021-09-11
P02242,Bosch Product 2242,Home,Bosch,356.02,608.08,2025-06-14
P02243,Bosch Product 2243,Home,Bosch,33.56,50.62,2024-07-22
P02244,Reebok Product 2244,Sports,Reebok,127.16,201.19,2025-06-03
P02245,Bosch Product 2245,Home,Bosch,354.75,433.72,2022-02-01
P02246,Adidas Product 2246,Fashion,Adidas,304.69,595.79,2025-11-19
P02247,Adidas Product 2247,Fashion,Adidas,127.47,211.94,2026-03-16
P02248,Nike Product 2248,Fashion,Nike,62.78,79.97,2021-10-05
P02249,Under Armour Product 2249,Sports,Under Armour,354.5,701.67,2022-04-07
P02250,Sony Product 2250,Electronics,Sony,455.42,865.66,2024-08-09
P02251,Adidas Product 2251,Fashion,Adidas,130.17,187.68,2026-06-21
P02252,HarperCollins Product 2252,Books,HarperCollins,295.11,527.4,2022-12-29
P02253,Samsung Product 2253,Electronics,Samsung,319.91,582.67,2022-01-31
P02254,Ikea Product 2254,Home,Ikea,138.17,188.96,2023-01-08
P02255,Reebok Product 2255,Sports,Reebok,157.51,313.39,2024-05-28
P02256,Wilson Product 2256,Sports,Wilson,52.95,96.32,2024-06-25
P02257,Reebok Product 2257,Sports,Reebok,211.34,302.36,2021-10-05
P02258,Wilson Product 2258,Sports,Wilson,92.32,124.55,2024-04-16
P02259,Nike Product 2259,Fashion,Nike,245.8,393.79,2021-11-06
P02260,Apple Product 2260,Electronics,Apple,285.71,391.44,2024-11-05
P02261,Nike Product 2261,Fashion,Nike,376.21,694.99,2023-06-16
P02262,Adidas Product 2262,Fashion,Adidas,491.56,932.63,2021-11-08
P02263,Reebok Product 2263,Sports,Reebok,456.92,588.22,2021-08-27
P02264,Nike Product 2264,Fashion,Nike,150.1,225.48,2024-06-19
P02265,Ikea Product 2265,Home,Ikea,174.37,290.94,2023-02-04
P02266,Under Armour Product 2266,Sports,Under Armour,338.04,432.91,2022-06-11
P02267,Apple Product 2267,Electronics,Apple,377.14,454.75,2024-01-25
P02268,Penguin Product 2268,Books,Penguin,52.94,85.65,2023-07-25
P02269,Apple Product 2269,Electronics,Apple,303.48,603.78,2023-04-10
P02270,Philips Product 2270,Home,Philips,239.25,351.61,2024-12-14
P02271,Under Armour Product 2271,Sports,Under Armour,188.54,360.51,2025-11-16
P02272,Ikea Product 2272,Home,Ikea,470.79,815.44,2024-09-19
P02273,Reebok Product 2273,Sports,Reebok,33.33,49.49,2024-05-05
P02274,Ikea Product 2274,Home,Ikea,6.53,12.38,2023-09-18
P02275,Reebok Product 2275,Sports,Reebok,418.53,811.96,2024-03-07
P02276,Sony Product 2276,Electronics,Sony,65.83,106.94,2025-08-16
P02277,Adidas Product 2277,Fashion,Adidas,228.7,399.98,2024-10-18
P02278,Reebok Product 2278,Sports,Reebok,209.5,282.9,2024-04-09
P02279,Ikea Product 2279,Home,Ikea,318.72,605.17,2024-11-12
P02280,Bosch Product 2280,Home,Bosch,224.93,379.1,2026-02-12
P02281,Reebok Product 2281,Sports,Reebok,308.23,389.94,2025-05-15
P02282,Under Armour Product 2282,Sports,Under Armour,493.5,930.58,2025-07-19
P02283,Sony Product 2283,Electronics,Sony,195.5,329.56,2022-04-17
P02284,Puma Product 2284,Fashion,Puma,438.74,801.97,2022-12-08
P02285,Penguin Product 2285,Books,Penguin,68.29,125.48,2024-09-06
P02286,Bosch Product 2286,Home,Bosch,498.17,991.25,2025-09-03
P02287,Wilson Product 2287,Sports,Wilson,448.72,881.3,2021-10-14
P02288,Reebok Product 2288,Sports,Reebok,272.63,380.23,2023-03-14
P02289,Puma Product 2289,Fashion,Puma,351.45,451.39,2024-10-11
P02290,Samsung Product 2290,Electronics,Samsung,464.86,679.25,2024-04-08
P02291,Under Armour Product 2291,Sports,Under Armour,114.09,160.42,2022-07-28
P02292,Reebok Product 2292,Sports,Reebok,65.93,86.28,2026-03-19
P02293,HarperCollins Product 2293,Books,HarperCollins,49.77,87.27,2021-12-25
P02294,Puma Product 2294,Fashion,Puma,384.34,645.9,2023-07-10
P02295,Philips Product 2295,Home,Philips,455.53,817.39,2026-02-03
P02296,Reebok Product 2296,Sports,Reebok,322.84,532.53,2021-10-12
P02297,Wilson Product 2297,Sports,Wilson,115.66,149.5,2022-04-01
P02298,Samsung Product 2298,Electronics,Samsung,49.12,88.05,2024-10-16
P02299,Puma Product 2299,Fashion,Puma,471.29,781.53,2022-05-29
P02300,Adidas Product 2300,Fashion,Adidas,477.26,792.98,2026-07-17
P02301,Apple Product 2301,Electronics,Apple,35.63,58.02,2022-01-23
P02302,Under Armour Product 2302,Sports,Under Armour,163.22,243.53,2025-08-21
P02303,Puma Product 2303,Fashion,Puma,333.55,557.9,2023-02-23
P02304,Apple Product 2304,Electronics,Apple,9.55,17.97,2023-08-08
P02305,Ikea Product 2305,Home,Ikea,408.99,587.91,2024-11-28
P02306,Adidas Product 2306,Fashion,Adidas,341.59,450.2,2022-06-02
P02307,Ikea Product 2307,Home,Ikea,374.79,704.34,2023-07-06
P02308,Sony Product 2308,Electronics,Sony,163.47,261.86,2025-12-14
P02309,Apple Product 2309,Electronics,Apple,498.44,879.86,2022-12-18
P02310,Reebok Product 2310,Sports,Reebok,415.2,662.67,2021-08-30
P02311,Wilson Product 2311,Sports,Wilson,490.67,719.58,2023-10-11
P02312,Puma Product 2312,Fashion,Puma,467.54,645.23,2024-06-10
P02313,Samsung Product 2313,Electronics,Samsung,429.11,764.64,2023-09-09
P02314,Bosch Product 2314,Home,Bosch,456.63,606.11,2024-01-17
P02315,Sony Product 2315,Electronics,Sony,199.18,306.33,2023-02-15
P02316,Under Armour Product 2316,Sports,Under Armour,380.07,574.99,2022-12-17
P02317,HarperCollins Product 2317,Books,HarperCollins,144.77,280.63,2025-10-22
P02318,HarperCollins Product 2318,Books,HarperCollins,53.17,77.56,2023-11-19
P02319,Penguin Product 2319,Books,Penguin,425.66,752.43,2026-05-24
P02320,Reebok Product 2320,Sports,Reebok,86.03,112.7,2024-03-03
P02321,Under Armour Product 2321,Sports,Under Armour,449.12,614.31,2023-09-03
P02322,Puma Product 2322,Fashion,Puma,327.36,487.69,2021-12-30
P02323,Penguin Product 2323,Books,Penguin,340.77,678.4,2024-03-07
P02324,Adidas Product 2324,Fashion,Adidas,475.45,733.0,2026-03-13
P02325,Nike Product 2325,Fashion,Nike,52.54,103.99,2024-05-18
P02326,Nike Product 2326,Fashion,Nike,63.09,101.72,2021-09-17
P02327,Bosch Product 2327,Home,Bosch,219.74,289.81,2023-12-22
P02328,Wilson Product 2328,Sports,Wilson,21.83,30.4,2025-05-27
P02329,Under Armour Product 2329,Sports,Under Armour,345.55,678.54,2025-10-27
P02330,Reebok Product 2330,Sports,Reebok,495.63,860.71,2023-12-08
P02331,Apple Product 2331,Electronics,Apple,433.12,745.07,2025-09-20
P02332,Bosch Product 2332,Home,Bosch,328.33,490.48,2021-11-05
P02333,Samsung Product 2333,Electronics,Samsung,45.91,73.06,2024-08-26
P02334,Penguin Product 2334,Books,Penguin,16.4,27.2,2022-06-17
P02335,HarperCollins Product 2335,Books,HarperCollins,140.49,252.36,2024-03-18
P02336,Penguin Product 2336,Books,Penguin,195.06,390.11,2023-01-15
P02337,Under Armour Product 2337,Sports,Under Armour,287.85,368.32,2023-02-10
P02338,Sony Product 2338,Electronics,Sony,454.9,835.28,2023-04-07
P02339,Adidas Product 2339,Fashion,Adidas,407.37,495.28,2021-09-21
P02340,HarperCollins Product 2340,Books,HarperCollins,36.65,68.53,2024-01-14
P02341,Penguin Product 2341,Books,Penguin,377.99,516.32,2023-08-30
P02342,Samsung Product 2342,Electronics,Samsung,431.69,758.12,2021-09-21
P02343,Sony Product 2343,Electronics,Sony,226.38,328.58,2025-09-17
P02344,Samsung Product 2344,Electronics,Samsung,289.67,498.84,2023-03-24
P02345,Sony Product 2345,Electronics,Sony,132.1,238.1,2023-07-14
P02346,Samsung Product 2346,Electronics,Samsung,255.54,380.97,2022-10-26
P02347,Penguin Product 2347,Books,Penguin,214.41,419.43,2023-03-11
P02348,Samsung Product 2348,Electronics,Samsung,153.8,300.98,2022-04-30
P02349,HarperCollins Product 2349,Books,HarperCollins,331.28,515.45,2026-01-07
P02350,HarperCollins Product 2350,Books,HarperCollins,349.08,564.86,2024-04-17
P02351,Bosch Product 2351,Home,Bosch,271.41,371.25,2023-08-09
P02352,Sony Product 2352,Electronics,Sony,410.78,570.85,2021-12-14
P02353,Nike Product 2353,Fashion,Nike,153.36,286.19,2023-08-08
P02354,Puma Product 2354,Fashion,Puma,278.27,465.66,2026-05-06
P02355,Ikea Product 2355,Home,Ikea,365.91,562.63,2024-05-13
P02356,HarperCollins Product 2356,Books,HarperCollins,134.03,230.51,2021-09-06
P02357,Adidas Product 2357,Fashion,Adidas,230.75,451.3,2024-09-06
P02358,Reebok Product 2358,Sports,Reebok,75.91,103.47,2023-04-23
P02359,Bosch Product 2359,Home,Bosch,349.92,473.83,2025-03-20
P02360,Bosch Product 2360,Home,Bosch,330.37,613.3,2023-08-20
P02361,Penguin Product 2361,Books,Penguin,212.74,281.41,2024-09-04
P02362,Under Armour Product 2362,Sports,Under Armour,17.83,30.01,2023-02-14
P02363,Apple Product 2363,Electronics,Apple,66.69,85.9,2025-10-26
P02364,HarperCollins Product 2364,Books,HarperCollins,37.65,64.46,2025-11-11
P02365,Philips Product 2365,Home,Philips,390.15,513.85,2024-07-14
P02366,Adidas Product 2366,Fashion,Adidas,9.88,14.84,2023-12-17
P02367,Adidas Product 2367,Fashion,Adidas,476.13,869.5,2022-01-08
P02368,Samsung Product 2368,Electronics,Samsung,265.61,504.77,2024-04-30
P02369,HarperCollins Product 2369,Books,HarperCollins,52.29,77.34,2022-12-21
P02370,HarperCollins Product 2370,Books,HarperCollins,278.01,468.72,2024-04-18
P02371,Samsung Product 2371,Electronics,Samsung,162.41,292.58,2023-06-25
P02372,Adidas Product 2372,Fashion,Adidas,404.01,703.89,2026-05-17
P02373,HarperCollins Product 2373,Books,HarperCollins,241.05,313.86,2024-09-20
P02374,Sony Product 2374,Electronics,Sony,259.21,343.3,2025-05-28
P02375,Nike Product 2375,Fashion,Nike,192.51,344.27,2025-06-10
P02376,Sony Product 2376,Electronics,Sony,321.4,480.85,2024-01-14
P02377,Puma Product 2377,Fashion,Puma,306.31,540.77,2023-07-13
P02378,Adidas Product 2378,Fashion,Adidas,493.19,906.87,2022-05-01
P02379,HarperCollins Product 2379,Books,HarperCollins,141.53,218.27,2021-08-27
P02380,Adidas Product 2380,Fashion,Adidas,319.64,405.8,2022-05-03
P02381,Philips Product 2381,Home,Philips,386.44,725.04,2022-07-08
P02382,Samsung Product 2382,Electronics,Samsung,366.33,716.5,2025-06-07
P02383,Puma Product 2383,Fashion,Puma,33.42,59.98,2024-11-03
P02384,HarperCollins Product 2384,Books,HarperCollins,405.13,489.62,2025-03-16
P02385,Reebok Product 2385,Sports,Reebok,256.8,458.3,2021-11-26
P02386,Under Armour Product 2386,Sports,Under Armour,259.93,519.43,2025-09-11
P02387,Penguin Product 2387,Books,Penguin,205.71,348.27,2026-03-29
P02388,Sony Product 2388,Electronics,Sony,215.36,350.49,2022-06-05
P02389,Ikea Product 2389,Home,Ikea,497.14,859.52,2024-12-12
P02390,Penguin Product 2390,Books,Penguin,305.65,602.66,2025-05-08
P02391,Penguin Product 2391,Books,Penguin,91.53,136.71,2021-11-03
P02392,Puma Product 2392,Fashion,Puma,179.88,223.18,2024-09-21
P02393,Under Armour Product 2393,Sports,Under Armour,89.39,176.62,2026-05-21
P02394,Bosch Product 2394,Home,Bosch,128.63,209.83,2022-09-09
P02395,Apple Product 2395,Electronics,Apple,153.09,219.66,2026-02-09
P02396,Nike Product 2396,Fashion,Nike,370.32,612.91,2025-10-07
P02397,Adidas Product 2397,Fashion,Adidas,464.91,914.62,2023-03-23
P02398,Penguin Product 2398,Books,Penguin,468.03,895.81,2026-02-27
P02399,Wilson Product 2399,Sports,Wilson,181.09,306.48,2021-12-21
P02400,Philips Product 2400,Home,Philips,180.18,216.96,2022-12-04
P02401,Adidas Product 2401,Fashion,Adidas,180.49,231.22,2022-06-03
P02402,Wilson Product 2402,Sports,Wilson,46.95,75.66,2024-12-10
P02403,Adidas Product 2403,Fashion,Adidas,66.3,105.41,2024-03-31
P02404,Puma Product 2404,Fashion,Puma,128.82,203.09,2022-07-02
P02405,Philips Product 2405,Home,Philips,185.43,354.87,2022-01-26
P02406,HarperCollins Product 2406,Books,HarperCollins,58.8,91.19,2024-04-26
P02407,Wilson Product 2407,Sports,Wilson,74.24,133.46,2026-03-30
P02408,Apple Product 2408,Electronics,Apple,442.37,781.83,2022-11-05
P02409,Samsung Product 2409,Electronics,Samsung,146.03,190.85,2026-07-23
P02410,Reebok Product 2410,Sports,Reebok,168.95,207.01,2022-09-10
P02411,Adidas Product 2411,Fashion,Adidas,480.05,953.54,2022-01-18
P02412,Apple Product 2412,Electronics,Apple,247.09,394.47,2024-02-17
P02413,Adidas Product 2413,Fashion,Adidas,376.79,687.37,2023-02-04
P02414,Reebok Product 2414,Sports,Reebok,364.37,653.5,2024-07-15
P02415,Wilson Product 2415,Sports,Wilson,59.32,76.3,2026-07-11
P02416,Samsung Product 2416,Electronics,Samsung,81.99,131.18,2022-08-29
P02417,Nike Product 2417,Fashion,Nike,340.76,502.18,2023-06-12
P02418,Penguin Product 2418,Books,Penguin,219.99,314.93,2022-01-16
P02419,Wilson Product 2419,Sports,Wilson,381.65,533.62,2026-02-11
P02420,Puma Product 2420,Fashion,Puma,258.06,361.17,2023-10-28
P02421,Apple Product 2421,Electronics,Apple,497.16,694.97,2023-08-19
P02422,Wilson Product 2422,Sports,Wilson,239.58,437.51,2024-02-12
P02423,Sony Product 2423,Electronics,Sony,366.58,619.11,2024-06-10
P02424,Puma Product 2424,Fashion,Puma,316.31,417.21,2025-09-20
P02425,Samsung Product 2425,Electronics,Samsung,203.64,288.98,2022-04-20
P02426,Nike Product 2426,Fashion,Nike,216.02,365.76,2025-01-30
P02427,Samsung Product 2427,Electronics,Samsung,193.27,313.09,2024-12-07
P02428,Nike Product 2428,Fashion,Nike,171.41,271.4,2023-04-24
P02429,HarperCollins Product 2429,Books,HarperCollins,323.72,467.27,2024-01-05
P02430,Philips Product 2430,Home,Philips,143.88,213.06,2023-10-04
P02431,Wilson Product 2431,Sports,Wilson,163.32,202.2,2022-10-22
P02432,Samsung Product 2432,Electronics,Samsung,30.8,55.31,2025-02-01
P02433,Adidas Product 2433,Fashion,Adidas,238.67,459.87,2022-11-14
P02434,Apple Product 2434,Electronics,Apple,96.5,189.01,2021-10-05
P02435,Philips Product 2435,Home,Philips,155.66,198.86,2026-08-11
P02436,Sony Product 2436,Electronics,Sony,278.13,525.55,2021-11-03
P02437,Philips Product 2437,Home,Philips,371.94,553.86,2023-03-17
P02438,HarperCollins Product 2438,Books,HarperCollins,122.93,174.65,2023-09-27
P02439,HarperCollins Product 2439,Books,HarperCollins,48.18,61.92,2025-10-08
P02440,Penguin Product 2440,Books,Penguin,25.31,49.98,2023-08-20
P02441,Nike Product 2441,Fashion,Nike,353.81,686.53,2024-05-19
P02442,Sony Product 2442,Electronics,Sony,311.41,448.8,2024-07-22
P02443,Wilson Product 2443,Sports,Wilson,269.11,356.02,2025-03-07
P02444,Nike Product 2444,Fashion,Nike,212.02,375.12,2024-10-26
P02445,HarperCollins Product 2445,Books,HarperCollins,447.98,698.3,2023-04-17
P02446,Apple Product 2446,Electronics,Apple,38.52,59.14,2022-10-16
P02447,Penguin Product 2447,Books,Penguin,87.63,124.37,2023-10-22
P02448,Adidas Product 2448,Fashion,Adidas,27.5,45.46,2025-05-23
P02449,Puma Product 2449,Fashion,Puma,408.19,651.48,2024-04-25
P02450,Penguin Product 2450,Books,Penguin,86.93,156.52,2023-07-20
P02451,Reebok Product 2451,Sports,Reebok,390.79,594.27,2021-10-02
P02452,Ikea Product 2452,Home,Ikea,96.11,127.63,2025-03-28
P02453,Puma Product 2453,Fashion,Puma,349.88,665.94,2025-03-06
P02454,HarperCollins Product 2454,Books,HarperCollins,254.39,451.91,2024-05-18
P02455,Philips Product 2455,Home,Philips,426.98,613.61,2023-09-26
P02456,Bosch Product 2456,Home,Bosch,63.96,88.21,2024-07-11
P02457,Penguin Product 2457,Books,Penguin,149.46,255.83,2025-11-25
P02458,Ikea Product 2458,Home,Ikea,138.87,254.48,2026-05-20
P02459,Nike Product 2459,Fashion,Nike,269.62,323.85,2024-02-25
P02460,Bosch Product 2460,Home,Bosch,304.55,455.39,2025-02-25
P02461,Sony Product 2461,Electronics,Sony,442.57,624.57,2022-07-08
P02462,Adidas Product 2462,Fashion,Adidas,449.68,645.7,2023-06-11
P02463,Sony Product 2463,Electronics,Sony,408.88,760.17,2024-04-02
P02464,Puma Product 2464,Fashion,Puma,482.79,647.61,2023-08-14
P02465,Sony Product 2465,Electronics,Sony,330.37,625.85,2026-02-05
P02466,Penguin Product 2466,Books,Penguin,362.69,634.89,2025-11-27
P02467,Bosch Product 2467,Home,Bosch,318.98,523.35,2021-12-22
P02468,Wilson Product 2468,Sports,Wilson,165.51,225.61,2022-08-23
P02469,Wilson Product 2469,Sports,Wilson,225.8,402.79,2025-10-15
P02470,Under Armour Product 2470,Sports,Under Armour,78.43,124.17,2025-10-29
P02471,Wilson Product 2471,Sports,Wilson,232.4,430.52,2022-04-08
P02472,Nike Product 2472,Fashion,Nike,286.98,560.96,2023-08-06
P02473,Puma Product 2473,Fashion,Puma,144.61,209.41,2026-03-01
P02474,Adidas Product 2474,Fashion,Adidas,345.25,466.18,2021-10-08
P02475,Nike Product 2475,Fashion,Nike,216.07,337.94,2023-06-25
P02476,Wilson Product 2476,Sports,Wilson,363.53,476.16,2024-01-15
P02477,Sony Product 2477,Electronics,Sony,54.37,81.95,2024-11-28
P02478,Samsung Product 2478,Electronics,Samsung,382.91,656.91,2023-11-06
P02479,Samsung Product 2479,Electronics,Samsung,127.93,162.07,2021-09-07
P02480,Puma Product 2480,Fashion,Puma,301.82,553.51,2025-08-21
P02481,Samsung Product 2481,Electronics,Samsung,273.47,507.18,2022-05-26
P02482,Samsung Product 2482,Electronics,Samsung,73.92,133.63,2022-12-13
P02483,Wilson Product 2483,Sports,Wilson,157.16,248.8,2022-03-11
P02484,Nike Product 2484,Fashion,Nike,274.05,387.5,2025-12-27
P02485,Penguin Product 2485,Books,Penguin,15.5,19.15,2024-06-03
P02486,HarperCollins Product 2486,Books,HarperCollins,55.77,106.47,2023-01-02
P02487,Wilson Product 2487,Sports,Wilson,5.6,7.72,2024-02-01
P02488,Adidas Product 2488,Fashion,Adidas,195.76,290.24,2023-07-04
P02489,Ikea Product 2489,Home,Ikea,461.24,806.03,2026-08-08
P02490,Apple Product 2490,Electronics,Apple,88.93,114.55,2024-03-08
P02491,Apple Product 2491,Electronics,Apple,181.87,307.83,2022-10-21
P02492,Apple Product 2492,Electronics,Apple,462.04,894.46,2023-08-04
P02493,Sony Product 2493,Electronics,Sony,79.8,123.12,2024-04-26
P02494,Bosch Product 2494,Home,Bosch,94.78,145.98,2024-02-03
P02495,Bosch Product 2495,Home,Bosch,409.69,605.81,2026-08-09
P02496,Apple Product 2496,Electronics,Apple,458.54,792.99,2023-12-05
P02497,Bosch Product 2497,Home,Bosch,400.35,733.07,2026-01-04
P02498,Puma Product 2498,Fashion,Puma,77.56,102.24,2022-11-04
P02499,Reebok Product 2499,Sports,Reebok,399.44,791.32,2022-09-22
P02500,Samsung Product 2500,Electronics,Samsung,291.03,572.65,2025-12-23
P02501,Ikea Product 2501,Home,Ikea,49.77,99.33,2026-07-24
P02502,Adidas Product 2502,Fashion,Adidas,179.54,286.43,2024-01-10
P02503,Reebok Product 2503,Sports,Reebok,486.56,818.1,2024-09-26
P02504,Ikea Product 2504,Home,Ikea,402.06,692.82,2025-05-05
P02505,Adidas Product 2505,Fashion,Adidas,212.24,339.09,2024-04-12
P02506,HarperCollins Product 2506,Books,HarperCollins,268.57,498.77,2024-08-21
P02507,Wilson Product 2507,Sports,Wilson,292.58,449.83,2024-10-12
P02508,Penguin Product 2508,Books,Penguin,353.03,490.06,2024-08-22
P02509,Samsung Product 2509,Electronics,Samsung,496.98,603.2,2024-08-03
P02510,HarperCollins Product 2510,Books,HarperCollins,479.02,927.73,2024-06-24
P02511,Apple Product 2511,Electronics,Apple,183.62,345.11,2024-08-04
P02512,Adidas Product 2512,Fashion,Adidas,232.89,435.09,2025-05-26
P02513,HarperCollins Product 2513,Books,HarperCollins,125.04,232.86,2025-01-08
P02514,Sony Product 2514,Electronics,Sony,73.21,144.2,2021-09-01
P02515,Adidas Product 2515,Fashion,Adidas,367.88,646.33,2023-08-31
P02516,Under Armour Product 2516,Sports,Under Armour,31.77,40.82,2022-11-16
P02517,Penguin Product 2517,Books,Penguin,241.03,403.76,2021-09-18
P02518,Nike Product 2518,Fashion,Nike,77.71,102.03,2025-07-29
P02519,Nike Product 2519,Fashion,Nike,11.18,20.85,2024-05-25
P02520,Wilson Product 2520,Sports,Wilson,383.88,604.92,2023-08-06
P02521,Puma Product 2521,Fashion,Puma,266.09,521.27,2025-07-16
P02522,Under Armour Product 2522,Sports,Under Armour,362.67,564.02,2024-05-19
P02523,Apple Product 2523,Electronics,Apple,60.08,74.98,2024-06-24
P02524,Sony Product 2524,Electronics,Sony,376.81,603.89,2026-04-10
P02525,Apple Product 2525,Electronics,Apple,417.18,727.53,2025-09-12
P02526,Reebok Product 2526,Sports,Reebok,357.15,502.31,2022-12-01
P02527,HarperCollins Product 2527,Books,HarperCollins,356.13,548.06,2026-05-21
P02528,Adidas Product 2528,Fashion,Adidas,486.7,787.09,2025-06-06
P02529,Puma Product 2529,Fashion,Puma,109.87,186.26,2023-08-12
P02530,Adidas Product 2530,Fashion,Adidas,95.93,172.37,2026-04-04
P02531,Penguin Product 2531,Books,Penguin,409.2,644.39,2025-05-03
P02532,Bosch Product 2532,Home,Bosch,322.74,600.88,2023-06-12
P02533,Nike Product 2533,Fashion,Nike,402.65,691.48,2023-08-02
P02534,Adidas Product 2534,Fashion,Adidas,58.66,74.04,2026-02-10
P02535,HarperCollins Product 2535,Books,HarperCollins,18.88,26.92,2024-07-21
P02536,Penguin Product 2536,Books,Penguin,37.33,62.63,2025-05-27
P02537,Ikea Product 2537,Home,Ikea,278.09,475.73,2025-11-11
P02538,Samsung Product 2538,Electronics,Samsung,138.24,273.9,2024-09-23
P02539,Penguin Product 2539,Books,Penguin,284.05,520.43,2024-11-05
P02540,Samsung Product 2540,Electronics,Samsung,160.72,314.18,2026-03-27
P02541,Apple Product 2541,Electronics,Apple,377.08,741.71,2024-10-11
P02542,Penguin Product 2542,Books,Penguin,160.66,243.0,2023-04-22
P02543,Ikea Product 2543,Home,Ikea,352.82,450.87,2023-03-08
P02544,Reebok Product 2544,Sports,Reebok,254.27,407.27,2025-03-13
P02545,Nike Product 2545,Fashion,Nike,295.65,445.16,2025-02-14
P02546,Penguin Product 2546,Books,Penguin,148.61,196.35,2024-09-20
P02547,Wilson Product 2547,Sports,Wilson,443.18,564.89,2025-09-25
P02548,Nike Product 2548,Fashion,Nike,404.7,697.45,2021-09-20
P02549,Puma Product 2549,Fashion,Puma,260.57,464.59,2021-09-30
P02550,HarperCollins Product 2550,Books,HarperCollins,226.5,295.57,2022-01-26
P02551,Philips Product 2551,Home,Philips,313.62,612.22,2022-11-24
P02552,Sony Product 2552,Electronics,Sony,388.22,586.25,2021-09-10
P02553,Puma Product 2553,Fashion,Puma,305.4,600.54,2023-04-11
P02554,HarperCollins Product 2554,Books,HarperCollins,53.22,64.5,2025-11-09
P02555,Bosch Product 2555,Home,Bosch,434.43,798.44,2022-03-30
P02556,Apple Product 2556,Electronics,Apple,51.59,74.86,2022-04-11
P02557,Ikea Product 2557,Home,Ikea,38.74,64.36,2021-10-30
P02558,Ikea Product 2558,Home,Ikea,40.21,71.11,2023-01-09
P02559,Under Armour Product 2559,Sports,Under Armour,493.14,977.79,2025-08-29
P02560,Reebok Product 2560,Sports,Reebok,462.46,902.66,2022-10-15
P02561,HarperCollins Product 2561,Books,HarperCollins,24.6,46.43,2022-11-24
P02562,Under Armour Product 2562,Sports,Under Armour,429.22,829.99,2025-05-10
P02563,Adidas Product 2563,Fashion,Adidas,186.53,349.91,2021-10-21
P02564,Philips Product 2564,Home,Philips,46.33,70.91,2025-11-06
P02565,Under Armour Product 2565,Sports,Under Armour,439.32,875.56,2024-03-05
P02566,Sony Product 2566,Electronics,Sony,488.83,608.91,2022-12-05
P02567,Puma Product 2567,Fashion,Puma,411.51,496.43,2024-12-03
P02568,Apple Product 2568,Electronics,Apple,191.03,316.37,2023-06-04
P02569,Samsung Product 2569,Electronics,Samsung,197.17,309.52,2023-01-20
P02570,Apple Product 2570,Electronics,Apple,235.61,403.83,2023-06-01
P02571,Wilson Product 2571,Sports,Wilson,47.48,84.77,2023-07-04
P02572,Under Armour Product 2572,Sports,Under Armour,103.74,151.77,2025-12-09
P02573,Philips Product 2573,Home,Philips,498.24,791.72,2026-04-18
P02574,Wilson Product 2574,Sports,Wilson,142.8,175.73,2022-06-07
P02575,Adidas Product 2575,Fashion,Adidas,77.03,105.59,2026-04-07
P02576,Penguin Product 2576,Books,Penguin,493.97,898.71,2024-06-09
P02577,Apple Product 2577,Electronics,Apple,395.83,784.87,2025-04-17
P02578,Nike Product 2578,Fashion,Nike,109.69,133.64,2021-12-02
P02579,Under Armour Product 2579,Sports,Under Armour,129.78,174.02,2025-06-14
P02580,Nike Product 2580,Fashion,Nike,140.58,177.89,2023-06-24
P02581,Under Armour Product 2581,Sports,Under Armour,264.77,459.57,2026-04-02
P02582,Ikea Product 2582,Home,Ikea,416.12,530.12,2025-01-15
P02583,Under Armour Product 2583,Sports,Under Armour,481.87,692.7,2025-05-15
P02584,Adidas Product 2584,Fashion,Adidas,471.26,747.09,2021-10-01
P02585,Penguin Product 2585,Books,Penguin,482.97,748.33,2026-03-06
P02586,HarperCollins Product 2586,Books,HarperCollins,412.39,679.92,2023-11-20
P02587,Penguin Product 2587,Books,Penguin,43.52,75.48,2026-08-25
P02588,Penguin Product 2588,Books,Penguin,165.25,328.7,2022-09-15
P02589,Ikea Product 2589,Home,Ikea,79.5,124.57,2026-04-03
P02590,Adidas Product 2590,Fashion,Adidas,432.83,558.73,2023-04-07
P02591,Under Armour Product 2591,Sports,Under Armour,262.74,316.06,2023-07-07
P02592,Wilson Product 2592,Sports,Wilson,318.98,545.82,2024-03-04
P02593,Penguin Product 2593,Books,Penguin,23.06,41.43,2024-08-14
P02594,Adidas Product 2594,Fashion,Adidas,349.74,636.35,2023-11-20
P02595,HarperCollins Product 2595,Books,HarperCollins,111.99,153.18,2025-10-13
P02596,Puma Product 2596,Fashion,Puma,290.53,351.98,2023-02-09
P02597,Ikea Product 2597,Home,Ikea,154.46,223.28,2022-05-27
P02598,Sony Product 2598,Electronics,Sony,252.07,503.95,2022-02-26
P02599,Under Armour Product 2599,Sports,Under Armour,179.11,333.6,2025-03-18
P02600,Reebok Product 2600,Sports,Reebok,487.16,715.47,2025-02-24
P02601,Adidas Product 2601,Fashion,Adidas,217.05,291.18,2022-02-24
P02602,Penguin Product 2602,Books,Penguin,273.67,411.94,2024-10-01
P02603,Reebok Product 2603,Sports,Reebok,145.21,246.32,2025-05-10
P02604,Samsung Product 2604,Electronics,Samsung,403.94,518.28,2026-04-07
P02605,Sony Product 2605,Electronics,Sony,466.59,598.61,2026-03-28
P02606,Penguin Product 2606,Books,Penguin,318.59,510.6,2025-10-29
P02607,Sony Product 2607,Electronics,Sony,148.5,228.17,2024-06-26
P02608,Adidas Product 2608,Fashion,Adidas,278.04,359.12,2026-07-12
P02609,Wilson Product 2609,Sports,Wilson,178.55,327.64,2023-09-19
P02610,Under Armour Product 2610,Sports,Under Armour,454.46,779.8,2021-10-12
P02611,Wilson Product 2611,Sports,Wilson,470.11,858.31,2022-06-24
P02612,HarperCollins Product 2612,Books,HarperCollins,137.47,237.4,2026-07-03
P02613,Philips Product 2613,Home,Philips,338.28,407.06,2022-08-06
P02614,Wilson Product 2614,Sports,Wilson,12.69,16.79,2026-05-19
P02615,Bosch Product 2615,Home,Bosch,410.92,690.33,2024-04-12
P02616,Ikea Product 2616,Home,Ikea,479.78,956.81,2025-05-15
P02617,Puma Product 2617,Fashion,Puma,486.88,659.3,2025-03-28
P02618,Wilson Product 2618,Sports,Wilson,401.66,667.67,2026-06-09
P02619,Puma Product 2619,Fashion,Puma,198.25,353.38,2025-10-24
P02620,Under Armour Product 2620,Sports,Under Armour,261.05,404.61,2025-06-01
P02621,Sony Product 2621,Electronics,Sony,401.58,643.9,2024-03-01
P02622,HarperCollins Product 2622,Books,HarperCollins,422.3,718.69,2022-10-18
P02623,Bosch Product 2623,Home,Bosch,83.73,122.07,2022-06-30
P02624,Samsung Product 2624,Electronics,Samsung,17.69,21.39,2022-11-24
P02625,Penguin Product 2625,Books,Penguin,18.77,33.15,2022-10-30
P02626,Sony Product 2626,Electronics,Sony,194.29,348.53,2023-05-04
P02627,Adidas Product 2627,Fashion,Adidas,319.06,581.35,2025-12-19
P02628,Nike Product 2628,Fashion,Nike,328.0,451.79,2026-06-24
P02629,Puma Product 2629,Fashion,Puma,421.03,749.88,2023-02-28
P02630,Under Armour Product 2630,Sports,Under Armour,331.33,470.48,2025-11-14
P02631,Puma Product 2631,Fashion,Puma,16.45,32.7,2026-04-11
P02632,Samsung Product 2632,Electronics,Samsung,232.27,389.45,2025-09-27
P02633,Samsung Product 2633,Electronics,Samsung,144.82,277.43,2021-11-29
P02634,Samsung Product 2634,Electronics,Samsung,249.65,371.76,2024-05-24
P02635,Adidas Product 2635,Fashion,Adidas,54.83,100.69,2025-09-10
P02636,Wilson Product 2636,Sports,Wilson,245.83,418.05,2022-02-15
P02637,Puma Product 2637,Fashion,Puma,212.85,406.92,2022-12-13
P02638,Wilson Product 2638,Sports,Wilson,94.0,113.56,2021-11-07
P02639,Puma Product 2639,Fashion,Puma,285.81,481.68,2022-07-01
P02640,Samsung Product 2640,Electronics,Samsung,488.08,973.72,2025-03-20
P02641,Reebok Product 2641,Sports,Reebok,302.0,363.61,2024-04-15
P02642,HarperCollins Product 2642,Books,HarperCollins,463.66,627.92,2021-12-31
P02643,Sony Product 2643,Electronics,Sony,16.4,26.39,2026-02-22
P02644,Nike Product 2644,Fashion,Nike,434.1,560.78,2024-11-10
P02645,Nike Product 2645,Fashion,Nike,167.13,229.94,2022-02-04
P02646,Adidas Product 2646,Fashion,Adidas,140.46,190.94,2021-11-24
P02647,Apple Product 2647,Electronics,Apple,355.5,612.01,2024-03-15
P02648,Reebok Product 2648,Sports,Reebok,405.46,628.0,2023-04-27
P02649,Wilson Product 2649,Sports,Wilson,128.8,174.95,2026-08-04
P02650,Philips Product 2650,Home,Philips,55.93,102.6,2025-11-29
P02651,HarperCollins Product 2651,Books,HarperCollins,87.0,118.73,2022-04-03
P02652,Under Armour Product 2652,Sports,Under Armour,442.01,680.25,2022-05-17
P02653,Philips Product 2653,Home,Philips,313.34,528.24,2023-01-17
P02654,Wilson Product 2654,Sports,Wilson,285.74,428.37,2022-04-02
P02655,Apple Product 2655,Electronics,Apple,87.79,107.72,2023-11-02
P02656,HarperCollins Product 2656,Books,HarperCollins,295.5,423.98,2025-06-11
P02657,HarperCollins Product 2657,Books,HarperCollins,202.16,261.13,2022-08-21
P02658,Philips Product 2658,Home,Philips,396.49,589.26,2026-08-06
P02659,Samsung Product 2659,Electronics,Samsung,330.19,494.48,2022-10-04
P02660,Ikea Product 2660,Home,Ikea,9.77,17.1,2025-07-17
P02661,Ikea Product 2661,Home,Ikea,235.36,432.17,2023-03-06
P02662,Puma Product 2662,Fashion,Puma,37.79,53.92,2022-02-22
P02663,Puma Product 2663,Fashion,Puma,112.64,185.72,2021-11-17
P02664,Penguin Product 2664,Books,Penguin,289.1,496.39,2025-10-23
P02665,Under Armour Product 2665,Sports,Under Armour,407.63,553.77,2024-02-27
P02666,Apple Product 2666,Electronics,Apple,251.83,501.7,2023-07-04
P02667,Wilson Product 2667,Sports,Wilson,66.43,88.81,2026-06-09
P02668,Bosch Product 2668,Home,Bosch,194.51,323.11,2022-03-09
P02669,Ikea Product 2669,Home,Ikea,323.61,609.97,2024-10-15
P02670,Apple Product 2670,Electronics,Apple,145.76,273.05,2024-09-06
P02671,Wilson Product 2671,Sports,Wilson,448.44,867.47,2026-05-07
P02672,Apple Product 2672,Electronics,Apple,324.16,407.0,2026-06-07
P02673,Apple Product 2673,Electronics,Apple,363.01,515.38,2022-10-10
P02674,Philips Product 2674,Home,Philips,44.48,80.94,2022-03-16
P02675,Reebok Product 2675,Sports,Reebok,28.3,40.72,2023-12-08
P02676,Under Armour Product 2676,Sports,Under Armour,425.09,839.01,2022-02-04
P02677,Apple Product 2677,Electronics,Apple,469.16,601.55,2025-03-27
P02678,Nike Product 2678,Fashion,Nike,413.6,542.22,2023-12-19
P02679,Bosch Product 2679,Home,Bosch,363.51,502.03,2024-08-26
P02680,Samsung Product 2680,Electronics,Samsung,363.43,672.28,2025-12-10
P02681,Penguin Product 2681,Books,Penguin,467.38,885.41,2025-01-11
P02682,Ikea Product 2682,Home,Ikea,59.85,117.17,2026-07-20
P02683,Apple Product 2683,Electronics,Apple,168.02,283.99,2025-08-25
P02684,Under Armour Product 2684,Sports,Under Armour,350.84,680.59,2024-09-07
P02685,HarperCollins Product 2685,Books,HarperCollins,64.35,93.66,2023-12-21
P02686,Puma Product 2686,Fashion,Puma,444.46,876.77,2024-10-20
P02687,Reebok Product 2687,Sports,Reebok,226.16,293.53,2021-10-04
P02688,Penguin Product 2688,Books,Penguin,291.05,503.23,2022-12-11
P02689,Philips Product 2689,Home,Philips,387.46,614.58,2023-10-09
P02690,Apple Product 2690,Electronics,Apple,384.27,679.81,2025-03-21
P02691,Bosch Product 2691,Home,Bosch,418.59,583.47,2022-02-09
P02692,Puma Product 2692,Fashion,Puma,43.62,86.25,2024-01-16
P02693,Samsung Product 2693,Electronics,Samsung,11.5,15.79,2026-05-26
P02694,Wilson Product 2694,Sports,Wilson,246.38,362.76,2022-01-13
P02695,HarperCollins Product 2695,Books,HarperCollins,381.44,552.88,2022-09-23
P02696,Reebok Product 2696,Sports,Reebok,81.23,130.26,2023-04-28
P02697,Nike Product 2697,Fashion,Nike,458.77,692.04,2022-12-27
P02698,Reebok Product 2698,Sports,Reebok,259.16,472.71,2024-03-30
P02699,Nike Product 2699,Fashion,Nike,142.53,189.76,2022-03-06
P02700,Bosch Product 2700,Home,Bosch,325.95,429.55,2024-04-05
P02701,Sony Product 2701,Electronics,Sony,59.55,72.25,2021-10-11
P02702,Wilson Product 2702,Sports,Wilson,137.04,216.66,2026-01-14
P02703,HarperCollins Product 2703,Books,HarperCollins,179.22,232.03,2023-03-31
P02704,Penguin Product 2704,Books,Penguin,180.44,247.14,2026-08-01
P02705,Reebok Product 2705,Sports,Reebok,218.27,320.2,2026-03-02
P02706,Under Armour Product 2706,Sports,Under Armour,188.04,233.04,2024-06-20
P02707,Reebok Product 2707,Sports,Reebok,464.37,629.29,2024-09-02
P02708,Adidas Product 2708,Fashion,Adidas,92.44,131.33,2024-08-08
P02709,HarperCollins Product 2709,Books,HarperCollins,261.72,336.92,2023-04-19
P02710,Sony Product 2710,Electronics,Sony,128.23,165.27,2025-08-07
P02711,Samsung Product 2711,Electronics,Samsung,448.05,743.85,2024-04-02
P02712,Nike Product 2712,Fashion,Nike,268.41,381.24,2025-05-30
P02713,HarperCollins Product 2713,Books,HarperCollins,198.99,254.91,2025-03-10
P02714,Philips Product 2714,Home,Philips,106.82,195.33,2024-10-13
P02715,Bosch Product 2715,Home,Bosch,147.56,247.47,2023-09-02
P02716,Samsung Product 2716,Electronics,Samsung,96.61,186.09,2024-04-18
P02717,HarperCollins Product 2717,Books,HarperCollins,370.85,697.96,2024-08-09
P02718,Nike Product 2718,Fashion,Nike,160.98,202.12,2023-12-27
P02719,Adidas Product 2719,Fashion,Adidas,450.44,591.64,2026-04-19
P02720,Sony Product 2720,Electronics,Sony,239.93,352.04,2022-04-23
P02721,Adidas Product 2721,Fashion,Adidas,441.22,589.73,2026-05-01
P02722,Sony Product 2722,Electronics,Sony,179.31,283.14,2022-08-09
P02723,Apple Product 2723,Electronics,Apple,437.24,689.99,2025-05-28
P02724,Samsung Product 2724,Electronics,Samsung,285.8,569.41,2025-11-08
P02725,Puma Product 2725,Fashion,Puma,254.06,458.32,2022-09-12
P02726,Samsung Product 2726,Electronics,Samsung,155.78,278.68,2021-11-09
P02727,Under Armour Product 2727,Sports,Under Armour,368.73,734.45,2025-07-11
P02728,Bosch Product 2728,Home,Bosch,245.81,366.61,2024-06-18
P02729,Apple Product 2729,Electronics,Apple,154.06,226.0,2024-03-01
P02730,HarperCollins Product 2730,Books,HarperCollins,60.82,106.35,2024-01-10
P02731,Samsung Product 2731,Electronics,Samsung,489.43,922.58,2026-07-04
P02732,Adidas Product 2732,Fashion,Adidas,251.43,350.87,2024-06-27
P02733,Under Armour Product 2733,Sports,Under Armour,107.12,136.19,2025-05-31
P02734,Reebok Product 2734,Sports,Reebok,58.43,82.92,2022-07-31
P02735,HarperCollins Product 2735,Books,HarperCollins,493.73,938.52,2025-04-08
P02736,Adidas Product 2736,Fashion,Adidas,455.61,673.88,2025-05-31
P02737,Philips Product 2737,Home,Philips,296.63,580.27,2022-04-04
P02738,Philips Product 2738,Home,Philips,99.33,165.25,2022-12-09
P02739,Bosch Product 2739,Home,Bosch,65.87,120.95,2021-11-15
P02740,HarperCollins Product 2740,Books,HarperCollins,147.76,291.91,2021-11-10
P02741,Reebok Product 2741,Sports,Reebok,77.83,135.79,2021-09-20
P02742,HarperCollins Product 2742,Books,HarperCollins,313.78,543.3,2024-05-24
P02743,Philips Product 2743,Home,Philips,147.69,271.72,2026-07-04
P02744,Apple Product 2744,Electronics,Apple,25.27,36.05,2022-10-30
P02745,Penguin Product 2745,Books,Penguin,31.33,45.26,2024-06-07
P02746,Under Armour Product 2746,Sports,Under Armour,331.83,398.37,2021-12-07
P02747,Ikea Product 2747,Home,Ikea,178.36,254.45,2023-05-15
P02748,Penguin Product 2748,Books,Penguin,477.07,844.68,2024-10-07
P02749,Puma Product 2749,Fashion,Puma,102.38,170.79,2025-10-06
P02750,Apple Product 2750,Electronics,Apple,113.33,178.9,2024-02-08
P02751,Ikea Product 2751,Home,Ikea,406.8,695.48,2024-07-21
P02752,Under Armour Product 2752,Sports,Under Armour,483.62,618.31,2022-12-03
P02753,Philips Product 2753,Home,Philips,300.53,402.3,2022-02-20
P02754,Reebok Product 2754,Sports,Reebok,438.59,808.54,2023-07-10
P02755,Puma Product 2755,Fashion,Puma,384.99,538.99,2023-12-30
P02756,Reebok Product 2756,Sports,Reebok,103.76,149.83,2025-10-12
P02757,Bosch Product 2757,Home,Bosch,463.92,727.85,2023-11-19
P02758,Adidas Product 2758,Fashion,Adidas,392.29,732.44,2023-03-27
P02759,Samsung Product 2759,Electronics,Samsung,265.65,466.3,2025-09-29
P02760,HarperCollins Product 2760,Books,HarperCollins,236.85,365.25,2025-09-28
P02761,Under Armour Product 2761,Sports,Under Armour,233.34,450.36,2023-07-29
P02762,Apple Product 2762,Electronics,Apple,48.77,64.01,2026-02-23
P02763,Ikea Product 2763,Home,Ikea,292.26,437.95,2025-04-10
P02764,HarperCollins Product 2764,Books,HarperCollins,31.5,59.1,2025-09-04
P02765,Adidas Product 2765,Fashion,Adidas,336.69,528.69,2026-04-18
P02766,HarperCollins Product 2766,Books,HarperCollins,420.4,532.95,2026-04-26
P02767,Bosch Product 2767,Home,Bosch,57.99,97.16,2025-06-21
P02768,Bosch Product 2768,Home,Bosch,243.33,356.49,2023-10-01
P02769,Samsung Product 2769,Electronics,Samsung,371.53,646.29,2026-01-20
P02770,Sony Product 2770,Electronics,Sony,106.51,140.09,2024-12-01
P02771,Wilson Product 2771,Sports,Wilson,115.65,201.29,2022-02-28
P02772,Adidas Product 2772,Fashion,Adidas,315.98,560.96,2024-01-27
P02773,Apple Product 2773,Electronics,Apple,313.71,426.82,2023-09-26
P02774,Samsung Product 2774,Electronics,Samsung,80.75,153.74,2023-02-20
P02775,Penguin Product 2775,Books,Penguin,127.37,163.4,2025-01-16
P02776,Sony Product 2776,Electronics,Sony,224.69,279.63,2022-12-11
P02777,Apple Product 2777,Electronics,Apple,205.26,407.68,2022-09-20
P02778,Puma Product 2778,Fashion,Puma,133.83,226.2,2021-10-31
P02779,Reebok Product 2779,Sports,Reebok,310.49,479.98,2026-04-01
P02780,Samsung Product 2780,Electronics,Samsung,75.13,134.91,2026-07-07
P02781,Nike Product 2781,Fashion,Nike,258.2,454.36,2023-01-31
P02782,Adidas Product 2782,Fashion,Adidas,242.83,347.63,2024-07-01
P02783,Sony Product 2783,Electronics,Sony,249.02,431.84,2026-01-27
P02784,Under Armour Product 2784,Sports,Under Armour,350.34,450.49,2024-05-04
P02785,Under Armour Product 2785,Sports,Under Armour,78.34,111.77,2022-12-12
P02786,Sony Product 2786,Electronics,Sony,197.77,329.17,2022-11-27
P02787,Sony Product 2787,Electronics,Sony,326.96,564.25,2022-12-23
P02788,Wilson Product 2788,Sports,Wilson,454.51,674.39,2025-05-20
P02789,Adidas Product 2789,Fashion,Adidas,441.8,692.16,2024-04-29
P02790,Samsung Product 2790,Electronics,Samsung,182.09,343.18,2023-01-30
P02791,Penguin Product 2791,Books,Penguin,177.67,313.58,2024-07-24
P02792,Reebok Product 2792,Sports,Reebok,36.07,62.21,2022-05-31
P02793,Bosch Product 2793,Home,Bosch,361.01,531.2,2022-07-14
P02794,Adidas Product 2794,Fashion,Adidas,393.56,679.58,2022-06-22
P02795,Wilson Product 2795,Sports,Wilson,458.5,786.84,2021-12-03
P02796,Under Armour Product 2796,Sports,Under Armour,304.89,409.86,2022-11-26
P02797,HarperCollins Product 2797,Books,HarperCollins,69.06,100.78,2023-09-04
P02798,HarperCollins Product 2798,Books,HarperCollins,294.32,548.59,2023-03-17
P02799,Samsung Product 2799,Electronics,Samsung,19.61,35.03,2023-09-17
P02800,Nike Product 2800,Fashion,Nike,334.3,534.73,2021-11-03
P02801,Under Armour Product 2801,Sports,Under Armour,381.16,756.63,2026-02-08
P02802,Nike Product 2802,Fashion,Nike,450.4,603.17,2025-02-09
P02803,Under Armour Product 2803,Sports,Under Armour,461.58,576.76,2025-03-14
P02804,Ikea Product 2804,Home,Ikea,23.52,42.33,2022-08-30
P02805,Under Armour Product 2805,Sports,Under Armour,305.23,571.56,2023-01-18
P02806,Adidas Product 2806,Fashion,Adidas,58.29,90.91,2024-07-13
P02807,Puma Product 2807,Fashion,Puma,289.02,393.01,2022-04-12
P02808,Philips Product 2808,Home,Philips,221.57,316.6,2023-11-15
P02809,Puma Product 2809,Fashion,Puma,85.23,157.77,2024-12-05
P02810,Nike Product 2810,Fashion,Nike,293.14,499.3,2022-06-16
P02811,Samsung Product 2811,Electronics,Samsung,21.45,28.15,2025-05-25
P02812,Apple Product 2812,Electronics,Apple,388.32,642.53,2026-01-20
P02813,Apple Product 2813,Electronics,Apple,96.73,172.56,2022-04-30
P02814,HarperCollins Product 2814,Books,HarperCollins,99.12,135.4,2023-07-28
P02815,Reebok Product 2815,Sports,Reebok,179.29,303.86,2026-01-07
P02816,Penguin Product 2816,Books,Penguin,401.79,623.22,2023-03-30
P02817,Wilson Product 2817,Sports,Wilson,286.73,373.25,2026-08-24
P02818,HarperCollins Product 2818,Books,HarperCollins,54.95,87.86,2024-05-26
P02819,Sony Product 2819,Electronics,Sony,272.57,332.0,2026-05-25
P02820,Philips Product 2820,Home,Philips,198.26,294.68,2024-11-27
P02821,Adidas Product 2821,Fashion,Adidas,42.01,69.75,2023-05-10
P02822,HarperCollins Product 2822,Books,HarperCollins,202.61,252.31,2026-03-05
P02823,Sony Product 2823,Electronics,Sony,238.13,460.52,2021-10-10
P02824,Bosch Product 2824,Home,Bosch,19.84,29.17,2024-07-03
P02825,Ikea Product 2825,Home,Ikea,170.6,309.09,2021-09-10
P02826,Nike Product 2826,Fashion,Nike,275.81,492.9,2024-02-10
P02827,Samsung Product 2827,Electronics,Samsung,249.31,459.86,2026-03-11
P02828,Penguin Product 2828,Books,Penguin,176.19,221.4,2022-12-31
P02829,Reebok Product 2829,Sports,Reebok,370.95,720.94,2024-03-10
P02830,HarperCollins Product 2830,Books,HarperCollins,473.57,670.77,2025-12-10
P02831,Samsung Product 2831,Electronics,Samsung,22.62,36.33,2023-05-17
P02832,Philips Product 2832,Home,Philips,241.41,440.63,2022-08-24
P02833,Nike Product 2833,Fashion,Nike,465.97,568.99,2024-12-27
P02834,Puma Product 2834,Fashion,Puma,306.03,460.12,2026-01-16
P02835,Sony Product 2835,Electronics,Sony,243.68,367.88,2023-12-19
P02836,Reebok Product 2836,Sports,Reebok,66.99,117.97,2023-03-18
P02837,Penguin Product 2837,Books,Penguin,62.21,80.52,2022-07-19
P02838,HarperCollins Product 2838,Books,HarperCollins,179.14,264.14,2025-09-21
P02839,Samsung Product 2839,Electronics,Samsung,119.86,200.27,2024-09-09
P02840,Adidas Product 2840,Fashion,Adidas,375.0,716.5,2025-07-13
P02841,Penguin Product 2841,Books,Penguin,495.51,600.52,2024-02-26
P02842,Nike Product 2842,Fashion,Nike,42.92,55.85,2021-12-08
P02843,Adidas Product 2843,Fashion,Adidas,26.64,39.42,2024-09-08
P02844,Adidas Product 2844,Fashion,Adidas,69.21,105.08,2023-11-26
P02845,Sony Product 2845,Electronics,Sony,43.02,60.23,2025-03-29
P02846,Penguin Product 2846,Books,Penguin,249.99,447.03,2022-08-19
P02847,Ikea Product 2847,Home,Ikea,224.55,323.84,2021-11-03
P02848,Bosch Product 2848,Home,Bosch,149.88,258.23,2025-04-01
P02849,HarperCollins Product 2849,Books,HarperCollins,162.84,265.94,2023-05-20
P02850,Samsung Product 2850,Electronics,Samsung,176.58,269.93,2025-01-21
P02851,HarperCollins Product 2851,Books,HarperCollins,143.49,195.55,2025-06-11
P02852,Puma Product 2852,Fashion,Puma,119.12,213.64,2021-12-01
P02853,Nike Product 2853,Fashion,Nike,189.33,350.85,2022-02-06
P02854,Nike Product 2854,Fashion,Nike,489.07,860.11,2025-06-02
P02855,Wilson Product 2855,Sports,Wilson,15.54,29.05,2022-04-19
P02856,Philips Product 2856,Home,Philips,296.18,426.6,2025-01-10
P02857,Samsung Product 2857,Electronics,Samsung,143.15,241.61,2022-08-19
P02858,Wilson Product 2858,Sports,Wilson,432.07,651.45,2024-09-05
P02859,Samsung Product 2859,Electronics,Samsung,106.84,143.97,2024-08-24
P02860,Reebok Product 2860,Sports,Reebok,30.87,44.58,2024-05-26
P02861,HarperCollins Product 2861,Books,HarperCollins,468.93,904.12,2023-02-25
P02862,Philips Product 2862,Home,Philips,406.07,679.26,2023-02-27
P02863,Apple Product 2863,Electronics,Apple,364.26,618.23,2024-06-15
P02864,Reebok Product 2864,Sports,Reebok,464.64,837.24,2022-09-21
P02865,Sony Product 2865,Electronics,Sony,197.11,350.27,2024-12-14
P02866,Bosch Product 2866,Home,Bosch,234.43,388.7,2025-08-19
P02867,HarperCollins Product 2867,Books,HarperCollins,85.46,128.62,2022-02-19
P02868,Nike Product 2868,Fashion,Nike,454.32,647.21,2022-03-06
P02869,Ikea Product 2869,Home,Ikea,499.41,907.46,2024-08-22
P02870,Philips Product 2870,Home,Philips,287.69,354.11,2024-01-02
P02871,Philips Product 2871,Home,Philips,138.03,193.3,2024-03-27
P02872,Penguin Product 2872,Books,Penguin,66.53,110.09,2022-11-20
P02873,Philips Product 2873,Home,Philips,424.56,660.21,2025-01-22
P02874,Apple Product 2874,Electronics,Apple,9.39,11.55,2025-09-08
P02875,Philips Product 2875,Home,Philips,320.68,527.61,2026-07-12
P02876,Wilson Product 2876,Sports,Wilson,291.89,368.84,2023-08-09
P02877,HarperCollins Product 2877,Books,HarperCollins,476.88,740.29,2024-06-01
P02878,Philips Product 2878,Home,Philips,133.47,213.01,2024-03-15
P02879,Puma Product 2879,Fashion,Puma,91.38,173.35,2026-06-11
P02880,Samsung Product 2880,Electronics,Samsung,61.65,75.88,2024-08-04
P02881,HarperCollins Product 2881,Books,HarperCollins,292.05,360.26,2023-08-15
P02882,Nike Product 2882,Fashion,Nike,476.09,949.12,2024-09-07
P02883,Ikea Product 2883,Home,Ikea,340.8,642.75,2023-08-12
P02884,Bosch Product 2884,Home,Bosch,360.57,605.92,2023-03-01
P02885,Ikea Product 2885,Home,Ikea,43.35,67.41,2022-01-07
P02886,Penguin Product 2886,Books,Penguin,122.3,178.64,2024-11-14
P02887,Bosch Product 2887,Home,Bosch,210.9,361.38,2021-09-15
P02888,Ikea Product 2888,Home,Ikea,17.22,29.03,2026-02-04
P02889,Philips Product 2889,Home,Philips,487.67,935.31,2025-07-07
P02890,Philips Product 2890,Home,Philips,471.53,676.76,2023-06-27
P02891,Samsung Product 2891,Electronics,Samsung,187.31,268.36,2026-06-24
P02892,Puma Product 2892,Fashion,Puma,17.64,29.76,2022-05-29
P02893,Bosch Product 2893,Home,Bosch,359.31,644.47,2021-12-09
P02894,HarperCollins Product 2894,Books,HarperCollins,470.27,706.85,2024-04-07
P02895,Penguin Product 2895,Books,Penguin,330.24,435.94,2022-05-31
P02896,Samsung Product 2896,Electronics,Samsung,479.52,956.09,2026-01-20
P02897,HarperCollins Product 2897,Books,HarperCollins,271.79,352.51,2026-02-15
P02898,Penguin Product 2898,Books,Penguin,305.52,527.74,2021-11-07
P02899,HarperCollins Product 2899,Books,HarperCollins,161.88,219.51,2023-10-30
P02900,HarperCollins Product 2900,Books,HarperCollins,455.98,667.07,2025-08-04
P02901,Ikea Product 2901,Home,Ikea,230.63,414.8,2023-01-01
P02902,Sony Product 2902,Electronics,Sony,124.32,222.07,2025-11-17
P02903,Under Armour Product 2903,Sports,Under Armour,44.45,73.27,2026-02-21
P02904,Apple Product 2904,Electronics,Apple,328.4,553.08,2024-12-29
P02905,Under Armour Product 2905,Sports,Under Armour,118.73,221.11,2024-06-16
P02906,Puma Product 2906,Fashion,Puma,126.25,243.34,2023-10-03
P02907,Penguin Product 2907,Books,Penguin,304.75,559.73,2024-10-04
P02908,Philips Product 2908,Home,Philips,63.39,96.78,2022-06-21
P02909,Penguin Product 2909,Books,Penguin,290.13,494.99,2025-01-30
P02910,Nike Product 2910,Fashion,Nike,438.82,532.03,2026-03-21
P02911,Apple Product 2911,Electronics,Apple,135.37,222.5,2022-05-22
P02912,Reebok Product 2912,Sports,Reebok,54.99,104.24,2022-04-19
P02913,Wilson Product 2913,Sports,Wilson,346.57,690.35,2022-10-30
P02914,Puma Product 2914,Fashion,Puma,434.11,839.96,2024-03-25
P02915,Under Armour Product 2915,Sports,Under Armour,68.09,119.67,2022-01-03
P02916,Puma Product 2916,Fashion,Puma,150.23,220.75,2024-06-22
P02917,Bosch Product 2917,Home,Bosch,306.33,394.01,2026-07-14
P02918,Samsung Product 2918,Electronics,Samsung,370.68,550.08,2026-04-22
P02919,Under Armour Product 2919,Sports,Under Armour,317.26,568.71,2024-11-24
P02920,Under Armour Product 2920,Sports,Under Armour,380.04,668.9,2026-02-25
P02921,Puma Product 2921,Fashion,Puma,384.15,742.59,2021-11-13
P02922,Penguin Product 2922,Books,Penguin,80.37,96.94,2026-05-12
P02923,HarperCollins Product 2923,Books,HarperCollins,338.58,529.14,2022-01-16
P02924,Philips Product 2924,Home,Philips,92.48,164.43,2025-07-30
P02925,Ikea Product 2925,Home,Ikea,119.97,191.31,2024-08-02
P02926,Sony Product 2926,Electronics,Sony,261.25,423.27,2026-02-18
P02927,HarperCollins Product 2927,Books,HarperCollins,146.2,220.36,2025-12-09
P02928,Nike Product 2928,Fashion,Nike,25.76,50.39,2025-05-26
P02929,Adidas Product 2929,Fashion,Adidas,261.97,434.9,2026-05-17
P02930,HarperCollins Product 2930,Books,HarperCollins,54.24,77.45,2024-01-27
P02931,Apple Product 2931,Electronics,Apple,140.56,218.03,2025-03-02
P02932,Adidas Product 2932,Fashion,Adidas,469.91,661.42,2022-01-02
P02933,Penguin Product 2933,Books,Penguin,462.64,801.82,2023-08-20
P02934,Nike Product 2934,Fashion,Nike,107.39,200.93,2026-02-12
P02935,Nike Product 2935,Fashion,Nike,301.2,371.02,2023-02-23
P02936,Penguin Product 2936,Books,Penguin,8.3,15.49,2023-09-25
P02937,Apple Product 2937,Electronics,Apple,105.55,206.19,2025-07-23
P02938,HarperCollins Product 2938,Books,HarperCollins,367.38,593.95,2024-03-02
P02939,Under Armour Product 2939,Sports,Under Armour,459.41,814.53,2022-11-02
P02940,Apple Product 2940,Electronics,Apple,445.0,709.6,2022-08-25
P02941,Samsung Product 2941,Electronics,Samsung,496.57,886.53,2024-07-25
P02942,Apple Product 2942,Electronics,Apple,402.8,723.2,2023-03-23
P02943,Puma Product 2943,Fashion,Puma,41.8,55.4,2024-03-02
P02944,Philips Product 2944,Home,Philips,229.46,410.37,2022-12-01
P02945,Sony Product 2945,Electronics,Sony,345.53,661.28,2022-09-22
P02946,Apple Product 2946,Electronics,Apple,54.72,96.53,2023-03-24
P02947,HarperCollins Product 2947,Books,HarperCollins,99.25,163.42,2025-09-07
P02948,Sony Product 2948,Electronics,Sony,315.51,440.68,2025-03-05
P02949,HarperCollins Product 2949,Books,HarperCollins,436.7,600.97,2025-02-13
P02950,Adidas Product 2950,Fashion,Adidas,237.71,377.39,2025-10-26
P02951,Puma Product 2951,Fashion,Puma,250.88,327.51,2023-10-11
P02952,Sony Product 2952,Electronics,Sony,429.29,772.53,2025-12-01
P02953,Apple Product 2953,Electronics,Apple,38.29,63.03,2025-01-28
P02954,Puma Product 2954,Fashion,Puma,93.17,142.97,2024-07-11
P02955,Bosch Product 2955,Home,Bosch,193.24,322.15,2023-08-20
P02956,Philips Product 2956,Home,Philips,267.58,525.38,2025-07-24
P02957,Ikea Product 2957,Home,Ikea,438.14,759.9,2025-11-28
P02958,Reebok Product 2958,Sports,Reebok,199.14,295.86,2026-04-02
P02959,Under Armour Product 2959,Sports,Under Armour,52.78,68.08,2021-10-13
P02960,Philips Product 2960,Home,Philips,484.83,708.01,2023-10-24
P02961,Wilson Product 2961,Sports,Wilson,92.22,181.22,2023-12-19
P02962,Apple Product 2962,Electronics,Apple,350.0,617.35,2022-09-20
P02963,Under Armour Product 2963,Sports,Under Armour,302.52,529.34,2023-04-28
P02964,Apple Product 2964,Electronics,Apple,137.62,188.83,2025-09-02
P02965,Wilson Product 2965,Sports,Wilson,283.32,413.24,2025-10-23
P02966,Philips Product 2966,Home,Philips,198.73,308.74,2025-08-17
P02967,Under Armour Product 2967,Sports,Under Armour,456.62,645.96,2022-05-11
P02968,Adidas Product 2968,Fashion,Adidas,319.95,395.62,2022-09-16
P02969,Under Armour Product 2969,Sports,Under Armour,114.55,217.7,2026-06-13
P02970,Penguin Product 2970,Books,Penguin,390.88,503.55,2023-02-12
P02971,HarperCollins Product 2971,Books,HarperCollins,68.96,112.53,2025-07-29
P02972,Apple Product 2972,Electronics,Apple,49.68,87.62,2025-07-19
P02973,Bosch Product 2973,Home,Bosch,36.42,45.14,2025-05-16
P02974,Adidas Product 2974,Fashion,Adidas,270.06,536.93,2024-01-19
P02975,HarperCollins Product 2975,Books,HarperCollins,430.56,595.67,2022-04-23
P02976,Adidas Product 2976,Fashion,Adidas,169.09,232.07,2024-03-09
P02977,Nike Product 2977,Fashion,Nike,22.86,27.8,2022-04-21
P02978,Penguin Product 2978,Books,Penguin,253.24,464.21,2024-12-09
P02979,Samsung Product 2979,Electronics,Samsung,145.13,176.97,2022-04-08
P02980,Nike Product 2980,Fashion,Nike,139.87,181.68,2023-04-19
P02981,Reebok Product 2981,Sports,Reebok,203.37,377.18,2024-10-17
P02982,Ikea Product 2982,Home,Ikea,42.88,68.76,2025-06-17
P02983,Wilson Product 2983,Sports,Wilson,12.3,22.93,2023-11-04
P02984,Penguin Product 2984,Books,Penguin,52.3,87.37,2026-02-16
P02985,Wilson Product 2985,Sports,Wilson,416.58,786.27,2024-02-23
P02986,Philips Product 2986,Home,Philips,258.62,315.19,2024-06-22
P02987,Philips Product 2987,Home,Philips,105.32,148.65,2025-01-20
P02988,HarperCollins Product 2988,Books,HarperCollins,191.41,295.47,2022-07-30
P02989,Adidas Product 2989,Fashion,Adidas,282.69,448.54,2023-02-15
P02990,Penguin Product 2990,Books,Penguin,194.29,387.52,2022-06-06
P02991,Under Armour Product 2991,Sports,Under Armour,382.54,677.73,2021-11-07
P02992,Wilson Product 2992,Sports,Wilson,291.05,355.06,2024-12-17
P02993,Adidas Product 2993,Fashion,Adidas,188.06,310.4,2025-06-04
P02994,Philips Product 2994,Home,Philips,76.17,129.79,2024-09-05
P02995,Samsung Product 2995,Electronics,Samsung,282.64,386.13,2024-04-19
P02996,Reebok Product 2996,Sports,Reebok,128.73,169.03,2022-12-05
P02997,HarperCollins Product 2997,Books,HarperCollins,264.09,494.3,2025-10-05
P02998,Nike Product 2998,Fashion,Nike,384.87,539.44,2023-08-09
P02999,Bosch Product 2999,Home,Bosch,172.24,227.44,2022-08-12
P03000,Bosch Product 3000,Home,Bosch,284.83,434.43,2025-09-07
P03001,Apple Product 3001,Electronics,Apple,346.75,625.55,2026-01-14
P03002,Reebok Product 3002,Sports,Reebok,252.41,496.64,2023-09-27
P03003,Adidas Product 3003,Fashion,Adidas,233.38,370.23,2022-03-08
P03004,Penguin Product 3004,Books,Penguin,461.01,710.21,2024-02-22
P03005,Apple Product 3005,Electronics,Apple,68.0,82.34,2025-10-07
P03006,Penguin Product 3006,Books,Penguin,87.27,135.28,2023-04-20
P03007,Samsung Product 3007,Electronics,Samsung,443.32,707.6,2025-12-15
P03008,HarperCollins Product 3008,Books,HarperCollins,74.23,140.99,2022-04-06
P03009,Under Armour Product 3009,Sports,Under Armour,9.58,12.4,2021-11-02
P03010,Bosch Product 3010,Home,Bosch,461.38,803.42,2025-02-02
P03011,HarperCollins Product 3011,Books,HarperCollins,309.47,463.37,2022-06-14
P03012,Nike Product 3012,Fashion,Nike,148.65,259.84,2025-06-03
P03013,HarperCollins Product 3013,Books,HarperCollins,262.09,367.19,2024-02-29
P03014,Wilson Product 3014,Sports,Wilson,468.42,909.51,2026-04-13
P03015,Nike Product 3015,Fashion,Nike,264.57,493.03,2025-07-19
P03016,Apple Product 3016,Electronics,Apple,211.07,278.67,2026-08-13
P03017,Samsung Product 3017,Electronics,Samsung,159.36,215.16,2023-06-13
P03018,Sony Product 3018,Electronics,Sony,232.0,295.98,2026-05-28
P03019,HarperCollins Product 3019,Books,HarperCollins,299.25,375.09,2025-06-08
P03020,Penguin Product 3020,Books,Penguin,175.75,212.89,2024-11-06
P03021,Adidas Product 3021,Fashion,Adidas,145.67,281.03,2021-09-02
P03022,Reebok Product 3022,Sports,Reebok,366.01,546.75,2023-06-29
P03023,Under Armour Product 3023,Sports,Under Armour,282.75,484.43,2021-10-27
P03024,Nike Product 3024,Fashion,Nike,298.36,382.61,2024-08-29
P03025,Adidas Product 3025,Fashion,Adidas,93.27,153.98,2026-01-16
P03026,Puma Product 3026,Fashion,Puma,295.72,536.09,2024-03-25
P03027,Bosch Product 3027,Home,Bosch,387.13,647.95,2024-12-08
P03028,Bosch Product 3028,Home,Bosch,436.31,756.91,2025-06-07
P03029,Wilson Product 3029,Sports,Wilson,88.21,161.13,2023-01-24
P03030,Nike Product 3030,Fashion,Nike,465.13,786.97,2021-09-28
P03031,Nike Product 3031,Fashion,Nike,240.35,288.47,2024-10-19
P03032,Samsung Product 3032,Electronics,Samsung,72.8,134.37,2022-11-16
P03033,Reebok Product 3033,Sports,Reebok,238.49,343.91,2025-12-04
P03034,Samsung Product 3034,Electronics,Samsung,282.27,423.93,2024-01-26
P03035,Reebok Product 3035,Sports,Reebok,239.87,347.67,2023-03-21
P03036,HarperCollins Product 3036,Books,HarperCollins,267.69,510.39,2026-03-06
P03037,Nike Product 3037,Fashion,Nike,473.02,883.07,2025-07-01
P03038,Adidas Product 3038,Fashion,Adidas,282.44,449.67,2022-08-30
P03039,Bosch Product 3039,Home,Bosch,64.52,123.87,2025-08-28
P03040,Ikea Product 3040,Home,Ikea,17.52,26.15,2023-07-17
P03041,Reebok Product 3041,Sports,Reebok,176.27,271.33,2023-12-07
P03042,Penguin Product 3042,Books,Penguin,194.32,261.01,2024-09-20
P03043,Samsung Product 3043,Electronics,Samsung,223.83,362.78,2024-07-17
P03044,Sony Product 3044,Electronics,Sony,158.64,202.31,2023-02-15
P03045,Philips Product 3045,Home,Philips,253.88,307.3,2022-01-12
P03046,Ikea Product 3046,Home,Ikea,325.37,557.47,2022-04-07
P03047,Wilson Product 3047,Sports,Wilson,497.89,877.98,2025-09-24
P03048,Bosch Product 3048,Home,Bosch,33.33,55.25,2025-05-27
P03049,Sony Product 3049,Electronics,Sony,464.15,927.27,2022-07-11
P03050,Under Armour Product 3050,Sports,Under Armour,91.02,163.83,2021-12-23
P03051,Penguin Product 3051,Books,Penguin,23.91,29.24,2022-09-03
P03052,Puma Product 3052,Fashion,Puma,369.42,700.69,2024-08-08
P03053,Nike Product 3053,Fashion,Nike,212.69,399.14,2022-12-18
P03054,Apple Product 3054,Electronics,Apple,320.55,400.64,2025-04-26
P03055,Sony Product 3055,Electronics,Sony,142.35,267.91,2022-12-10
P03056,Penguin Product 3056,Books,Penguin,169.67,294.82,2026-06-03
P03057,Bosch Product 3057,Home,Bosch,88.76,176.55,2024-09-01
P03058,Bosch Product 3058,Home,Bosch,12.01,20.8,2025-10-18
P03059,Reebok Product 3059,Sports,Reebok,336.47,421.25,2025-02-20
P03060,Penguin Product 3060,Books,Penguin,365.83,463.57,2023-01-14
P03061,Wilson Product 3061,Sports,Wilson,141.39,192.14,2022-01-27
P03062,HarperCollins Product 3062,Books,HarperCollins,90.62,162.89,2023-01-11
P03063,Apple Product 3063,Electronics,Apple,140.51,208.03,2025-03-14
P03064,Philips Product 3064,Home,Philips,286.25,502.95,2023-02-01
P03065,HarperCollins Product 3065,Books,HarperCollins,48.64,94.09,2025-03-06
P03066,Puma Product 3066,Fashion,Puma,47.78,69.47,2023-12-08
P03067,Samsung Product 3067,Electronics,Samsung,395.42,543.32,2021-11-22
P03068,Philips Product 3068,Home,Philips,45.23,80.48,2022-06-27
P03069,Adidas Product 3069,Fashion,Adidas,419.47,718.91,2026-01-14
P03070,Puma Product 3070,Fashion,Puma,379.14,495.23,2024-05-16
P03071,Apple Product 3071,Electronics,Apple,354.43,475.79,2022-03-20
P03072,Puma Product 3072,Fashion,Puma,161.19,222.57,2025-04-06
P03073,Adidas Product 3073,Fashion,Adidas,442.37,593.52,2023-06-05
P03074,Philips Product 3074,Home,Philips,350.29,494.48,2022-11-09
P03075,Under Armour Product 3075,Sports,Under Armour,291.45,431.08,2022-10-05
P03076,HarperCollins Product 3076,Books,HarperCollins,415.6,727.15,2023-06-07
P03077,Nike Product 3077,Fashion,Nike,475.08,792.52,2023-04-26
P03078,Puma Product 3078,Fashion,Puma,286.51,571.59,2023-09-23
P03079,Under Armour Product 3079,Sports,Under Armour,324.77,566.92,2025-04-05
P03080,Ikea Product 3080,Home,Ikea,174.38,344.36,2023-01-26
P03081,HarperCollins Product 3081,Books,HarperCollins,49.92,90.79,2024-11-25
P03082,Ikea Product 3082,Home,Ikea,236.51,289.76,2022-05-20
P03083,Sony Product 3083,Electronics,Sony,330.87,446.39,2025-10-09
P03084,Adidas Product 3084,Fashion,Adidas,295.48,442.58,2026-07-02
P03085,Reebok Product 3085,Sports,Reebok,296.25,363.52,2025-04-20
P03086,Sony Product 3086,Electronics,Sony,182.65,350.84,2023-03-08
P03087,Adidas Product 3087,Fashion,Adidas,240.37,353.18,2025-09-18
P03088,Samsung Product 3088,Electronics,Samsung,457.01,660.39,2026-07-10
P03089,Reebok Product 3089,Sports,Reebok,97.15,118.27,2026-03-31
P03090,HarperCollins Product 3090,Books,HarperCollins,298.82,524.61,2023-01-24
P03091,Under Armour Product 3091,Sports,Under Armour,417.88,585.89,2024-04-16
P03092,Bosch Product 3092,Home,Bosch,172.25,300.2,2024-03-23
P03093,Ikea Product 3093,Home,Ikea,485.53,923.45,2025-12-14
P03094,Penguin Product 3094,Books,Penguin,213.39,388.21,2025-03-15
P03095,HarperCollins Product 3095,Books,HarperCollins,298.57,397.46,2025-12-14
P03096,Adidas Product 3096,Fashion,Adidas,443.86,875.38,2025-08-09
P03097,Penguin Product 3097,Books,Penguin,475.99,787.47,2023-09-09
P03098,Nike Product 3098,Fashion,Nike,333.39,610.39,2025-06-16
P03099,Samsung Product 3099,Electronics,Samsung,158.09,286.56,2022-05-05
P03100,Philips Product 3100,Home,Philips,201.02,315.29,2022-03-31
P03101,Nike Product 3101,Fashion,Nike,442.06,637.02,2024-01-30
P03102,Samsung Product 3102,Electronics,Samsung,121.91,166.12,2026-01-14
P03103,Sony Product 3103,Electronics,Sony,126.14,220.46,2024-09-15
P03104,Ikea Product 3104,Home,Ikea,241.29,356.09,2023-02-21
P03105,Reebok Product 3105,Sports,Reebok,344.96,606.79,2025-03-22
P03106,Reebok Product 3106,Sports,Reebok,191.26,300.43,2024-03-25
P03107,Nike Product 3107,Fashion,Nike,196.85,286.35,2025-07-13
P03108,Adidas Product 3108,Fashion,Adidas,387.76,743.89,2026-05-16
P03109,Reebok Product 3109,Sports,Reebok,199.96,251.41,2022-06-13
P03110,Reebok Product 3110,Sports,Reebok,371.51,620.1,2026-05-18
P03111,Puma Product 3111,Fashion,Puma,93.19,129.36,2022-10-30
P03112,Philips Product 3112,Home,Philips,253.22,304.19,2024-07-09
P03113,HarperCollins Product 3113,Books,HarperCollins,457.72,785.66,2026-06-08
P03114,Adidas Product 3114,Fashion,Adidas,98.05,134.23,2026-06-06
P03115,Wilson Product 3115,Sports,Wilson,173.1,298.29,2024-03-21
P03116,Wilson Product 3116,Sports,Wilson,146.06,220.47,2025-08-28
P03117,Wilson Product 3117,Sports,Wilson,134.2,263.57,2022-03-05
P03118,Nike Product 3118,Fashion,Nike,202.12,326.2,2023-03-24
P03119,Apple Product 3119,Electronics,Apple,404.08,596.84,2025-12-04
P03120,Sony Product 3120,Electronics,Sony,431.92,795.96,2025-12-30
P03121,Samsung Product 3121,Electronics,Samsung,162.92,270.41,2023-01-25
P03122,Reebok Product 3122,Sports,Reebok,230.07,365.56,2022-03-01
P03123,Under Armour Product 3123,Sports,Under Armour,386.82,557.94,2023-06-28
P03124,Bosch Product 3124,Home,Bosch,318.89,536.66,2025-09-24
P03125,Reebok Product 3125,Sports,Reebok,189.55,299.27,2024-07-18
P03126,Bosch Product 3126,Home,Bosch,486.03,626.66,2023-06-25
P03127,Adidas Product 3127,Fashion,Adidas,268.2,404.12,2024-06-14
P03128,Samsung Product 3128,Electronics,Samsung,8.44,16.53,2026-04-02
P03129,HarperCollins Product 3129,Books,HarperCollins,102.82,190.24,2026-04-29
P03130,Under Armour Product 3130,Sports,Under Armour,29.03,41.38,2025-11-11
P03131,Apple Product 3131,Electronics,Apple,232.82,288.71,2026-07-11
P03132,HarperCollins Product 3132,Books,HarperCollins,129.9,190.95,2026-08-17
P03133,Ikea Product 3133,Home,Ikea,273.66,367.52,2023-01-13
P03134,Philips Product 3134,Home,Philips,13.67,19.95,2022-04-10
P03135,Sony Product 3135,Electronics,Sony,60.28,107.63,2025-03-11
P03136,HarperCollins Product 3136,Books,HarperCollins,128.07,162.3,2025-01-05
P03137,Samsung Product 3137,Electronics,Samsung,364.76,622.4,2022-04-11
P03138,Under Armour Product 3138,Sports,Under Armour,175.97,275.64,2022-05-26
P03139,Penguin Product 3139,Books,Penguin,459.79,884.11,2023-08-07
P03140,HarperCollins Product 3140,Books,HarperCollins,25.12,36.71,2022-09-06
P03141,Samsung Product 3141,Electronics,Samsung,306.63,545.51,2022-08-13
P03142,Apple Product 3142,Electronics,Apple,258.75,460.66,2022-10-01
P03143,Bosch Product 3143,Home,Bosch,375.89,578.13,2025-03-31
P03144,Samsung Product 3144,Electronics,Samsung,475.43,668.21,2025-07-18
P03145,Apple Product 3145,Electronics,Apple,482.75,885.81,2024-11-05
P03146,HarperCollins Product 3146,Books,HarperCollins,497.48,841.97,2023-11-24
P03147,Penguin Product 3147,Books,Penguin,348.66,432.01,2025-12-12
P03148,HarperCollins Product 3148,Books,HarperCollins,111.53,217.3,2024-07-08
P03149,Bosch Product 3149,Home,Bosch,345.99,466.59,2025-02-02
P03150,Penguin Product 3150,Books,Penguin,304.29,586.61,2024-10-27
P03151,Philips Product 3151,Home,Philips,7.5,10.24,2022-11-24
P03152,Reebok Product 3152,Sports,Reebok,69.23,97.87,2024-03-27
P03153,HarperCollins Product 3153,Books,HarperCollins,53.09,73.26,2025-02-26
P03154,Ikea Product 3154,Home,Ikea,36.54,52.26,2023-07-05
P03155,HarperCollins Product 3155,Books,HarperCollins,296.02,505.55,2026-08-16
P03156,Bosch Product 3156,Home,Bosch,197.57,384.06,2025-04-22
P03157,Apple Product 3157,Electronics,Apple,173.6,256.42,2022-12-10
P03158,Wilson Product 3158,Sports,Wilson,233.66,419.2,2026-01-10
P03159,Puma Product 3159,Fashion,Puma,350.37,609.08,2024-08-26
P03160,Philips Product 3160,Home,Philips,20.97,39.46,2023-03-26
P03161,Sony Product 3161,Electronics,Sony,245.84,488.72,2021-11-01
P03162,Samsung Product 3162,Electronics,Samsung,375.27,609.32,2025-06-22
P03163,Philips Product 3163,Home,Philips,376.67,588.06,2022-06-27
P03164,Wilson Product 3164,Sports,Wilson,82.17,137.06,2022-09-05
P03165,HarperCollins Product 3165,Books,HarperCollins,284.62,436.13,2022-12-20
P03166,Apple Product 3166,Electronics,Apple,280.44,446.63,2024-10-16
P03167,Adidas Product 3167,Fashion,Adidas,460.98,601.74,2025-08-22
P03168,Penguin Product 3168,Books,Penguin,53.01,72.87,2025-11-20
P03169,Sony Product 3169,Electronics,Sony,148.23,280.44,2024-02-09
P03170,Reebok Product 3170,Sports,Reebok,207.22,373.21,2023-07-21
P03171,Reebok Product 3171,Sports,Reebok,143.05,259.84,2026-02-02
P03172,Sony Product 3172,Electronics,Sony,442.96,871.83,2021-12-02
P03173,Bosch Product 3173,Home,Bosch,270.14,408.92,2025-02-02
P03174,Under Armour Product 3174,Sports,Under Armour,379.63,542.5,2021-11-22
P03175,Wilson Product 3175,Sports,Wilson,462.34,620.51,2025-09-02
P03176,Ikea Product 3176,Home,Ikea,268.67,394.2,2026-06-14
P03177,Reebok Product 3177,Sports,Reebok,90.27,173.84,2022-12-29
P03178,Reebok Product 3178,Sports,Reebok,328.29,649.82,2021-11-30
P03179,Wilson Product 3179,Sports,Wilson,320.03,542.48,2022-01-06
P03180,Puma Product 3180,Fashion,Puma,311.86,623.45,2022-01-02
P03181,HarperCollins Product 3181,Books,HarperCollins,473.02,690.62,2021-12-19
P03182,Nike Product 3182,Fashion,Nike,286.81,452.45,2024-12-12
P03183,Apple Product 3183,Electronics,Apple,16.25,27.32,2022-10-29
P03184,Reebok Product 3184,Sports,Reebok,258.11,349.59,2025-08-11
P03185,Adidas Product 3185,Fashion,Adidas,187.69,356.56,2021-12-08
P03186,Adidas Product 3186,Fashion,Adidas,468.88,908.27,2022-05-07
P03187,Ikea Product 3187,Home,Ikea,150.03,287.39,2026-02-15
P03188,Puma Product 3188,Fashion,Puma,233.28,325.67,2021-09-03
P03189,HarperCollins Product 3189,Books,HarperCollins,494.91,909.35,2025-03-15
P03190,Reebok Product 3190,Sports,Reebok,322.48,594.31,2022-05-25
P03191,Ikea Product 3191,Home,Ikea,126.21,224.36,2024-06-06
P03192,Samsung Product 3192,Electronics,Samsung,375.56,655.58,2023-12-23
P03193,Reebok Product 3193,Sports,Reebok,497.79,940.69,2023-12-30
P03194,Apple Product 3194,Electronics,Apple,479.0,913.3,2023-04-04
P03195,Penguin Product 3195,Books,Penguin,359.32,605.66,2024-09-05
P03196,Penguin Product 3196,Books,Penguin,222.07,413.54,2025-04-08
P03197,Apple Product 3197,Electronics,Apple,406.77,757.67,2021-09-22
P03198,Apple Product 3198,Electronics,Apple,202.72,393.66,2024-08-26
P03199,Under Armour Product 3199,Sports,Under Armour,394.77,506.45,2025-10-09
P03200,Bosch Product 3200,Home,Bosch,378.02,487.43,2024-12-13
P03201,Adidas Product 3201,Fashion,Adidas,209.38,308.18,2022-05-27
P03202,Adidas Product 3202,Fashion,Adidas,108.99,139.26,2022-07-05
P03203,Apple Product 3203,Electronics,Apple,450.1,717.13,2022-03-25
P03204,Adidas Product 3204,Fashion,Adidas,174.51,305.63,2025-03-17
P03205,Philips Product 3205,Home,Philips,351.28,581.22,2023-02-08
P03206,Penguin Product 3206,Books,Penguin,381.85,503.44,2024-03-30
P03207,Ikea Product 3207,Home,Ikea,114.41,171.24,2025-08-14
P03208,Bosch Product 3208,Home,Bosch,149.15,291.71,2026-06-10
P03209,Puma Product 3209,Fashion,Puma,318.78,503.75,2024-10-14
P03210,Reebok Product 3210,Sports,Reebok,150.97,270.99,2025-02-26
P03211,Nike Product 3211,Fashion,Nike,305.69,576.93,2024-07-05
P03212,Bosch Product 3212,Home,Bosch,117.82,221.59,2025-10-17
P03213,HarperCollins Product 3213,Books,HarperCollins,78.44,94.89,2024-12-21
P03214,Bosch Product 3214,Home,Bosch,256.75,486.85,2026-01-18
P03215,HarperCollins Product 3215,Books,HarperCollins,241.1,462.91,2022-09-23
P03216,Bosch Product 3216,Home,Bosch,82.16,154.63,2022-05-17
P03217,Bosch Product 3217,Home,Bosch,190.31,360.13,2024-10-21
P03218,Reebok Product 3218,Sports,Reebok,88.71,143.73,2026-05-25
P03219,Adidas Product 3219,Fashion,Adidas,449.08,544.01,2024-09-29
P03220,Apple Product 3220,Electronics,Apple,116.29,158.75,2022-12-16
P03221,Adidas Product 3221,Fashion,Adidas,306.28,546.1,2024-09-05
P03222,Sony Product 3222,Electronics,Sony,102.49,163.88,2025-06-25
P03223,Penguin Product 3223,Books,Penguin,420.79,789.65,2023-07-03
P03224,Penguin Product 3224,Books,Penguin,371.98,554.57,2022-01-12
P03225,Apple Product 3225,Electronics,Apple,315.07,618.05,2024-06-07
P03226,Penguin Product 3226,Books,Penguin,139.38,274.48,2022-05-27
P03227,Penguin Product 3227,Books,Penguin,485.37,604.18,2023-03-22
P03228,Penguin Product 3228,Books,Penguin,126.12,231.79,2024-04-12
P03229,Puma Product 3229,Fashion,Puma,468.49,883.58,2023-07-02
P03230,Puma Product 3230,Fashion,Puma,360.1,483.23,2022-12-25
P03231,HarperCollins Product 3231,Books,HarperCollins,278.23,354.21,2025-01-13
P03232,Puma Product 3232,Fashion,Puma,416.19,520.63,2024-06-04
P03233,Puma Product 3233,Fashion,Puma,154.87,211.58,2026-08-07
P03234,Puma Product 3234,Fashion,Puma,382.03,604.3,2023-10-30
P03235,Sony Product 3235,Electronics,Sony,441.41,547.73,2026-08-12
P03236,Samsung Product 3236,Electronics,Samsung,241.76,375.58,2026-04-24
P03237,Wilson Product 3237,Sports,Wilson,54.44,91.0,2024-06-25
P03238,HarperCollins Product 3238,Books,HarperCollins,153.48,185.36,2025-08-12
P03239,Wilson Product 3239,Sports,Wilson,361.39,561.64,2023-09-07
P03240,Puma Product 3240,Fashion,Puma,403.85,683.12,2025-06-28
P03241,Wilson Product 3241,Sports,Wilson,129.62,197.77,2023-04-10
P03242,Philips Product 3242,Home,Philips,317.41,464.34,2026-03-05
P03243,Reebok Product 3243,Sports,Reebok,145.46,249.64,2024-11-10
P03244,Bosch Product 3244,Home,Bosch,128.27,182.17,2023-02-27
P03245,HarperCollins Product 3245,Books,HarperCollins,314.83,405.87,2025-09-08
P03246,Adidas Product 3246,Fashion,Adidas,8.23,15.76,2026-04-24
P03247,HarperCollins Product 3247,Books,HarperCollins,250.42,336.32,2023-03-16
P03248,Reebok Product 3248,Sports,Reebok,155.8,302.29,2023-06-02
P03249,Under Armour Product 3249,Sports,Under Armour,320.75,523.1,2026-01-02
P03250,Nike Product 3250,Fashion,Nike,390.5,706.92,2024-04-15
P03251,Adidas Product 3251,Fashion,Adidas,253.38,368.92,2025-12-21
P03252,HarperCollins Product 3252,Books,HarperCollins,55.94,80.56,2024-10-25
P03253,Penguin Product 3253,Books,Penguin,287.65,380.76,2023-12-23
P03254,Nike Product 3254,Fashion,Nike,384.37,702.88,2024-08-07
P03255,Puma Product 3255,Fashion,Puma,332.98,486.33,2022-03-30
P03256,HarperCollins Product 3256,Books,HarperCollins,328.48,601.45,2025-04-09
P03257,Ikea Product 3257,Home,Ikea,466.76,736.35,2025-08-03
P03258,Philips Product 3258,Home,Philips,76.77,112.62,2022-01-07
P03259,Bosch Product 3259,Home,Bosch,161.1,233.02,2026-06-20
P03260,HarperCollins Product 3260,Books,HarperCollins,382.53,460.77,2023-11-25
P03261,Wilson Product 3261,Sports,Wilson,484.5,718.46,2023-12-04
P03262,Adidas Product 3262,Fashion,Adidas,384.69,467.62,2024-05-04
P03263,Nike Product 3263,Fashion,Nike,332.72,467.39,2025-01-19
P03264,Ikea Product 3264,Home,Ikea,164.31,301.14,2022-12-23
P03265,Bosch Product 3265,Home,Bosch,282.19,383.65,2026-03-04
P03266,Puma Product 3266,Fashion,Puma,253.96,478.75,2024-10-05
P03267,Samsung Product 3267,Electronics,Samsung,125.35,183.06,2025-01-09
P03268,Reebok Product 3268,Sports,Reebok,298.51,585.57,2024-02-19
P03269,Sony Product 3269,Electronics,Sony,198.08,389.78,2022-01-18
P03270,Wilson Product 3270,Sports,Wilson,143.67,242.14,2023-06-16
P03271,Wilson Product 3271,Sports,Wilson,55.21,94.5,2021-09-24
P03272,Bosch Product 3272,Home,Bosch,187.88,364.28,2026-08-04
P03273,Apple Product 3273,Electronics,Apple,71.47,128.64,2022-09-15
P03274,Bosch Product 3274,Home,Bosch,209.82,277.26,2022-08-16
P03275,Puma Product 3275,Fashion,Puma,152.93,207.98,2026-07-10
P03276,Apple Product 3276,Electronics,Apple,126.39,209.58,2024-01-01
P03277,Bosch Product 3277,Home,Bosch,267.86,383.88,2023-03-05
P03278,Samsung Product 3278,Electronics,Samsung,387.19,485.69,2024-09-17
P03279,Philips Product 3279,Home,Philips,453.03,705.22,2026-04-01
P03280,Nike Product 3280,Fashion,Nike,164.03,226.71,2025-11-07
P03281,Philips Product 3281,Home,Philips,103.5,204.64,2025-06-13
P03282,Philips Product 3282,Home,Philips,303.79,591.22,2024-02-23
P03283,Nike Product 3283,Fashion,Nike,322.91,497.88,2022-08-31
P03284,Wilson Product 3284,Sports,Wilson,416.68,520.11,2022-05-29
P03285,HarperCollins Product 3285,Books,HarperCollins,13.02,20.18,2024-04-15
P03286,Sony Product 3286,Electronics,Sony,437.18,639.01,2023-04-11
P03287,HarperCollins Product 3287,Books,HarperCollins,144.91,212.58,2026-06-15
P03288,Sony Product 3288,Electronics,Sony,42.4,54.01,2026-08-10
P03289,Penguin Product 3289,Books,Penguin,268.22,493.22,2022-09-08
P03290,Sony Product 3290,Electronics,Sony,461.64,779.26,2022-04-01
P03291,Nike Product 3291,Fashion,Nike,384.72,594.3,2024-01-04
P03292,Philips Product 3292,Home,Philips,228.39,434.95,2025-06-16
P03293,Puma Product 3293,Fashion,Puma,168.56,226.77,2023-04-19
P03294,HarperCollins Product 3294,Books,HarperCollins,229.75,419.27,2025-06-01
P03295,Wilson Product 3295,Sports,Wilson,203.73,292.36,2026-07-16
P03296,HarperCollins Product 3296,Books,HarperCollins,14.34,19.79,2025-04-19
P03297,Wilson Product 3297,Sports,Wilson,133.13,183.49,2024-07-14
P03298,Bosch Product 3298,Home,Bosch,231.59,401.19,2025-06-20
P03299,HarperCollins Product 3299,Books,HarperCollins,447.16,792.33,2023-06-12
P03300,Penguin Product 3300,Books,Penguin,98.48,129.86,2021-11-01
P03301,Ikea Product 3301,Home,Ikea,54.94,89.37,2024-02-15
P03302,Samsung Product 3302,Electronics,Samsung,272.34,534.8,2023-03-25
P03303,Philips Product 3303,Home,Philips,464.59,802.13,2026-08-16
P03304,Adidas Product 3304,Fashion,Adidas,85.83,171.04,2023-08-15
P03305,Nike Product 3305,Fashion,Nike,387.31,473.23,2022-12-31
P03306,Wilson Product 3306,Sports,Wilson,417.91,626.9,2024-02-01
P03307,Reebok Product 3307,Sports,Reebok,427.82,584.77,2022-07-19
P03308,Apple Product 3308,Electronics,Apple,222.08,301.79,2026-07-03
P03309,Reebok Product 3309,Sports,Reebok,408.18,520.14,2024-10-08
P03310,Puma Product 3310,Fashion,Puma,457.08,813.43,2022-06-13
P03311,Samsung Product 3311,Electronics,Samsung,379.52,491.97,2024-01-29
P03312,Reebok Product 3312,Sports,Reebok,304.4,547.84,2022-11-21
P03313,Philips Product 3313,Home,Philips,99.54,197.9,2024-11-14
P03314,HarperCollins Product 3314,Books,HarperCollins,241.6,388.25,2024-08-29
P03315,Wilson Product 3315,Sports,Wilson,8.59,15.83,2022-07-12
P03316,Wilson Product 3316,Sports,Wilson,180.57,353.3,2025-11-06
P03317,Apple Product 3317,Electronics,Apple,473.24,814.73,2025-01-07
P03318,Puma Product 3318,Fashion,Puma,46.8,80.26,2024-05-02
P03319,Under Armour Product 3319,Sports,Under Armour,12.85,25.33,2024-02-06
P03320,Ikea Product 3320,Home,Ikea,74.66,104.46,2023-01-23
P03321,Penguin Product 3321,Books,Penguin,68.33,90.51,2023-09-13
P03322,Wilson Product 3322,Sports,Wilson,35.28,64.98,2024-06-06
P03323,Philips Product 3323,Home,Philips,310.69,577.45,2025-10-26
P03324,Wilson Product 3324,Sports,Wilson,91.45,147.68,2026-08-05
P03325,Puma Product 3325,Fashion,Puma,405.66,703.79,2025-01-08
P03326,Ikea Product 3326,Home,Ikea,394.35,482.68,2024-11-27
P03327,Adidas Product 3327,Fashion,Adidas,204.81,306.92,2025-01-01
P03328,Bosch Product 3328,Home,Bosch,163.93,299.44,2025-05-31
P03329,Ikea Product 3329,Home,Ikea,444.97,546.15,2023-11-17
P03330,Adidas Product 3330,Fashion,Adidas,28.02,42.08,2025-06-18
P03331,Penguin Product 3331,Books,Penguin,83.3,100.96,2022-03-27
P03332,Nike Product 3332,Fashion,Nike,212.84,266.7,2025-08-01
P03333,Under Armour Product 3333,Sports,Under Armour,491.77,926.94,2023-08-14
P03334,HarperCollins Product 3334,Books,HarperCollins,71.53,120.36,2026-07-08
P03335,Apple Product 3335,Electronics,Apple,240.74,462.13,2023-03-02
P03336,Ikea Product 3336,Home,Ikea,164.82,268.98,2022-10-17
P03337,Penguin Product 3337,Books,Penguin,241.51,434.47,2022-03-24
P03338,Penguin Product 3338,Books,Penguin,67.29,108.46,2024-12-23
P03339,Nike Product 3339,Fashion,Nike,331.31,594.55,2023-12-03
P03340,Under Armour Product 3340,Sports,Under Armour,444.02,570.2,2026-03-02
P03341,Adidas Product 3341,Fashion,Adidas,96.39,166.51,2021-12-13
P03342,Bosch Product 3342,Home,Bosch,487.11,844.98,2026-08-24
P03343,HarperCollins Product 3343,Books,HarperCollins,381.15,497.54,2026-07-30
P03344,Under Armour Product 3344,Sports,Under Armour,332.29,552.76,2022-11-21
P03345,Sony Product 3345,Electronics,Sony,453.48,683.86,2026-08-24
P03346,Samsung Product 3346,Electronics,Samsung,489.87,593.46,2025-06-08
P03347,Samsung Product 3347,Electronics,Samsung,85.13,124.12,2022-07-09
P03348,HarperCollins Product 3348,Books,HarperCollins,244.5,360.67,2021-12-09
P03349,HarperCollins Product 3349,Books,HarperCollins,228.79,313.87,2023-12-29
P03350,HarperCollins Product 3350,Books,HarperCollins,275.21,356.19,2022-02-04
P03351,Bosch Product 3351,Home,Bosch,385.41,747.35,2021-11-27
P03352,Ikea Product 3352,Home,Ikea,131.37,242.46,2023-02-05
P03353,Reebok Product 3353,Sports,Reebok,230.88,294.88,2022-04-21
P03354,Bosch Product 3354,Home,Bosch,135.12,246.67,2025-02-12
P03355,Reebok Product 3355,Sports,Reebok,17.58,28.74,2026-06-30
P03356,Samsung Product 3356,Electronics,Samsung,487.67,909.05,2026-06-06
P03357,Sony Product 3357,Electronics,Sony,357.78,465.49,2022-08-18
P03358,Philips Product 3358,Home,Philips,229.02,376.2,2024-08-16
P03359,Sony Product 3359,Electronics,Sony,95.39,177.05,2023-05-22
P03360,Penguin Product 3360,Books,Penguin,75.15,131.1,2025-06-03
P03361,Samsung Product 3361,Electronics,Samsung,368.04,545.86,2024-01-03
P03362,Penguin Product 3362,Books,Penguin,283.63,460.74,2022-01-25
P03363,Sony Product 3363,Electronics,Sony,184.51,255.42,2022-07-06
P03364,Penguin Product 3364,Books,Penguin,190.36,243.68,2022-07-26
P03365,Puma Product 3365,Fashion,Puma,318.98,540.53,2022-06-05
P03366,Puma Product 3366,Fashion,Puma,471.39,795.58,2025-12-22
P03367,Adidas Product 3367,Fashion,Adidas,29.21,57.7,2026-07-08
P03368,Under Armour Product 3368,Sports,Under Armour,197.94,320.15,2025-03-17
P03369,Under Armour Product 3369,Sports,Under Armour,236.66,309.76,2024-04-24
P03370,Ikea Product 3370,Home,Ikea,42.06,74.31,2022-01-23
P03371,Ikea Product 3371,Home,Ikea,461.91,780.86,2022-05-31
P03372,Samsung Product 3372,Electronics,Samsung,378.81,497.09,2022-08-12
P03373,Wilson Product 3373,Sports,Wilson,383.47,707.73,2022-06-25
P03374,Adidas Product 3374,Fashion,Adidas,394.22,676.82,2024-08-15
P03375,Reebok Product 3375,Sports,Reebok,100.72,188.09,2025-10-29
P03376,Samsung Product 3376,Electronics,Samsung,481.86,684.71,2023-07-10
P03377,Wilson Product 3377,Sports,Wilson,364.36,608.02,2024-10-29
P03378,Nike Product 3378,Fashion,Nike,224.47,390.08,2023-11-14
P03379,Ikea Product 3379,Home,Ikea,320.19,517.59,2026-06-22
P03380,Penguin Product 3380,Books,Penguin,386.97,649.63,2025-11-25
P03381,Puma Product 3381,Fashion,Puma,221.94,412.32,2023-09-13
P03382,HarperCollins Product 3382,Books,HarperCollins,81.07,154.37,2022-01-04
P03383,Philips Product 3383,Home,Philips,475.0,585.57,2026-02-06
P03384,Ikea Product 3384,Home,Ikea,315.31,485.81,2022-12-17
P03385,Puma Product 3385,Fashion,Puma,347.26,637.42,2022-10-01
P03386,Ikea Product 3386,Home,Ikea,263.81,335.27,2025-09-21
P03387,HarperCollins Product 3387,Books,HarperCollins,124.44,233.94,2024-03-05
P03388,Reebok Product 3388,Sports,Reebok,481.81,740.71,2026-02-04
P03389,Apple Product 3389,Electronics,Apple,421.95,753.58,2023-09-06
P03390,Bosch Product 3390,Home,Bosch,256.37,393.71,2026-01-12
P03391,Philips Product 3391,Home,Philips,46.13,59.09,2022-10-26
P03392,Wilson Product 3392,Sports,Wilson,294.96,406.19,2024-12-19
P03393,Reebok Product 3393,Sports,Reebok,136.55,272.81,2021-10-03
P03394,Reebok Product 3394,Sports,Reebok,305.29,504.49,2023-04-07
P03395,HarperCollins Product 3395,Books,HarperCollins,25.84,33.24,2023-08-07
P03396,Sony Product 3396,Electronics,Sony,51.98,102.58,2025-02-03
P03397,Adidas Product 3397,Fashion,Adidas,292.16,516.38,2024-02-15
P03398,HarperCollins Product 3398,Books,HarperCollins,408.57,725.06,2023-09-01
P03399,Apple Product 3399,Electronics,Apple,325.31,504.94,2026-01-06
P03400,Reebok Product 3400,Sports,Reebok,432.39,531.76,2024-06-13
P03401,Reebok Product 3401,Sports,Reebok,373.47,577.17,2023-01-01
P03402,Samsung Product 3402,Electronics,Samsung,285.63,348.27,2022-08-12
P03403,Ikea Product 3403,Home,Ikea,149.68,228.97,2024-03-22
P03404,Sony Product 3404,Electronics,Sony,231.03,441.9,2022-06-28
P03405,Bosch Product 3405,Home,Bosch,175.3,346.89,2023-12-28
P03406,Adidas Product 3406,Fashion,Adidas,225.77,279.56,2025-01-09
P03407,Reebok Product 3407,Sports,Reebok,495.53,698.96,2023-05-02
P03408,Nike Product 3408,Fashion,Nike,281.45,532.16,2022-06-29
P03409,Bosch Product 3409,Home,Bosch,203.65,301.16,2022-06-20
P03410,Adidas Product 3410,Fashion,Adidas,429.04,629.41,2023-03-20
P03411,Penguin Product 3411,Books,Penguin,161.68,233.57,2024-02-26
P03412,Sony Product 3412,Electronics,Sony,206.0,349.67,2022-10-02
P03413,Adidas Product 3413,Fashion,Adidas,105.06,198.02,2025-06-17
P03414,Under Armour Product 3414,Sports,Under Armour,171.82,266.36,2026-06-13
P03415,Ikea Product 3415,Home,Ikea,479.86,699.74,2022-11-10
P03416,Samsung Product 3416,Electronics,Samsung,293.01,564.65,2023-07-24
P03417,HarperCollins Product 3417,Books,HarperCollins,379.6,618.98,2022-04-17
P03418,Reebok Product 3418,Sports,Reebok,349.34,474.72,2025-11-29
P03419,Sony Product 3419,Electronics,Sony,300.99,572.35,2022-03-07
P03420,Under Armour Product 3420,Sports,Under Armour,77.15,113.57,2021-10-17
P03421,Philips Product 3421,Home,Philips,70.85,106.86,2025-09-04
P03422,Bosch Product 3422,Home,Bosch,287.2,363.53,2023-02-22
P03423,Adidas Product 3423,Fashion,Adidas,413.94,578.16,2025-03-24
P03424,Puma Product 3424,Fashion,Puma,496.38,606.12,2025-07-10
P03425,Puma Product 3425,Fashion,Puma,491.71,686.57,2021-09-11
P03426,Adidas Product 3426,Fashion,Adidas,325.71,447.13,2024-05-07
P03427,Apple Product 3427,Electronics,Apple,125.62,152.83,2024-06-30
P03428,HarperCollins Product 3428,Books,HarperCollins,419.78,642.94,2021-12-15
P03429,Penguin Product 3429,Books,Penguin,209.1,392.76,2025-05-09
P03430,HarperCollins Product 3430,Books,HarperCollins,315.49,602.86,2023-01-08
P03431,Reebok Product 3431,Sports,Reebok,134.44,247.03,2023-04-12
P03432,Philips Product 3432,Home,Philips,218.5,325.92,2023-01-05
P03433,Adidas Product 3433,Fashion,Adidas,272.48,343.77,2024-05-16
P03434,Adidas Product 3434,Fashion,Adidas,430.67,856.6,2024-10-24
P03435,Puma Product 3435,Fashion,Puma,291.58,372.43,2024-04-22
P03436,HarperCollins Product 3436,Books,HarperCollins,270.0,346.64,2022-12-25
P03437,Penguin Product 3437,Books,Penguin,361.45,641.23,2023-12-07
P03438,Penguin Product 3438,Books,Penguin,235.32,390.49,2024-04-30
P03439,Apple Product 3439,Electronics,Apple,311.31,497.38,2024-11-28
P03440,Wilson Product 3440,Sports,Wilson,476.82,637.54,2022-02-23
P03441,HarperCollins Product 3441,Books,HarperCollins,281.7,351.01,2026-02-02
P03442,Philips Product 3442,Home,Philips,434.45,572.74,2024-11-15
P03443,Ikea Product 3443,Home,Ikea,477.59,678.59,2022-05-09
P03444,Bosch Product 3444,Home,Bosch,18.65,31.3,2026-03-15
P03445,Reebok Product 3445,Sports,Reebok,383.36,500.93,2023-07-31
P03446,Wilson Product 3446,Sports,Wilson,332.59,481.54,2022-09-07
P03447,Philips Product 3447,Home,Philips,120.12,220.87,2021-11-12
P03448,HarperCollins Product 3448,Books,HarperCollins,76.4,124.66,2022-08-01
P03449,HarperCollins Product 3449,Books,HarperCollins,432.05,854.04,2022-10-03
P03450,Sony Product 3450,Electronics,Sony,378.46,632.01,2023-05-25
P03451,Sony Product 3451,Electronics,Sony,36.5,55.88,2026-05-22
P03452,Puma Product 3452,Fashion,Puma,101.34,201.04,2024-04-26
P03453,Nike Product 3453,Fashion,Nike,19.6,38.08,2023-06-26
P03454,Apple Product 3454,Electronics,Apple,49.11,96.1,2025-03-25
P03455,HarperCollins Product 3455,Books,HarperCollins,403.43,607.18,2023-11-10
P03456,Wilson Product 3456,Sports,Wilson,424.4,571.41,2025-04-09
P03457,Philips Product 3457,Home,Philips,92.82,143.34,2026-07-23
P03458,Philips Product 3458,Home,Philips,49.91,70.29,2024-05-26
P03459,Nike Product 3459,Fashion,Nike,178.84,307.21,2021-12-28
P03460,Apple Product 3460,Electronics,Apple,228.61,291.53,2023-10-11
P03461,Ikea Product 3461,Home,Ikea,440.25,549.75,2024-06-16
P03462,Penguin Product 3462,Books,Penguin,342.94,437.73,2026-05-01
P03463,Sony Product 3463,Electronics,Sony,11.23,16.41,2026-03-11
P03464,Ikea Product 3464,Home,Ikea,401.02,663.47,2024-12-19
P03465,Ikea Product 3465,Home,Ikea,478.08,645.78,2025-08-20
P03466,HarperCollins Product 3466,Books,HarperCollins,94.98,130.57,2024-12-23
P03467,Ikea Product 3467,Home,Ikea,436.69,842.85,2022-02-14
P03468,HarperCollins Product 3468,Books,HarperCollins,289.12,553.13,2026-06-01
P03469,Puma Product 3469,Fashion,Puma,78.68,145.97,2025-03-12
P03470,Sony Product 3470,Electronics,Sony,24.19,39.43,2023-01-25
P03471,Apple Product 3471,Electronics,Apple,467.84,601.75,2025-06-01
P03472,Puma Product 3472,Fashion,Puma,261.65,502.42,2024-04-09
P03473,Wilson Product 3473,Sports,Wilson,303.73,606.81,2024-06-12
P03474,Philips Product 3474,Home,Philips,464.66,761.29,2022-05-18
P03475,Under Armour Product 3475,Sports,Under Armour,472.29,819.41,2021-09-05
P03476,Apple Product 3476,Electronics,Apple,126.88,166.61,2024-06-17
P03477,Wilson Product 3477,Sports,Wilson,398.06,490.92,2022-08-06
P03478,Apple Product 3478,Electronics,Apple,406.4,783.43,2024-10-14
P03479,Penguin Product 3479,Books,Penguin,424.65,540.48,2022-02-20
P03480,Bosch Product 3480,Home,Bosch,283.68,499.78,2023-02-17
P03481,HarperCollins Product 3481,Books,HarperCollins,379.68,650.98,2026-06-10
P03482,Philips Product 3482,Home,Philips,72.06,130.49,2022-03-19
P03483,Bosch Product 3483,Home,Bosch,216.03,334.44,2026-02-21
P03484,Apple Product 3484,Electronics,Apple,16.8,21.56,2024-02-21
P03485,HarperCollins Product 3485,Books,HarperCollins,306.78,443.21,2023-08-08
P03486,Bosch Product 3486,Home,Bosch,350.96,569.27,2024-02-06
P03487,Samsung Product 3487,Electronics,Samsung,473.66,684.77,2025-02-17
P03488,Penguin Product 3488,Books,Penguin,322.26,577.3,2022-04-14
P03489,Penguin Product 3489,Books,Penguin,28.37,40.92,2022-09-04
P03490,Adidas Product 3490,Fashion,Adidas,482.27,598.95,2025-09-19
P03491,Reebok Product 3491,Sports,Reebok,256.65,482.34,2025-06-27
P03492,HarperCollins Product 3492,Books,HarperCollins,342.16,422.83,2022-06-20
P03493,Nike Product 3493,Fashion,Nike,231.33,311.96,2025-09-30
P03494,Puma Product 3494,Fashion,Puma,163.55,289.68,2023-07-15
P03495,Wilson Product 3495,Sports,Wilson,287.72,486.37,2023-06-10
P03496,Apple Product 3496,Electronics,Apple,106.98,187.38,2021-12-10
P03497,Ikea Product 3497,Home,Ikea,452.68,782.08,2023-02-15
P03498,Ikea Product 3498,Home,Ikea,493.61,918.74,2026-01-24
P03499,Philips Product 3499,Home,Philips,27.15,35.66,2024-10-10
P03500,Puma Product 3500,Fashion,Puma,335.92,640.11,2023-10-06
P03501,Reebok Product 3501,Sports,Reebok,287.42,543.51,2024-10-09
P03502,Ikea Product 3502,Home,Ikea,470.44,810.41,2025-12-17
P03503,Philips Product 3503,Home,Philips,346.69,531.38,2024-02-25
P03504,Under Armour Product 3504,Sports,Under Armour,142.65,274.01,2023-08-29
P03505,Under Armour Product 3505,Sports,Under Armour,302.06,513.87,2023-05-20
P03506,Wilson Product 3506,Sports,Wilson,349.52,545.01,2022-06-08
P03507,Nike Product 3507,Fashion,Nike,320.61,414.3,2022-12-03
P03508,Wilson Product 3508,Sports,Wilson,95.76,139.99,2024-11-22
P03509,Bosch Product 3509,Home,Bosch,358.94,630.3,2025-04-20
P03510,Bosch Product 3510,Home,Bosch,146.79,276.61,2026-04-03
P03511,Ikea Product 3511,Home,Ikea,381.69,578.61,2025-09-21
P03512,Nike Product 3512,Fashion,Nike,279.6,446.91,2024-02-15
P03513,Puma Product 3513,Fashion,Puma,497.8,784.12,2026-02-17
P03514,Samsung Product 3514,Electronics,Samsung,118.18,220.58,2023-11-05
P03515,Nike Product 3515,Fashion,Nike,382.46,705.69,2023-04-11
P03516,Adidas Product 3516,Fashion,Adidas,309.58,480.0,2023-10-21
P03517,Adidas Product 3517,Fashion,Adidas,300.52,370.49,2026-04-13
P03518,Penguin Product 3518,Books,Penguin,385.43,686.04,2024-05-22
P03519,Sony Product 3519,Electronics,Sony,12.03,15.91,2025-08-11
P03520,Ikea Product 3520,Home,Ikea,178.31,242.59,2023-06-08
P03521,Apple Product 3521,Electronics,Apple,193.12,378.02,2023-11-22
P03522,Penguin Product 3522,Books,Penguin,116.49,198.24,2025-11-19
P03523,Bosch Product 3523,Home,Bosch,361.98,441.71,2024-08-03
P03524,Wilson Product 3524,Sports,Wilson,422.49,710.34,2024-09-07
P03525,Bosch Product 3525,Home,Bosch,84.74,138.78,2024-08-19
P03526,Ikea Product 3526,Home,Ikea,60.13,75.29,2021-11-05
P03527,Penguin Product 3527,Books,Penguin,311.2,415.74,2022-06-15
P03528,Philips Product 3528,Home,Philips,24.02,46.15,2023-11-29
P03529,Nike Product 3529,Fashion,Nike,193.7,319.64,2023-05-05
P03530,Reebok Product 3530,Sports,Reebok,64.22,88.6,2024-04-03
P03531,Sony Product 3531,Electronics,Sony,275.06,334.43,2025-01-02
P03532,Reebok Product 3532,Sports,Reebok,324.17,462.26,2024-11-04
P03533,HarperCollins Product 3533,Books,HarperCollins,227.59,409.31,2023-01-17
P03534,Reebok Product 3534,Sports,Reebok,128.77,255.49,2025-11-02
P03535,Under Armour Product 3535,Sports,Under Armour,460.12,608.51,2022-09-29
P03536,HarperCollins Product 3536,Books,HarperCollins,115.8,165.54,2025-02-20
P03537,Adidas Product 3537,Fashion,Adidas,499.57,951.96,2024-01-22
P03538,Bosch Product 3538,Home,Bosch,15.36,28.33,2021-09-09
P03539,Nike Product 3539,Fashion,Nike,232.67,411.49,2025-09-13
P03540,Penguin Product 3540,Books,Penguin,493.81,641.96,2023-04-03
P03541,Ikea Product 3541,Home,Ikea,471.23,724.24,2022-12-28
P03542,Under Armour Product 3542,Sports,Under Armour,368.06,572.38,2023-06-16
P03543,Under Armour Product 3543,Sports,Under Armour,184.96,270.19,2024-12-13
P03544,Wilson Product 3544,Sports,Wilson,363.04,495.45,2023-04-13
P03545,Puma Product 3545,Fashion,Puma,99.53,134.93,2024-04-02
P03546,HarperCollins Product 3546,Books,HarperCollins,450.68,738.47,2023-09-28
P03547,Under Armour Product 3547,Sports,Under Armour,323.78,443.84,2026-05-26
P03548,Adidas Product 3548,Fashion,Adidas,58.78,101.21,2026-04-20
P03549,Bosch Product 3549,Home,Bosch,209.0,284.14,2021-09-10
P03550,Bosch Product 3550,Home,Bosch,445.51,769.72,2022-04-18
P03551,HarperCollins Product 3551,Books,HarperCollins,94.26,146.52,2026-01-21
P03552,Adidas Product 3552,Fashion,Adidas,285.86,382.44,2025-07-15
P03553,Penguin Product 3553,Books,Penguin,322.41,535.22,2023-11-23
P03554,Nike Product 3554,Fashion,Nike,208.59,328.5,2024-06-04
P03555,Adidas Product 3555,Fashion,Adidas,161.53,314.4,2023-04-03
P03556,Penguin Product 3556,Books,Penguin,339.71,621.52,2026-01-28
P03557,Samsung Product 3557,Electronics,Samsung,9.29,17.56,2022-02-01
P03558,Apple Product 3558,Electronics,Apple,427.04,619.48,2024-06-30
P03559,Ikea Product 3559,Home,Ikea,373.07,733.59,2024-03-07
P03560,Ikea Product 3560,Home,Ikea,184.66,355.91,2022-04-06
P03561,HarperCollins Product 3561,Books,HarperCollins,240.17,423.39,2025-10-20
P03562,Philips Product 3562,Home,Philips,55.24,91.12,2025-01-22
P03563,Nike Product 3563,Fashion,Nike,210.52,342.27,2022-07-28
P03564,HarperCollins Product 3564,Books,HarperCollins,83.35,136.85,2023-08-25
P03565,Reebok Product 3565,Sports,Reebok,491.73,861.5,2025-06-30
P03566,Nike Product 3566,Fashion,Nike,333.62,439.48,2025-08-21
P03567,Wilson Product 3567,Sports,Wilson,379.06,495.99,2024-03-24
P03568,Under Armour Product 3568,Sports,Under Armour,192.79,257.64,2024-06-24
P03569,Sony Product 3569,Electronics,Sony,345.62,640.9,2022-12-16
P03570,Reebok Product 3570,Sports,Reebok,288.1,448.82,2023-07-18
P03571,Apple Product 3571,Electronics,Apple,473.57,783.01,2024-01-02
P03572,Ikea Product 3572,Home,Ikea,443.81,557.03,2023-05-21
P03573,Puma Product 3573,Fashion,Puma,153.55,232.61,2022-03-08
P03574,Nike Product 3574,Fashion,Nike,496.48,909.94,2026-03-16
P03575,Puma Product 3575,Fashion,Puma,163.75,289.69,2023-08-14
P03576,Apple Product 3576,Electronics,Apple,303.39,558.07,2025-09-04
P03577,Sony Product 3577,Electronics,Sony,446.07,684.36,2022-03-02
P03578,Adidas Product 3578,Fashion,Adidas,426.37,577.14,2026-04-10
P03579,Bosch Product 3579,Home,Bosch,452.62,551.63,2022-11-02
P03580,Ikea Product 3580,Home,Ikea,30.75,42.77,2026-02-10
P03581,Philips Product 3581,Home,Philips,227.22,351.36,2024-01-15
P03582,Apple Product 3582,Electronics,Apple,376.25,680.19,2022-05-09
P03583,Reebok Product 3583,Sports,Reebok,44.72,73.39,2022-06-07
P03584,Puma Product 3584,Fashion,Puma,10.29,17.07,2026-08-07
P03585,Philips Product 3585,Home,Philips,103.82,163.63,2022-11-10
P03586,Wilson Product 3586,Sports,Wilson,349.17,494.5,2024-07-02
P03587,Under Armour Product 3587,Sports,Under Armour,186.56,300.37,2022-05-23
P03588,Under Armour Product 3588,Sports,Under Armour,355.1,463.72,2025-03-31
P03589,Bosch Product 3589,Home,Bosch,134.49,182.14,2024-05-16
P03590,Philips Product 3590,Home,Philips,46.24,72.13,2025-08-05
P03591,Sony Product 3591,Electronics,Sony,457.1,863.55,2026-04-11
P03592,Samsung Product 3592,Electronics,Samsung,406.32,749.65,2025-06-05
P03593,Samsung Product 3593,Electronics,Samsung,41.84,62.71,2023-08-15
P03594,Puma Product 3594,Fashion,Puma,401.72,732.38,2023-10-18
P03595,Samsung Product 3595,Electronics,Samsung,362.94,649.37,2026-03-28
P03596,Bosch Product 3596,Home,Bosch,39.84,66.38,2024-11-16
P03597,Reebok Product 3597,Sports,Reebok,437.33,799.84,2025-10-30
P03598,Sony Product 3598,Electronics,Sony,65.38,115.29,2025-08-12
P03599,Puma Product 3599,Fashion,Puma,463.65,625.21,2026-01-01
P03600,Samsung Product 3600,Electronics,Samsung,219.32,383.48,2026-08-07
P03601,Nike Product 3601,Fashion,Nike,359.9,543.28,2026-01-21
P03602,Penguin Product 3602,Books,Penguin,240.64,326.75,2023-03-02
P03603,Reebok Product 3603,Sports,Reebok,354.61,558.64,2025-08-21
P03604,Penguin Product 3604,Books,Penguin,224.05,359.84,2022-03-26
P03605,Samsung Product 3605,Electronics,Samsung,487.22,687.28,2022-05-31
P03606,Penguin Product 3606,Books,Penguin,351.48,619.41,2025-03-01
P03607,Samsung Product 3607,Electronics,Samsung,97.59,142.2,2025-04-22
P03608,Nike Product 3608,Fashion,Nike,200.36,374.44,2024-07-22
P03609,Bosch Product 3609,Home,Bosch,209.08,358.04,2025-07-06
P03610,Adidas Product 3610,Fashion,Adidas,129.22,190.7,2024-01-20
P03611,Puma Product 3611,Fashion,Puma,8.46,16.18,2025-05-13
P03612,Philips Product 3612,Home,Philips,378.38,473.63,2024-09-08
P03613,Apple Product 3613,Electronics,Apple,175.39,313.3,2025-08-28
P03614,HarperCollins Product 3614,Books,HarperCollins,44.58,80.76,2026-08-15
P03615,Wilson Product 3615,Sports,Wilson,488.7,850.14,2023-07-04
P03616,Bosch Product 3616,Home,Bosch,386.84,747.21,2026-08-24
P03617,Penguin Product 3617,Books,Penguin,286.75,510.91,2025-01-09
P03618,Philips Product 3618,Home,Philips,182.27,336.98,2024-03-26
P03619,Philips Product 3619,Home,Philips,153.62,244.45,2022-07-29
P03620,Penguin Product 3620,Books,Penguin,117.92,157.59,2023-04-09
P03621,Philips Product 3621,Home,Philips,235.15,369.02,2022-06-03
P03622,Under Armour Product 3622,Sports,Under Armour,435.0,683.61,2025-01-20
P03623,Nike Product 3623,Fashion,Nike,370.24,558.49,2021-12-08
P03624,Samsung Product 3624,Electronics,Samsung,395.19,594.83,2026-03-15
P03625,Adidas Product 3625,Fashion,Adidas,186.03,287.88,2021-10-17
P03626,Nike Product 3626,Fashion,Nike,298.5,402.12,2026-08-24
P03627,Samsung Product 3627,Electronics,Samsung,198.69,262.25,2024-12-31
P03628,Ikea Product 3628,Home,Ikea,15.73,23.81,2023-05-17
P03629,Bosch Product 3629,Home,Bosch,142.45,192.59,2022-04-05
P03630,HarperCollins Product 3630,Books,HarperCollins,219.26,429.28,2023-05-15
P03631,Adidas Product 3631,Fashion,Adidas,484.7,604.81,2025-06-12
P03632,Samsung Product 3632,Electronics,Samsung,476.71,841.31,2023-04-22
P03633,HarperCollins Product 3633,Books,HarperCollins,75.03,121.17,2022-03-17
P03634,Wilson Product 3634,Sports,Wilson,211.09,255.5,2022-10-19
P03635,Bosch Product 3635,Home,Bosch,83.51,142.33,2023-03-14
P03636,HarperCollins Product 3636,Books,HarperCollins,307.76,516.82,2021-09-01
P03637,HarperCollins Product 3637,Books,HarperCollins,173.84,260.53,2024-10-15
P03638,Adidas Product 3638,Fashion,Adidas,284.84,449.71,2025-01-06
P03639,Apple Product 3639,Electronics,Apple,188.15,262.82,2023-04-14
P03640,Bosch Product 3640,Home,Bosch,120.55,228.74,2023-08-18
P03641,Bosch Product 3641,Home,Bosch,458.29,906.51,2025-01-31
P03642,Bosch Product 3642,Home,Bosch,173.67,318.69,2024-03-12
P03643,Nike Product 3643,Fashion,Nike,482.91,881.44,2023-03-31
P03644,Penguin Product 3644,Books,Penguin,355.51,599.93,2022-09-26
P03645,Adidas Product 3645,Fashion,Adidas,283.83,542.81,2024-07-19
P03646,Bosch Product 3646,Home,Bosch,440.96,664.67,2025-08-31
P03647,Puma Product 3647,Fashion,Puma,164.22,266.59,2022-01-30
P03648,Reebok Product 3648,Sports,Reebok,450.71,882.36,2021-10-07
P03649,Ikea Product 3649,Home,Ikea,227.5,414.49,2023-10-03
P03650,Bosch Product 3650,Home,Bosch,75.83,142.43,2024-05-06
P03651,Apple Product 3651,Electronics,Apple,127.06,216.82,2022-12-15
P03652,Philips Product 3652,Home,Philips,413.29,655.5,2021-12-05
P03653,Adidas Product 3653,Fashion,Adidas,478.55,759.82,2022-09-13
P03654,Bosch Product 3654,Home,Bosch,442.19,601.4,2026-01-24
P03655,Puma Product 3655,Fashion,Puma,304.52,437.44,2021-09-03
P03656,Sony Product 3656,Electronics,Sony,442.96,717.06,2025-06-03
P03657,HarperCollins Product 3657,Books,HarperCollins,127.87,191.91,2023-09-07
P03658,Apple Product 3658,Electronics,Apple,134.19,176.49,2023-09-19
P03659,Samsung Product 3659,Electronics,Samsung,327.56,592.85,2026-07-20
P03660,Apple Product 3660,Electronics,Apple,235.15,453.33,2021-11-09
P03661,Adidas Product 3661,Fashion,Adidas,314.82,517.63,2024-04-06
P03662,HarperCollins Product 3662,Books,HarperCollins,380.44,489.32,2025-12-07
P03663,Philips Product 3663,Home,Philips,141.59,249.91,2024-01-18
P03664,Under Armour Product 3664,Sports,Under Armour,85.64,111.57,2022-02-21
P03665,Samsung Product 3665,Electronics,Samsung,30.95,45.23,2021-12-16
P03666,Under Armour Product 3666,Sports,Under Armour,75.17,140.23,2025-01-27
P03667,Reebok Product 3667,Sports,Reebok,17.61,27.25,2021-09-03
P03668,Philips Product 3668,Home,Philips,93.11,157.4,2024-07-11
P03669,Sony Product 3669,Electronics,Sony,145.04,239.68,2026-06-12
P03670,Penguin Product 3670,Books,Penguin,442.21,550.41,2025-12-04
P03671,Adidas Product 3671,Fashion,Adidas,36.62,45.93,2023-07-16
P03672,Nike Product 3672,Fashion,Nike,263.78,514.92,2026-02-18
P03673,Nike Product 3673,Fashion,Nike,378.56,748.74,2023-12-02
P03674,Ikea Product 3674,Home,Ikea,209.26,376.81,2023-09-22
P03675,Under Armour Product 3675,Sports,Under Armour,274.83,445.15,2026-01-10
P03676,Reebok Product 3676,Sports,Reebok,81.72,151.86,2026-07-11
P03677,Adidas Product 3677,Fashion,Adidas,83.73,151.57,2025-07-27
P03678,Ikea Product 3678,Home,Ikea,123.44,211.8,2022-06-05
P03679,Penguin Product 3679,Books,Penguin,30.98,58.07,2023-11-14
P03680,Adidas Product 3680,Fashion,Adidas,25.99,35.74,2024-05-13
P03681,Nike Product 3681,Fashion,Nike,477.44,625.51,2024-11-02
P03682,Philips Product 3682,Home,Philips,196.83,336.08,2023-09-11
P03683,Wilson Product 3683,Sports,Wilson,257.57,368.77,2022-09-08
P03684,Sony Product 3684,Electronics,Sony,358.8,549.66,2025-01-04
P03685,Samsung Product 3685,Electronics,Samsung,104.06,127.87,2024-06-30
P03686,Puma Product 3686,Fashion,Puma,248.28,367.33,2023-10-27
P03687,Sony Product 3687,Electronics,Sony,441.42,709.5,2023-07-11
P03688,Adidas Product 3688,Fashion,Adidas,110.33,179.73,2023-11-20
P03689,HarperCollins Product 3689,Books,HarperCollins,136.5,204.67,2023-05-08
P03690,Wilson Product 3690,Sports,Wilson,418.24,754.23,2023-08-29
P03691,Philips Product 3691,Home,Philips,101.91,195.5,2026-01-12
P03692,Wilson Product 3692,Sports,Wilson,326.98,510.52,2026-06-04
P03693,Reebok Product 3693,Sports,Reebok,484.03,840.99,2026-06-29
P03694,Wilson Product 3694,Sports,Wilson,96.49,119.0,2025-05-23
P03695,Sony Product 3695,Electronics,Sony,466.88,637.04,2024-03-09
P03696,HarperCollins Product 3696,Books,HarperCollins,417.3,725.84,2026-01-26
P03697,HarperCollins Product 3697,Books,HarperCollins,183.66,228.38,2024-10-29
P03698,Puma Product 3698,Fashion,Puma,445.65,835.53,2021-09-21
P03699,Puma Product 3699,Fashion,Puma,16.79,20.31,2022-01-23
P03700,Adidas Product 3700,Fashion,Adidas,107.14,209.72,2024-07-21
P03701,Reebok Product 3701,Sports,Reebok,167.04,331.97,2022-04-15
P03702,Penguin Product 3702,Books,Penguin,460.81,729.99,2021-10-10
P03703,HarperCollins Product 3703,Books,HarperCollins,398.53,690.9,2024-05-04
P03704,Nike Product 3704,Fashion,Nike,310.1,591.53,2026-02-03
P03705,Sony Product 3705,Electronics,Sony,29.76,35.98,2021-11-13
P03706,Ikea Product 3706,Home,Ikea,155.21,233.61,2025-05-09
P03707,Penguin Product 3707,Books,Penguin,53.13,79.4,2022-06-14
P03708,Adidas Product 3708,Fashion,Adidas,372.21,557.67,2023-05-30
P03709,Philips Product 3709,Home,Philips,328.54,472.43,2025-07-20
P03710,Samsung Product 3710,Electronics,Samsung,154.51,217.89,2025-05-17
P03711,Nike Product 3711,Fashion,Nike,460.11,826.09,2024-02-19
P03712,Apple Product 3712,Electronics,Apple,91.42,117.94,2025-02-08
P03713,Adidas Product 3713,Fashion,Adidas,435.55,724.68,2024-07-04
P03714,HarperCollins Product 3714,Books,HarperCollins,138.68,244.4,2023-02-24
P03715,Wilson Product 3715,Sports,Wilson,367.06,485.49,2022-05-09
P03716,Apple Product 3716,Electronics,Apple,340.62,416.89,2026-07-10
P03717,Under Armour Product 3717,Sports,Under Armour,416.07,636.56,2025-12-25
P03718,Sony Product 3718,Electronics,Sony,449.22,775.03,2023-06-20
P03719,Bosch Product 3719,Home,Bosch,144.38,228.6,2024-08-24
P03720,Ikea Product 3720,Home,Ikea,337.27,664.61,2025-03-24
P03721,Nike Product 3721,Fashion,Nike,346.39,640.23,2022-02-09
P03722,Sony Product 3722,Electronics,Sony,418.52,647.98,2023-03-14
P03723,Wilson Product 3723,Sports,Wilson,359.21,644.43,2025-09-17
P03724,Philips Product 3724,Home,Philips,48.77,72.85,2025-05-21
P03725,Reebok Product 3725,Sports,Reebok,86.13,148.74,2023-10-09
P03726,Bosch Product 3726,Home,Bosch,277.76,365.69,2022-03-01
P03727,Philips Product 3727,Home,Philips,91.11,138.62,2023-01-31
P03728,Under Armour Product 3728,Sports,Under Armour,384.82,507.23,2024-05-29
P03729,Reebok Product 3729,Sports,Reebok,273.42,406.92,2025-12-30
P03730,Wilson Product 3730,Sports,Wilson,303.07,578.2,2021-10-19
P03731,Philips Product 3731,Home,Philips,324.5,506.42,2025-04-28
P03732,Penguin Product 3732,Books,Penguin,445.42,656.89,2021-11-01
P03733,Puma Product 3733,Fashion,Puma,174.12,297.08,2021-10-12
P03734,Puma Product 3734,Fashion,Puma,74.06,137.23,2026-08-03
P03735,Puma Product 3735,Fashion,Puma,201.19,373.96,2022-04-27
P03736,Sony Product 3736,Electronics,Sony,274.28,443.14,2026-06-22
P03737,Penguin Product 3737,Books,Penguin,131.08,215.02,2024-11-07
P03738,Puma Product 3738,Fashion,Puma,117.26,207.29,2022-10-19
P03739,Philips Product 3739,Home,Philips,62.88,112.27,2025-05-24
P03740,Bosch Product 3740,Home,Bosch,468.78,758.72,2024-04-22
P03741,Wilson Product 3741,Sports,Wilson,290.62,523.08,2021-12-05
P03742,Samsung Product 3742,Electronics,Samsung,322.03,503.31,2023-07-08
P03743,Puma Product 3743,Fashion,Puma,5.3,9.72,2026-05-04
P03744,Penguin Product 3744,Books,Penguin,250.13,483.42,2024-07-22
P03745,Ikea Product 3745,Home,Ikea,379.12,546.8,2024-11-30
P03746,Puma Product 3746,Fashion,Puma,320.93,629.42,2022-08-18
P03747,Nike Product 3747,Fashion,Nike,13.03,18.72,2022-08-28
P03748,Nike Product 3748,Fashion,Nike,414.69,723.38,2025-10-19
P03749,Apple Product 3749,Electronics,Apple,229.04,296.64,2024-05-17
P03750,Bosch Product 3750,Home,Bosch,204.49,359.55,2025-09-21
P03751,Philips Product 3751,Home,Philips,196.93,269.16,2025-10-01
P03752,Reebok Product 3752,Sports,Reebok,296.9,469.92,2022-07-11
P03753,Penguin Product 3753,Books,Penguin,341.16,676.05,2022-12-20
P03754,Under Armour Product 3754,Sports,Under Armour,178.99,251.41,2022-09-22
P03755,Under Armour Product 3755,Sports,Under Armour,377.69,685.82,2026-03-19
P03756,Reebok Product 3756,Sports,Reebok,295.63,563.03,2025-11-08
P03757,Wilson Product 3757,Sports,Wilson,193.08,380.41,2023-07-24
P03758,Apple Product 3758,Electronics,Apple,129.82,165.34,2024-08-19
P03759,Puma Product 3759,Fashion,Puma,416.16,709.57,2022-05-05
P03760,Apple Product 3760,Electronics,Apple,193.03,283.74,2025-08-01
P03761,HarperCollins Product 3761,Books,HarperCollins,22.0,31.85,2024-09-25
P03762,Wilson Product 3762,Sports,Wilson,308.79,394.0,2026-01-05
P03763,Puma Product 3763,Fashion,Puma,432.04,788.33,2022-08-02
P03764,HarperCollins Product 3764,Books,HarperCollins,39.2,52.72,2024-09-06
P03765,Bosch Product 3765,Home,Bosch,284.7,524.15,2026-03-07
P03766,Penguin Product 3766,Books,Penguin,130.34,168.68,2022-06-27
P03767,HarperCollins Product 3767,Books,HarperCollins,91.09,142.23,2022-09-10
P03768,Nike Product 3768,Fashion,Nike,148.69,217.85,2023-01-21
P03769,Sony Product 3769,Electronics,Sony,81.62,152.62,2023-05-07
P03770,Adidas Product 3770,Fashion,Adidas,245.69,295.95,2022-01-02
P03771,Adidas Product 3771,Fashion,Adidas,26.72,35.97,2023-09-13
P03772,Bosch Product 3772,Home,Bosch,293.87,468.63,2025-10-28
P03773,Reebok Product 3773,Sports,Reebok,474.28,613.18,2026-07-24
P03774,Nike Product 3774,Fashion,Nike,70.34,139.49,2024-04-22
P03775,Penguin Product 3775,Books,Penguin,221.86,331.31,2023-03-26
P03776,Wilson Product 3776,Sports,Wilson,355.66,682.21,2022-09-21
P03777,Bosch Product 3777,Home,Bosch,274.02,420.59,2026-06-28
P03778,Apple Product 3778,Electronics,Apple,220.96,389.25,2024-01-20
P03779,Samsung Product 3779,Electronics,Samsung,48.19,91.67,2025-02-03
P03780,Philips Product 3780,Home,Philips,203.66,394.17,2026-06-05
P03781,Nike Product 3781,Fashion,Nike,16.93,21.49,2026-01-10
P03782,Puma Product 3782,Fashion,Puma,102.28,176.73,2026-06-05
P03783,HarperCollins Product 3783,Books,HarperCollins,280.9,444.47,2024-10-07
P03784,Puma Product 3784,Fashion,Puma,209.56,345.3,2021-08-30
P03785,Nike Product 3785,Fashion,Nike,77.96,101.86,2024-10-11
P03786,Wilson Product 3786,Sports,Wilson,189.07,304.05,2023-02-15
P03787,Samsung Product 3787,Electronics,Samsung,264.66,373.89,2022-04-08
P03788,Penguin Product 3788,Books,Penguin,155.16,286.92,2025-06-14
P03789,Ikea Product 3789,Home,Ikea,430.99,793.44,2025-10-15
P03790,Puma Product 3790,Fashion,Puma,240.01,379.93,2026-03-13
P03791,Samsung Product 3791,Electronics,Samsung,196.99,336.21,2026-07-15
P03792,Penguin Product 3792,Books,Penguin,77.33,100.65,2025-03-20
P03793,Penguin Product 3793,Books,Penguin,431.29,541.01,2025-03-12
P03794,Penguin Product 3794,Books,Penguin,285.25,398.68,2021-12-03
P03795,Reebok Product 3795,Sports,Reebok,184.05,254.04,2024-01-28
P03796,Philips Product 3796,Home,Philips,34.54,53.38,2021-11-26
P03797,Philips Product 3797,Home,Philips,18.69,32.47,2023-06-13
P03798,Philips Product 3798,Home,Philips,227.67,425.54,2021-11-04
P03799,Puma Product 3799,Fashion,Puma,454.22,719.25,2022-02-10
P03800,HarperCollins Product 3800,Books,HarperCollins,324.79,586.03,2024-03-11
P03801,Nike Product 3801,Fashion,Nike,301.49,431.16,2021-10-15
P03802,Apple Product 3802,Electronics,Apple,301.91,463.09,2025-06-09
P03803,Penguin Product 3803,Books,Penguin,353.71,644.33,2024-04-27
P03804,Apple Product 3804,Electronics,Apple,142.31,202.74,2021-10-23
P03805,Philips Product 3805,Home,Philips,418.98,705.66,2022-09-02
P03806,Philips Product 3806,Home,Philips,258.16,389.53,2026-01-10
P03807,Penguin Product 3807,Books,Penguin,237.32,302.06,2024-12-06
P03808,Under Armour Product 3808,Sports,Under Armour,268.71,454.95,2025-09-05
P03809,Apple Product 3809,Electronics,Apple,316.42,616.17,2023-04-29
P03810,Bosch Product 3810,Home,Bosch,259.19,375.94,2026-01-13
P03811,Ikea Product 3811,Home,Ikea,285.18,421.73,2026-01-20
P03812,Ikea Product 3812,Home,Ikea,413.74,667.83,2023-06-12
P03813,Under Armour Product 3813,Sports,Under Armour,135.64,208.76,2025-06-09
P03814,Puma Product 3814,Fashion,Puma,445.82,584.66,2024-10-29
P03815,Ikea Product 3815,Home,Ikea,345.12,513.95,2026-08-05
P03816,HarperCollins Product 3816,Books,HarperCollins,106.21,166.77,2023-05-23
P03817,Penguin Product 3817,Books,Penguin,63.02,112.06,2024-07-29
P03818,Bosch Product 3818,Home,Bosch,127.28,213.64,2025-08-04
P03819,Ikea Product 3819,Home,Ikea,444.2,820.73,2023-11-18
P03820,Ikea Product 3820,Home,Ikea,198.86,352.7,2022-06-21
P03821,HarperCollins Product 3821,Books,HarperCollins,271.02,356.95,2026-08-15
P03822,Penguin Product 3822,Books,Penguin,130.01,256.54,2025-11-03
P03823,HarperCollins Product 3823,Books,HarperCollins,6.62,8.94,2025-02-28
P03824,Philips Product 3824,Home,Philips,230.11,458.54,2025-03-10
P03825,HarperCollins Product 3825,Books,HarperCollins,258.0,396.39,2026-04-23
P03826,Ikea Product 3826,Home,Ikea,490.88,835.72,2023-06-24
P03827,Reebok Product 3827,Sports,Reebok,58.5,90.66,2024-04-29
P03828,Ikea Product 3828,Home,Ikea,74.17,96.3,2024-03-20
P03829,Samsung Product 3829,Electronics,Samsung,424.35,603.38,2026-08-04
P03830,HarperCollins Product 3830,Books,HarperCollins,68.07,86.91,2025-08-15
P03831,Wilson Product 3831,Sports,Wilson,24.77,42.81,2023-03-15
P03832,Samsung Product 3832,Electronics,Samsung,60.16,119.21,2023-07-31
P03833,Philips Product 3833,Home,Philips,217.75,301.45,2024-08-21
P03834,HarperCollins Product 3834,Books,HarperCollins,464.29,688.47,2025-01-30
P03835,Nike Product 3835,Fashion,Nike,16.36,27.28,2024-01-24
P03836,Nike Product 3836,Fashion,Nike,403.83,751.16,2022-10-25
P03837,Puma Product 3837,Fashion,Puma,310.07,608.85,2023-12-09
P03838,Sony Product 3838,Electronics,Sony,371.53,736.72,2021-12-16
P03839,Philips Product 3839,Home,Philips,66.66,93.12,2025-12-31
P03840,Wilson Product 3840,Sports,Wilson,124.8,210.62,2025-12-19
P03841,Nike Product 3841,Fashion,Nike,143.34,172.37,2023-04-25
P03842,Philips Product 3842,Home,Philips,291.92,490.36,2022-01-25
P03843,Under Armour Product 3843,Sports,Under Armour,110.63,141.64,2024-02-02
P03844,Apple Product 3844,Electronics,Apple,357.65,555.8,2026-07-25
P03845,Reebok Product 3845,Sports,Reebok,376.59,458.85,2025-10-08
P03846,Ikea Product 3846,Home,Ikea,441.49,703.39,2023-07-15
P03847,HarperCollins Product 3847,Books,HarperCollins,164.43,262.96,2023-09-05
P03848,HarperCollins Product 3848,Books,HarperCollins,419.92,707.67,2024-04-23
P03849,Ikea Product 3849,Home,Ikea,353.21,593.66,2026-04-25
P03850,Wilson Product 3850,Sports,Wilson,395.09,539.58,2022-11-10
P03851,Philips Product 3851,Home,Philips,205.53,287.54,2022-04-26
P03852,Ikea Product 3852,Home,Ikea,192.82,366.78,2022-12-28
P03853,Sony Product 3853,Electronics,Sony,467.96,652.93,2024-02-18
P03854,Apple Product 3854,Electronics,Apple,357.97,435.83,2022-09-11
P03855,HarperCollins Product 3855,Books,HarperCollins,182.96,222.55,2025-05-31
P03856,Reebok Product 3856,Sports,Reebok,225.44,347.02,2024-07-16
P03857,Under Armour Product 3857,Sports,Under Armour,177.37,251.03,2023-10-07
P03858,Philips Product 3858,Home,Philips,83.26,114.51,2024-08-05
P03859,Penguin Product 3859,Books,Penguin,423.72,840.38,2024-10-10
P03860,Ikea Product 3860,Home,Ikea,381.55,485.32,2025-03-04
P03861,Nike Product 3861,Fashion,Nike,309.65,508.53,2025-05-06
P03862,Ikea Product 3862,Home,Ikea,265.0,372.09,2026-05-06
P03863,Adidas Product 3863,Fashion,Adidas,75.11,116.32,2023-09-18
P03864,Nike Product 3864,Fashion,Nike,207.68,276.9,2022-03-27
P03865,Samsung Product 3865,Electronics,Samsung,436.55,740.72,2022-05-29
P03866,Penguin Product 3866,Books,Penguin,147.68,232.77,2025-05-24
P03867,Wilson Product 3867,Sports,Wilson,121.94,225.12,2025-01-17
P03868,Puma Product 3868,Fashion,Puma,357.7,448.52,2024-10-04
P03869,Apple Product 3869,Electronics,Apple,409.56,550.03,2025-10-31
P03870,Apple Product 3870,Electronics,Apple,278.95,417.07,2023-03-07
P03871,Nike Product 3871,Fashion,Nike,269.16,363.22,2024-10-12
P03872,Apple Product 3872,Electronics,Apple,428.43,776.78,2024-12-02
P03873,Penguin Product 3873,Books,Penguin,252.95,484.62,2025-10-16
P03874,Wilson Product 3874,Sports,Wilson,87.67,138.1,2026-01-07
P03875,Nike Product 3875,Fashion,Nike,431.54,805.87,2023-09-11
P03876,HarperCollins Product 3876,Books,HarperCollins,233.89,365.79,2022-05-16
P03877,Sony Product 3877,Electronics,Sony,127.87,218.93,2023-07-03
P03878,Samsung Product 3878,Electronics,Samsung,491.51,643.25,2022-05-23
P03879,Philips Product 3879,Home,Philips,266.8,424.74,2025-12-21
P03880,Reebok Product 3880,Sports,Reebok,273.03,415.86,2023-04-10
P03881,HarperCollins Product 3881,Books,HarperCollins,481.24,940.65,2022-06-19
P03882,Bosch Product 3882,Home,Bosch,290.85,543.92,2023-09-05
P03883,Under Armour Product 3883,Sports,Under Armour,264.12,403.08,2024-11-28
P03884,HarperCollins Product 3884,Books,HarperCollins,67.49,82.95,2025-12-07
P03885,Sony Product 3885,Electronics,Sony,497.38,931.87,2023-08-22
P03886,Sony Product 3886,Electronics,Sony,452.56,681.58,2021-11-22
P03887,Philips Product 3887,Home,Philips,16.82,26.74,2026-06-24
P03888,Samsung Product 3888,Electronics,Samsung,220.59,377.38,2025-05-18
P03889,Adidas Product 3889,Fashion,Adidas,433.27,793.93,2025-12-01
P03890,Puma Product 3890,Fashion,Puma,397.91,603.66,2022-07-10
P03891,Nike Product 3891,Fashion,Nike,450.75,866.76,2026-02-01
P03892,Philips Product 3892,Home,Philips,202.62,358.7,2023-09-06
P03893,Ikea Product 3893,Home,Ikea,234.33,359.14,2026-08-07
P03894,Samsung Product 3894,Electronics,Samsung,474.12,909.19,2024-10-22
P03895,Apple Product 3895,Electronics,Apple,190.15,281.51,2024-06-02
P03896,Reebok Product 3896,Sports,Reebok,436.7,551.33,2025-05-30
P03897,Philips Product 3897,Home,Philips,411.44,675.29,2023-09-16
P03898,Apple Product 3898,Electronics,Apple,38.54,56.47,2024-02-02
P03899,Bosch Product 3899,Home,Bosch,87.14,173.73,2026-02-03
P03900,Puma Product 3900,Fashion,Puma,357.0,505.4,2026-04-12
P03901,Sony Product 3901,Electronics,Sony,113.25,183.11,2025-05-12
P03902,Apple Product 3902,Electronics,Apple,204.69,376.39,2026-07-09
P03903,Under Armour Product 3903,Sports,Under Armour,312.78,446.63,2023-07-22
P03904,Sony Product 3904,Electronics,Sony,294.88,562.28,2024-10-08
P03905,Under Armour Product 3905,Sports,Under Armour,383.0,470.68,2025-09-13
P03906,Penguin Product 3906,Books,Penguin,499.33,660.45,2023-07-13
P03907,Under Armour Product 3907,Sports,Under Armour,332.01,515.24,2026-07-30
P03908,Ikea Product 3908,Home,Ikea,75.39,145.65,2026-05-18
P03909,Sony Product 3909,Electronics,Sony,195.03,295.57,2025-11-17
P03910,Samsung Product 3910,Electronics,Samsung,154.94,304.12,2023-09-30
P03911,Adidas Product 3911,Fashion,Adidas,286.8,439.97,2024-06-26
P03912,Adidas Product 3912,Fashion,Adidas,275.79,387.24,2023-09-23
P03913,Nike Product 3913,Fashion,Nike,495.56,659.45,2022-05-02
P03914,Apple Product 3914,Electronics,Apple,364.98,667.77,2021-12-25
P03915,Adidas Product 3915,Fashion,Adidas,457.99,610.26,2024-06-20
P03916,Wilson Product 3916,Sports,Wilson,44.58,69.89,2023-03-29
P03917,Bosch Product 3917,Home,Bosch,365.32,547.14,2025-06-05
P03918,Under Armour Product 3918,Sports,Under Armour,290.64,476.17,2022-12-06
P03919,Bosch Product 3919,Home,Bosch,334.15,541.78,2024-10-29
P03920,HarperCollins Product 3920,Books,HarperCollins,404.06,736.45,2022-09-20
P03921,Nike Product 3921,Fashion,Nike,408.39,631.82,2025-09-24
P03922,Philips Product 3922,Home,Philips,470.27,677.4,2021-10-06
P03923,Wilson Product 3923,Sports,Wilson,476.29,685.99,2025-11-20
P03924,Ikea Product 3924,Home,Ikea,412.91,678.83,2026-04-07
P03925,Nike Product 3925,Fashion,Nike,234.85,310.61,2025-09-28
P03926,Sony Product 3926,Electronics,Sony,273.39,407.46,2024-02-06
P03927,Under Armour Product 3927,Sports,Under Armour,285.45,410.84,2024-11-03
P03928,Nike Product 3928,Fashion,Nike,313.41,613.91,2022-12-18
P03929,Apple Product 3929,Electronics,Apple,463.43,577.21,2022-03-12
P03930,Under Armour Product 3930,Sports,Under Armour,81.25,128.26,2023-05-22
P03931,Apple Product 3931,Electronics,Apple,469.11,607.3,2024-02-23
P03932,Adidas Product 3932,Fashion,Adidas,440.16,701.39,2024-01-31
P03933,Reebok Product 3933,Sports,Reebok,110.94,171.3,2025-08-12
P03934,Adidas Product 3934,Fashion,Adidas,125.4,231.19,2023-12-06
P03935,Ikea Product 3935,Home,Ikea,301.0,504.1,2026-02-09
P03936,Samsung Product 3936,Electronics,Samsung,45.64,83.84,2023-01-06
P03937,Samsung Product 3937,Electronics,Samsung,272.48,434.37,2024-10-08
P03938,Sony Product 3938,Electronics,Sony,325.75,649.37,2025-05-10
P03939,Apple Product 3939,Electronics,Apple,92.9,121.4,2022-02-15
P03940,Bosch Product 3940,Home,Bosch,344.4,641.07,2022-07-12
P03941,Bosch Product 3941,Home,Bosch,288.14,355.09,2022-02-21
P03942,Philips Product 3942,Home,Philips,54.49,108.82,2022-04-24
P03943,Samsung Product 3943,Electronics,Samsung,309.11,574.06,2022-07-05
P03944,Nike Product 3944,Fashion,Nike,449.04,834.92,2023-07-14
P03945,Wilson Product 3945,Sports,Wilson,137.33,196.81,2024-02-23
P03946,Penguin Product 3946,Books,Penguin,416.74,594.92,2026-04-25
P03947,Apple Product 3947,Electronics,Apple,305.05,429.51,2022-11-09
P03948,Penguin Product 3948,Books,Penguin,250.73,345.77,2025-08-19
P03949,Ikea Product 3949,Home,Ikea,199.73,293.79,2025-11-27
P03950,Puma Product 3950,Fashion,Puma,238.97,373.27,2024-10-18
P03951,HarperCollins Product 3951,Books,HarperCollins,150.36,265.31,2025-02-12
P03952,Under Armour Product 3952,Sports,Under Armour,404.45,561.42,2023-02-05
P03953,Bosch Product 3953,Home,Bosch,166.67,232.1,2021-12-20
P03954,Puma Product 3954,Fashion,Puma,81.83,103.4,2023-08-12
P03955,Penguin Product 3955,Books,Penguin,78.1,156.09,2022-03-28
P03956,Nike Product 3956,Fashion,Nike,362.77,517.3,2023-11-22
P03957,Bosch Product 3957,Home,Bosch,163.38,227.33,2026-05-05
P03958,Under Armour Product 3958,Sports,Under Armour,207.89,404.12,2024-06-29
P03959,HarperCollins Product 3959,Books,HarperCollins,469.03,641.55,2025-06-30
P03960,Reebok Product 3960,Sports,Reebok,21.75,28.82,2022-07-18
P03961,Adidas Product 3961,Fashion,Adidas,37.7,46.19,2024-11-29
P03962,Philips Product 3962,Home,Philips,97.35,155.57,2024-01-16
P03963,Reebok Product 3963,Sports,Reebok,431.97,673.74,2023-02-07
P03964,Bosch Product 3964,Home,Bosch,483.52,743.6,2022-08-11
P03965,Bosch Product 3965,Home,Bosch,434.73,585.65,2024-09-11
P03966,Adidas Product 3966,Fashion,Adidas,210.82,335.1,2022-03-25
P03967,Ikea Product 3967,Home,Ikea,25.8,33.86,2023-01-26
P03968,HarperCollins Product 3968,Books,HarperCollins,478.75,922.0,2024-07-19
P03969,Adidas Product 3969,Fashion,Adidas,24.03,29.01,2023-06-26
P03970,Bosch Product 3970,Home,Bosch,174.77,295.69,2026-04-12
P03971,Ikea Product 3971,Home,Ikea,56.78,103.18,2022-06-17
P03972,Penguin Product 3972,Books,Penguin,109.48,160.5,2021-11-15
P03973,HarperCollins Product 3973,Books,HarperCollins,267.78,511.91,2023-11-14
P03974,Penguin Product 3974,Books,Penguin,220.29,431.74,2024-07-25
P03975,Apple Product 3975,Electronics,Apple,482.25,806.7,2026-07-24
P03976,Bosch Product 3976,Home,Bosch,498.41,780.09,2024-10-31
P03977,Philips Product 3977,Home,Philips,13.87,23.18,2023-07-14
P03978,Apple Product 3978,Electronics,Apple,415.63,637.49,2023-08-16
P03979,Reebok Product 3979,Sports,Reebok,288.09,558.45,2025-01-30
P03980,Penguin Product 3980,Books,Penguin,227.39,327.49,2024-11-26
P03981,Samsung Product 3981,Electronics,Samsung,335.87,558.77,2023-09-10
P03982,Under Armour Product 3982,Sports,Under Armour,7.12,9.85,2025-08-27
P03983,Adidas Product 3983,Fashion,Adidas,123.3,148.18,2023-02-15
P03984,Samsung Product 3984,Electronics,Samsung,402.18,570.66,2026-02-01
P03985,HarperCollins Product 3985,Books,HarperCollins,13.09,24.8,2022-02-15
P03986,Bosch Product 3986,Home,Bosch,333.34,532.45,2024-04-14
P03987,Penguin Product 3987,Books,Penguin,269.37,442.28,2022-05-15
P03988,Samsung Product 3988,Electronics,Samsung,463.19,699.98,2022-08-08
P03989,Ikea Product 3989,Home,Ikea,274.81,373.8,2025-11-22
P03990,Wilson Product 3990,Sports,Wilson,167.74,234.25,2026-02-22
P03991,Wilson Product 3991,Sports,Wilson,54.23,105.47,2025-08-18
P03992,Ikea Product 3992,Home,Ikea,330.44,574.12,2022-08-19
P03993,Wilson Product 3993,Sports,Wilson,453.45,618.18,2024-05-19
P03994,Adidas Product 3994,Fashion,Adidas,53.31,103.71,2026-05-11
P03995,Bosch Product 3995,Home,Bosch,347.32,594.34,2025-10-08
P03996,Samsung Product 3996,Electronics,Samsung,437.24,823.07,2021-10-21
P03997,Samsung Product 3997,Electronics,Samsung,37.66,68.4,2022-04-18
P03998,Ikea Product 3998,Home,Ikea,61.12,95.41,2025-10-16
P03999,Sony Product 3999,Electronics,Sony,384.17,700.58,2023-06-04
P04000,Reebok Product 4000,Sports,Reebok,65.44,113.5,2023-07-23
P04001,Ikea Product 4001,Home,Ikea,181.35,230.97,2024-05-26
P04002,Adidas Product 4002,Fashion,Adidas,404.27,661.48,2026-04-01
P04003,Bosch Product 4003,Home,Bosch,14.02,27.07,2025-02-01
P04004,Samsung Product 4004,Electronics,Samsung,85.33,125.75,2026-02-18
P04005,Penguin Product 4005,Books,Penguin,241.95,469.33,2025-03-01
P04006,Ikea Product 4006,Home,Ikea,173.39,262.07,2022-07-03
P04007,Wilson Product 4007,Sports,Wilson,404.6,736.65,2023-09-11
P04008,Wilson Product 4008,Sports,Wilson,87.92,149.19,2024-08-12
P04009,Reebok Product 4009,Sports,Reebok,375.13,470.23,2024-11-13
P04010,Puma Product 4010,Fashion,Puma,467.23,852.51,2022-06-12
P04011,HarperCollins Product 4011,Books,HarperCollins,196.7,337.15,2023-07-17
P04012,Nike Product 4012,Fashion,Nike,23.01,31.07,2026-02-27
P04013,HarperCollins Product 4013,Books,HarperCollins,13.48,23.34,2025-03-24
P04014,Bosch Product 4014,Home,Bosch,172.67,310.77,2023-12-16
P04015,Apple Product 4015,Electronics,Apple,431.69,547.46,2022-03-19
P04016,Sony Product 4016,Electronics,Sony,262.65,476.16,2025-09-30
P04017,Penguin Product 4017,Books,Penguin,239.35,393.22,2022-11-08
P04018,HarperCollins Product 4018,Books,HarperCollins,64.28,118.83,2022-05-20
P04019,Ikea Product 4019,Home,Ikea,159.47,296.25,2025-07-13
P04020,Ikea Product 4020,Home,Ikea,430.04,534.94,2024-09-21
P04021,Bosch Product 4021,Home,Bosch,482.22,631.48,2025-12-07
P04022,Philips Product 4022,Home,Philips,499.64,711.75,2021-11-17
P04023,Wilson Product 4023,Sports,Wilson,487.69,727.16,2025-01-02
P04024,Under Armour Product 4024,Sports,Under Armour,370.62,565.38,2023-02-03
P04025,Apple Product 4025,Electronics,Apple,167.24,295.92,2023-12-31
P04026,Puma Product 4026,Fashion,Puma,303.44,570.85,2022-10-07
P04027,Ikea Product 4027,Home,Ikea,52.1,73.53,2026-06-20
P04028,Philips Product 4028,Home,Philips,444.76,598.69,2026-01-06
P04029,Puma Product 4029,Fashion,Puma,401.18,555.72,2026-08-18
P04030,Philips Product 4030,Home,Philips,421.53,691.38,2025-02-12
P04031,Penguin Product 4031,Books,Penguin,406.73,666.69,2024-11-08
P04032,HarperCollins Product 4032,Books,HarperCollins,453.63,783.11,2023-08-06
P04033,Apple Product 4033,Electronics,Apple,377.39,465.17,2023-08-10
P04034,Wilson Product 4034,Sports,Wilson,330.66,467.96,2024-05-06
P04035,Samsung Product 4035,Electronics,Samsung,39.03,76.47,2023-04-11
P04036,Penguin Product 4036,Books,Penguin,57.88,91.54,2025-07-16
P04037,Under Armour Product 4037,Sports,Under Armour,205.96,264.76,2023-01-24
P04038,Puma Product 4038,Fashion,Puma,470.13,900.78,2026-07-17
P04039,Nike Product 4039,Fashion,Nike,170.36,229.66,2023-01-15
P04040,Penguin Product 4040,Books,Penguin,317.27,385.0,2025-03-28
P04041,Puma Product 4041,Fashion,Puma,355.54,474.82,2026-03-19
P04042,Penguin Product 4042,Books,Penguin,494.88,595.95,2022-12-18
P04043,HarperCollins Product 4043,Books,HarperCollins,290.46,518.15,2024-02-03
P04044,Adidas Product 4044,Fashion,Adidas,276.04,344.36,2025-01-03
P04045,Puma Product 4045,Fashion,Puma,335.11,453.73,2022-10-12
P04046,HarperCollins Product 4046,Books,HarperCollins,175.41,267.26,2026-04-02
P04047,HarperCollins Product 4047,Books,HarperCollins,455.82,651.88,2022-11-01
P04048,Puma Product 4048,Fashion,Puma,428.79,557.31,2025-11-28
P04049,Under Armour Product 4049,Sports,Under Armour,325.93,520.88,2021-12-11
P04050,Apple Product 4050,Electronics,Apple,297.41,534.57,2022-02-01
P04051,Puma Product 4051,Fashion,Puma,96.26,164.86,2025-03-22
P04052,Sony Product 4052,Electronics,Sony,128.15,226.68,2025-07-05
P04053,Nike Product 4053,Fashion,Nike,373.72,667.09,2023-04-17
P04054,Wilson Product 4054,Sports,Wilson,482.78,686.15,2021-12-29
P04055,Sony Product 4055,Electronics,Sony,6.39,8.74,2023-07-25
P04056,Sony Product 4056,Electronics,Sony,11.81,15.18,2022-12-22
P04057,Adidas Product 4057,Fashion,Adidas,76.47,136.07,2023-12-21
P04058,Apple Product 4058,Electronics,Apple,165.93,253.69,2025-01-19
P04059,HarperCollins Product 4059,Books,HarperCollins,224.49,305.58,2024-08-26
P04060,Nike Product 4060,Fashion,Nike,197.66,266.92,2022-11-29
P04061,Adidas Product 4061,Fashion,Adidas,247.01,350.54,2026-05-20
P04062,Apple Product 4062,Electronics,Apple,6.51,10.23,2021-12-06
P04063,Samsung Product 4063,Electronics,Samsung,375.42,607.96,2023-08-09
P04064,Adidas Product 4064,Fashion,Adidas,59.66,85.3,2026-03-19
P04065,Philips Product 4065,Home,Philips,92.64,168.16,2022-02-21
P04066,Reebok Product 4066,Sports,Reebok,37.32,58.35,2022-05-24
P04067,Bosch Product 4067,Home,Bosch,116.04,157.9,2022-09-13
P04068,Philips Product 4068,Home,Philips,481.94,682.29,2025-01-05
P04069,Wilson Product 4069,Sports,Wilson,221.87,289.94,2024-03-21
P04070,Puma Product 4070,Fashion,Puma,245.52,337.61,2023-12-10
P04071,Penguin Product 4071,Books,Penguin,59.36,105.48,2025-05-02
P04072,HarperCollins Product 4072,Books,HarperCollins,346.5,491.15,2024-08-04
P04073,HarperCollins Product 4073,Books,HarperCollins,374.47,455.45,2026-03-20
P04074,Penguin Product 4074,Books,Penguin,124.41,177.44,2023-12-01
P04075,Puma Product 4075,Fashion,Puma,466.03,878.32,2024-07-15
P04076,Penguin Product 4076,Books,Penguin,315.62,625.55,2024-03-15
P04077,Samsung Product 4077,Electronics,Samsung,479.52,701.01,2023-12-02
P04078,HarperCollins Product 4078,Books,HarperCollins,286.14,343.7,2025-01-18
P04079,Nike Product 4079,Fashion,Nike,58.69,84.81,2024-08-18
P04080,Under Armour Product 4080,Sports,Under Armour,349.53,495.48,2023-02-20
P04081,Puma Product 4081,Fashion,Puma,203.97,382.14,2022-05-23
P04082,HarperCollins Product 4082,Books,HarperCollins,52.56,82.91,2024-11-03
P04083,Nike Product 4083,Fashion,Nike,165.73,312.61,2023-10-15
P04084,Philips Product 4084,Home,Philips,380.67,618.97,2023-03-30
P04085,Wilson Product 4085,Sports,Wilson,218.26,360.12,2023-12-19
P04086,Samsung Product 4086,Electronics,Samsung,284.75,372.91,2022-05-20
P04087,Wilson Product 4087,Sports,Wilson,106.45,162.86,2022-03-08
P04088,Samsung Product 4088,Electronics,Samsung,342.08,677.57,2023-12-14
P04089,Reebok Product 4089,Sports,Reebok,72.18,129.23,2023-01-23
P04090,Adidas Product 4090,Fashion,Adidas,52.94,74.39,2026-02-11
P04091,HarperCollins Product 4091,Books,HarperCollins,64.54,91.93,2025-02-10
P04092,HarperCollins Product 4092,Books,HarperCollins,447.09,569.94,2023-07-28
P04093,Puma Product 4093,Fashion,Puma,63.8,117.67,2022-07-10
P04094,Penguin Product 4094,Books,Penguin,26.86,47.04,2024-12-06
P04095,Penguin Product 4095,Books,Penguin,330.36,580.34,2025-03-24
P04096,Apple Product 4096,Electronics,Apple,409.45,562.21,2022-11-19
P04097,Under Armour Product 4097,Sports,Under Armour,54.55,87.44,2024-12-10
P04098,Puma Product 4098,Fashion,Puma,142.45,219.61,2022-02-15
P04099,Philips Product 4099,Home,Philips,377.9,621.66,2024-10-28
P04100,Nike Product 4100,Fashion,Nike,370.76,735.8,2026-05-25
P04101,Penguin Product 4101,Books,Penguin,335.31,454.02,2024-04-16
P04102,Nike Product 4102,Fashion,Nike,370.05,660.89,2023-10-19
P04103,Nike Product 4103,Fashion,Nike,102.83,147.66,2025-10-25
P04104,Sony Product 4104,Electronics,Sony,227.49,385.58,2026-03-12
P04105,Samsung Product 4105,Electronics,Samsung,364.24,648.07,2023-08-09
P04106,Bosch Product 4106,Home,Bosch,379.51,686.49,2023-07-24
P04107,Wilson Product 4107,Sports,Wilson,345.52,645.05,2023-05-31
P04108,Adidas Product 4108,Fashion,Adidas,192.15,256.92,2025-05-09
P04109,Sony Product 4109,Electronics,Sony,91.67,171.82,2023-07-26
P04110,Wilson Product 4110,Sports,Wilson,46.99,62.31,2024-08-05
P04111,Samsung Product 4111,Electronics,Samsung,210.45,325.71,2025-06-06
P04112,Adidas Product 4112,Fashion,Adidas,358.28,634.51,2022-11-24
P04113,HarperCollins Product 4113,Books,HarperCollins,443.76,588.39,2023-07-07
P04114,Penguin Product 4114,Books,Penguin,477.04,734.6,2023-07-06
P04115,HarperCollins Product 4115,Books,HarperCollins,143.19,201.64,2025-07-25
P04116,Puma Product 4116,Fashion,Puma,400.16,747.7,2022-03-26
P04117,Adidas Product 4117,Fashion,Adidas,151.29,275.05,2023-09-24
P04118,Wilson Product 4118,Sports,Wilson,437.99,566.0,2024-07-19
P04119,Nike Product 4119,Fashion,Nike,118.72,208.97,2022-08-03
P04120,Sony Product 4120,Electronics,Sony,242.26,466.95,2024-03-06
P04121,Penguin Product 4121,Books,Penguin,31.15,41.86,2022-06-26
P04122,Nike Product 4122,Fashion,Nike,124.04,153.88,2022-03-19
P04123,Penguin Product 4123,Books,Penguin,124.54,204.47,2024-01-03
P04124,Bosch Product 4124,Home,Bosch,271.1,381.63,2025-12-10
P04125,Bosch Product 4125,Home,Bosch,72.41,97.22,2025-05-16
P04126,Under Armour Product 4126,Sports,Under Armour,425.87,580.99,2026-04-22
P04127,Puma Product 4127,Fashion,Puma,319.94,516.5,2024-05-29
P04128,HarperCollins Product 4128,Books,HarperCollins,40.36,71.71,2025-08-21
P04129,Penguin Product 4129,Books,Penguin,370.18,539.53,2025-08-18
P04130,Puma Product 4130,Fashion,Puma,141.77,266.21,2025-11-07
P04131,Samsung Product 4131,Electronics,Samsung,383.91,700.27,2025-02-03
P04132,Sony Product 4132,Electronics,Sony,20.02,29.19,2024-02-08
P04133,Penguin Product 4133,Books,Penguin,45.9,62.07,2022-04-10
P04134,Apple Product 4134,Electronics,Apple,392.91,640.92,2023-04-08
P04135,Ikea Product 4135,Home,Ikea,394.8,710.16,2021-12-02
P04136,Penguin Product 4136,Books,Penguin,361.02,718.69,2025-06-07
P04137,Philips Product 4137,Home,Philips,337.73,619.99,2021-11-30
P04138,HarperCollins Product 4138,Books,HarperCollins,377.5,531.76,2024-11-04
P04139,Sony Product 4139,Electronics,Sony,407.32,684.41,2025-03-29
P04140,HarperCollins Product 4140,Books,HarperCollins,147.16,238.07,2025-11-07
P04141,Samsung Product 4141,Electronics,Samsung,91.98,166.54,2024-09-24
P04142,Penguin Product 4142,Books,Penguin,160.49,252.79,2025-02-26
P04143,HarperCollins Product 4143,Books,HarperCollins,236.32,291.93,2024-11-25
P04144,Samsung Product 4144,Electronics,Samsung,332.71,635.02,2025-04-19
P04145,Under Armour Product 4145,Sports,Under Armour,320.15,406.89,2024-05-21
P04146,HarperCollins Product 4146,Books,HarperCollins,267.37,407.51,2024-12-16
P04147,Penguin Product 4147,Books,Penguin,121.72,160.6,2026-08-22
P04148,Bosch Product 4148,Home,Bosch,117.78,171.64,2026-06-12
P04149,Apple Product 4149,Electronics,Apple,158.51,211.8,2022-12-06
P04150,HarperCollins Product 4150,Books,HarperCollins,366.15,601.23,2026-04-10
P04151,Sony Product 4151,Electronics,Sony,237.54,362.34,2023-11-29
P04152,Adidas Product 4152,Fashion,Adidas,303.04,512.55,2022-03-19
P04153,Reebok Product 4153,Sports,Reebok,180.76,361.34,2022-01-22
P04154,Penguin Product 4154,Books,Penguin,67.25,83.97,2024-03-02
P04155,Samsung Product 4155,Electronics,Samsung,433.3,607.6,2024-04-10
P04156,Penguin Product 4156,Books,Penguin,445.65,861.08,2021-10-08
P04157,Apple Product 4157,Electronics,Apple,314.66,442.7,2024-09-13
P04158,Puma Product 4158,Fashion,Puma,474.48,758.58,2023-02-26
P04159,Puma Product 4159,Fashion,Puma,100.96,179.16,2021-12-10
P04160,Puma Product 4160,Fashion,Puma,325.63,494.88,2023-06-11
P04161,Nike Product 4161,Fashion,Nike,338.13,444.03,2026-06-14
P04162,Reebok Product 4162,Sports,Reebok,340.56,606.47,2024-06-30
P04163,HarperCollins Product 4163,Books,HarperCollins,206.78,274.37,2022-07-18
P04164,Adidas Product 4164,Fashion,Adidas,379.46,494.97,2024-03-26
P04165,HarperCollins Product 4165,Books,HarperCollins,110.87,160.5,2023-11-20
P04166,Ikea Product 4166,Home,Ikea,233.67,288.03,2022-02-20
P04167,Under Armour Product 4167,Sports,Under Armour,473.0,806.61,2024-02-02
P04168,Adidas Product 4168,Fashion,Adidas,473.34,709.5,2024-01-22
P04169,Ikea Product 4169,Home,Ikea,97.36,178.26,2022-07-18
P04170,Philips Product 4170,Home,Philips,274.02,369.81,2024-07-16
P04171,Puma Product 4171,Fashion,Puma,16.52,20.94,2023-09-17
P04172,Under Armour Product 4172,Sports,Under Armour,208.54,296.93,2023-10-15
P04173,Bosch Product 4173,Home,Bosch,289.98,536.98,2021-12-12
P04174,Penguin Product 4174,Books,Penguin,387.16,690.94,2022-09-09
P04175,Ikea Product 4175,Home,Ikea,280.26,448.63,2025-09-03
P04176,Adidas Product 4176,Fashion,Adidas,169.12,334.52,2024-12-04
P04177,Reebok Product 4177,Sports,Reebok,416.72,520.58,2023-05-16
P04178,Ikea Product 4178,Home,Ikea,148.4,253.95,2022-10-21
P04179,Ikea Product 4179,Home,Ikea,106.3,145.94,2024-08-13
P04180,Ikea Product 4180,Home,Ikea,415.12,583.73,2023-01-23
P04181,Bosch Product 4181,Home,Bosch,65.48,116.74,2025-12-02
P04182,Nike Product 4182,Fashion,Nike,49.58,87.71,2025-12-11
P04183,Reebok Product 4183,Sports,Reebok,235.89,448.87,2025-07-09
P04184,Sony Product 4184,Electronics,Sony,28.92,57.28,2024-04-05
P04185,Puma Product 4185,Fashion,Puma,50.25,87.59,2022-01-23
P04186,Wilson Product 4186,Sports,Wilson,71.68,122.95,2025-11-21
P04187,Nike Product 4187,Fashion,Nike,441.78,832.25,2024-05-12
P04188,Samsung Product 4188,Electronics,Samsung,459.47,776.27,2026-07-02
P04189,HarperCollins Product 4189,Books,HarperCollins,380.41,556.14,2024-01-11
P04190,Wilson Product 4190,Sports,Wilson,233.55,373.81,2023-10-20
P04191,Reebok Product 4191,Sports,Reebok,361.54,585.54,2024-10-25
P04192,Samsung Product 4192,Electronics,Samsung,456.2,623.61,2026-01-12
P04193,Samsung Product 4193,Electronics,Samsung,295.11,433.12,2025-04-24
P04194,Wilson Product 4194,Sports,Wilson,277.12,518.24,2025-03-05
P04195,Penguin Product 4195,Books,Penguin,125.97,189.19,2026-05-17
P04196,Reebok Product 4196,Sports,Reebok,352.91,497.99,2024-10-03
P04197,Bosch Product 4197,Home,Bosch,64.25,114.35,2022-05-25
P04198,Wilson Product 4198,Sports,Wilson,441.73,770.42,2025-02-04
P04199,Under Armour Product 4199,Sports,Under Armour,306.82,453.06,2025-08-12
P04200,Samsung Product 4200,Electronics,Samsung,159.06,199.9,2023-10-16
P04201,Sony Product 4201,Electronics,Sony,321.45,533.61,2022-10-25
P04202,Sony Product 4202,Electronics,Sony,149.66,207.29,2025-05-06
P04203,HarperCollins Product 4203,Books,HarperCollins,174.76,213.4,2024-10-21
P04204,Adidas Product 4204,Fashion,Adidas,101.38,187.75,2022-01-23
P04205,Nike Product 4205,Fashion,Nike,305.25,489.83,2024-07-08
P04206,Samsung Product 4206,Electronics,Samsung,228.39,335.31,2025-12-03
P04207,Wilson Product 4207,Sports,Wilson,50.65,98.62,2021-09-19
P04208,Ikea Product 4208,Home,Ikea,262.24,400.13,2025-10-13
P04209,Apple Product 4209,Electronics,Apple,317.09,577.87,2023-08-04
P04210,Ikea Product 4210,Home,Ikea,248.73,377.17,2026-06-02
P04211,Reebok Product 4211,Sports,Reebok,27.95,49.05,2022-12-25
P04212,Sony Product 4212,Electronics,Sony,68.75,125.42,2023-01-26
P04213,Samsung Product 4213,Electronics,Samsung,472.2,897.12,2025-12-30
P04214,Sony Product 4214,Electronics,Sony,443.04,659.71,2022-06-07
P04215,Reebok Product 4215,Sports,Reebok,48.75,92.48,2025-12-08
P04216,Apple Product 4216,Electronics,Apple,81.23,127.08,2023-09-25
P04217,Bosch Product 4217,Home,Bosch,110.36,216.55,2022-12-16
P04218,Adidas Product 4218,Fashion,Adidas,449.26,666.99,2023-01-16
P04219,Reebok Product 4219,Sports,Reebok,277.39,429.67,2024-05-22
P04220,Apple Product 4220,Electronics,Apple,315.06,500.38,2025-12-24
P04221,Penguin Product 4221,Books,Penguin,312.48,620.94,2022-06-23
P04222,Philips Product 4222,Home,Philips,376.08,463.43,2022-08-05
P04223,Adidas Product 4223,Fashion,Adidas,448.7,540.22,2026-01-12
P04224,HarperCollins Product 4224,Books,HarperCollins,391.22,576.69,2022-10-03
P04225,Adidas Product 4225,Fashion,Adidas,432.1,834.03,2023-04-22
P04226,Penguin Product 4226,Books,Penguin,206.69,283.08,2022-08-20
P04227,Bosch Product 4227,Home,Bosch,363.31,451.49,2025-01-20
P04228,Philips Product 4228,Home,Philips,347.1,421.53,2025-01-23
P04229,Sony Product 4229,Electronics,Sony,187.28,309.31,2026-01-23
P04230,Apple Product 4230,Electronics,Apple,146.45,197.04,2024-05-09
P04231,Sony Product 4231,Electronics,Sony,497.7,992.17,2025-04-29
P04232,Penguin Product 4232,Books,Penguin,204.41,343.06,2025-07-26
P04233,HarperCollins Product 4233,Books,HarperCollins,384.48,637.53,2025-08-19
P04234,Reebok Product 4234,Sports,Reebok,151.72,249.15,2024-01-30
P04235,HarperCollins Product 4235,Books,HarperCollins,49.38,79.89,2022-02-02
P04236,Puma Product 4236,Fashion,Puma,392.85,653.48,2023-02-04
P04237,Penguin Product 4237,Books,Penguin,77.73,128.43,2022-10-30
P04238,Ikea Product 4238,Home,Ikea,387.29,739.67,2024-09-14
P04239,Penguin Product 4239,Books,Penguin,476.88,912.0,2026-07-01
P04240,Samsung Product 4240,Electronics,Samsung,420.4,775.92,2025-04-30
P04241,Adidas Product 4241,Fashion,Adidas,391.36,712.67,2024-10-07
P04242,Under Armour Product 4242,Sports,Under Armour,284.14,559.33,2025-11-25
P04243,Apple Product 4243,Electronics,Apple,313.0,381.35,2022-05-08
P04244,HarperCollins Product 4244,Books,HarperCollins,81.73,139.94,2025-11-09
P04245,Under Armour Product 4245,Sports,Under Armour,486.31,595.45,2022-06-11
P04246,Wilson Product 4246,Sports,Wilson,375.89,544.14,2024-04-02
P04247,Puma Product 4247,Fashion,Puma,305.33,445.97,2023-11-11
P04248,HarperCollins Product 4248,Books,HarperCollins,326.84,627.15,2024-08-04
P04249,Penguin Product 4249,Books,Penguin,330.34,544.71,2026-05-17
P04250,Apple Product 4250,Electronics,Apple,414.87,795.64,2022-06-16
P04251,Reebok Product 4251,Sports,Reebok,63.31,83.19,2024-04-14
P04252,HarperCollins Product 4252,Books,HarperCollins,173.96,285.19,2021-12-20
P04253,Adidas Product 4253,Fashion,Adidas,297.3,442.08,2023-06-18
P04254,Adidas Product 4254,Fashion,Adidas,332.15,423.42,2023-01-06
P04255,HarperCollins Product 4255,Books,HarperCollins,288.59,425.89,2026-04-03
P04256,Samsung Product 4256,Electronics,Samsung,12.39,19.64,2024-08-22
P04257,Wilson Product 4257,Sports,Wilson,337.65,590.39,2023-03-15
P04258,Nike Product 4258,Fashion,Nike,404.58,587.03,2026-04-22
P04259,Ikea Product 4259,Home,Ikea,129.71,175.58,2023-09-04
P04260,Philips Product 4260,Home,Philips,273.03,380.19,2026-03-24
P04261,Bosch Product 4261,Home,Bosch,139.59,267.9,2022-04-18
P04262,Samsung Product 4262,Electronics,Samsung,241.82,333.47,2022-02-04
P04263,Sony Product 4263,Electronics,Sony,426.84,660.49,2023-06-02
P04264,Under Armour Product 4264,Sports,Under Armour,35.99,44.78,2024-06-27
P04265,Reebok Product 4265,Sports,Reebok,105.02,132.85,2026-03-27
P04266,Puma Product 4266,Fashion,Puma,170.75,337.33,2023-07-12
P04267,Samsung Product 4267,Electronics,Samsung,472.95,709.5,2025-09-06
P04268,Sony Product 4268,Electronics,Sony,325.9,411.96,2022-09-25
P04269,Penguin Product 4269,Books,Penguin,429.63,626.02,2025-08-29
P04270,Under Armour Product 4270,Sports,Under Armour,387.96,733.37,2024-04-16
P04271,Penguin Product 4271,Books,Penguin,436.56,855.46,2026-06-19
P04272,Reebok Product 4272,Sports,Reebok,76.11,135.78,2025-02-24
P04273,Puma Product 4273,Fashion,Puma,143.5,174.13,2026-03-14
P04274,Under Armour Product 4274,Sports,Under Armour,224.13,319.43,2026-04-03
P04275,Nike Product 4275,Fashion,Nike,358.59,559.12,2023-05-17
P04276,Puma Product 4276,Fashion,Puma,204.59,386.76,2025-11-13
P04277,Puma Product 4277,Fashion,Puma,72.91,88.63,2024-02-29
P04278,Sony Product 4278,Electronics,Sony,436.86,777.61,2023-03-09
P04279,Under Armour Product 4279,Sports,Under Armour,461.93,917.2,2021-10-15
P04280,Penguin Product 4280,Books,Penguin,385.71,544.17,2023-01-07
P04281,Reebok Product 4281,Sports,Reebok,338.94,477.99,2024-08-02
P04282,Nike Product 4282,Fashion,Nike,105.32,145.94,2026-03-24
P04283,Adidas Product 4283,Fashion,Adidas,182.15,354.19,2021-09-13
P04284,Adidas Product 4284,Fashion,Adidas,458.33,697.14,2026-06-28
P04285,Reebok Product 4285,Sports,Reebok,463.95,729.05,2024-10-08
P04286,Nike Product 4286,Fashion,Nike,340.63,430.17,2021-12-23
P04287,Nike Product 4287,Fashion,Nike,193.02,265.42,2022-11-14
P04288,Wilson Product 4288,Sports,Wilson,413.46,820.15,2024-02-24
P04289,Ikea Product 4289,Home,Ikea,236.53,387.17,2026-01-19
P04290,Philips Product 4290,Home,Philips,65.03,89.39,2023-07-01
P04291,Sony Product 4291,Electronics,Sony,274.87,397.37,2025-04-18
P04292,Penguin Product 4292,Books,Penguin,364.36,486.4,2022-04-14
P04293,HarperCollins Product 4293,Books,HarperCollins,28.65,54.19,2024-12-27
P04294,Bosch Product 4294,Home,Bosch,26.29,48.74,2022-08-02
P04295,Under Armour Product 4295,Sports,Under Armour,145.96,181.33,2022-07-26
P04296,Wilson Product 4296,Sports,Wilson,342.61,639.17,2023-10-06
P04297,Under Armour Product 4297,Sports,Under Armour,269.42,523.25,2025-10-04
P04298,Reebok Product 4298,Sports,Reebok,396.51,687.48,2022-09-11
P04299,Nike Product 4299,Fashion,Nike,42.21,78.81,2023-08-04
P04300,Apple Product 4300,Electronics,Apple,447.66,748.13,2023-02-01
P04301,Nike Product 4301,Fashion,Nike,315.99,445.19,2026-02-20
P04302,Wilson Product 4302,Sports,Wilson,288.4,424.56,2023-02-17
P04303,Reebok Product 4303,Sports,Reebok,344.96,534.81,2024-07-16
P04304,Wilson Product 4304,Sports,Wilson,437.99,714.58,2024-07-28
P04305,Sony Product 4305,Electronics,Sony,92.72,161.82,2026-03-15
P04306,Philips Product 4306,Home,Philips,19.43,26.87,2022-06-10
P04307,Reebok Product 4307,Sports,Reebok,16.34,29.88,2023-08-11
P04308,HarperCollins Product 4308,Books,HarperCollins,204.38,396.84,2023-05-13
P04309,Apple Product 4309,Electronics,Apple,241.77,301.94,2023-10-18
P04310,Wilson Product 4310,Sports,Wilson,450.65,727.63,2025-06-30
P04311,Nike Product 4311,Fashion,Nike,185.72,223.2,2025-04-23
P04312,Penguin Product 4312,Books,Penguin,46.75,87.54,2025-01-29
P04313,Nike Product 4313,Fashion,Nike,316.44,462.73,2026-08-24
P04314,Nike Product 4314,Fashion,Nike,496.11,864.72,2021-10-21
P04315,Ikea Product 4315,Home,Ikea,389.76,635.8,2024-06-07
P04316,Wilson Product 4316,Sports,Wilson,344.94,525.67,2025-09-04
P04317,Puma Product 4317,Fashion,Puma,41.07,70.68,2022-02-08
P04318,Nike Product 4318,Fashion,Nike,490.94,643.62,2023-06-19
P04319,HarperCollins Product 4319,Books,HarperCollins,484.61,874.22,2023-01-15
P04320,Sony Product 4320,Electronics,Sony,297.36,540.62,2024-12-06
P04321,Ikea Product 4321,Home,Ikea,217.83,367.52,2022-02-28
P04322,Bosch Product 4322,Home,Bosch,434.7,853.09,2023-12-29
P04323,Nike Product 4323,Fashion,Nike,426.18,783.62,2025-04-07
P04324,Penguin Product 4324,Books,Penguin,332.85,543.82,2026-05-31
P04325,HarperCollins Product 4325,Books,HarperCollins,256.14,367.18,2025-04-11
P04326,Adidas Product 4326,Fashion,Adidas,441.83,649.57,2025-07-24
P04327,Penguin Product 4327,Books,Penguin,325.4,464.3,2025-06-01
P04328,Reebok Product 4328,Sports,Reebok,275.12,430.92,2023-01-14
P04329,Sony Product 4329,Electronics,Sony,329.14,419.1,2025-01-26
P04330,Nike Product 4330,Fashion,Nike,448.12,681.74,2025-01-31
P04331,Under Armour Product 4331,Sports,Under Armour,102.01,185.18,2026-08-25
P04332,Nike Product 4332,Fashion,Nike,467.28,729.71,2024-05-14
P04333,Wilson Product 4333,Sports,Wilson,481.94,602.8,2024-07-14
P04334,Under Armour Product 4334,Sports,Under Armour,307.16,489.61,2025-12-11
P04335,Penguin Product 4335,Books,Penguin,429.23,712.38,2025-11-13
P04336,Reebok Product 4336,Sports,Reebok,251.13,471.22,2022-08-12
P04337,Adidas Product 4337,Fashion,Adidas,260.48,353.45,2022-02-13
P04338,Sony Product 4338,Electronics,Sony,268.41,468.44,2024-09-17
P04339,Apple Product 4339,Electronics,Apple,323.56,564.89,2022-11-17
P04340,Adidas Product 4340,Fashion,Adidas,30.68,43.43,2022-07-05
P04341,Sony Product 4341,Electronics,Sony,447.88,666.57,2022-08-08
P04342,Under Armour Product 4342,Sports,Under Armour,365.21,535.22,2024-08-23
P04343,Reebok Product 4343,Sports,Reebok,23.97,41.67,2025-04-26
P04344,Adidas Product 4344,Fashion,Adidas,450.38,603.84,2024-07-07
P04345,Philips Product 4345,Home,Philips,137.82,185.51,2022-11-18
P04346,HarperCollins Product 4346,Books,HarperCollins,233.04,353.11,2022-09-11
P04347,Adidas Product 4347,Fashion,Adidas,414.1,699.46,2024-01-14
P04348,Puma Product 4348,Fashion,Puma,127.08,249.24,2025-12-29
P04349,HarperCollins Product 4349,Books,HarperCollins,395.82,737.91,2023-08-19
P04350,Nike Product 4350,Fashion,Nike,275.36,529.03,2023-01-01
P04351,Penguin Product 4351,Books,Penguin,173.39,230.88,2026-05-21
P04352,Sony Product 4352,Electronics,Sony,341.86,499.9,2026-05-06
P04353,HarperCollins Product 4353,Books,HarperCollins,362.6,705.52,2023-09-01
P04354,Adidas Product 4354,Fashion,Adidas,197.59,390.22,2025-06-10
P04355,Adidas Product 4355,Fashion,Adidas,473.3,651.89,2022-08-03
P04356,Adidas Product 4356,Fashion,Adidas,267.22,487.77,2024-02-29
P04357,Ikea Product 4357,Home,Ikea,115.66,230.53,2023-08-04
P04358,Penguin Product 4358,Books,Penguin,282.17,426.92,2026-08-14
P04359,Ikea Product 4359,Home,Ikea,476.06,757.75,2024-09-19
P04360,Philips Product 4360,Home,Philips,475.04,782.37,2025-07-19
P04361,Sony Product 4361,Electronics,Sony,163.62,260.19,2023-05-20
P04362,Philips Product 4362,Home,Philips,115.98,157.19,2022-07-26
P04363,Penguin Product 4363,Books,Penguin,439.49,841.66,2021-09-18
P04364,Penguin Product 4364,Books,Penguin,463.53,598.21,2024-01-24
P04365,Reebok Product 4365,Sports,Reebok,244.7,302.82,2026-02-14
P04366,HarperCollins Product 4366,Books,HarperCollins,293.08,414.8,2024-01-08
P04367,Samsung Product 4367,Electronics,Samsung,420.09,574.75,2024-05-01
P04368,Ikea Product 4368,Home,Ikea,166.0,259.45,2025-07-06
P04369,Philips Product 4369,Home,Philips,105.14,144.39,2025-05-04
P04370,Adidas Product 4370,Fashion,Adidas,311.59,427.37,2026-07-09
P04371,Under Armour Product 4371,Sports,Under Armour,365.28,716.13,2026-06-11
P04372,Samsung Product 4372,Electronics,Samsung,400.41,623.78,2023-06-02
P04373,Ikea Product 4373,Home,Ikea,12.95,21.97,2022-06-15
P04374,Puma Product 4374,Fashion,Puma,432.81,797.2,2025-12-22
P04375,Ikea Product 4375,Home,Ikea,22.42,33.25,2022-04-10
P04376,Under Armour Product 4376,Sports,Under Armour,309.78,606.67,2023-01-20
P04377,Sony Product 4377,Electronics,Sony,297.91,470.19,2022-02-17
P04378,Sony Product 4378,Electronics,Sony,367.59,479.82,2023-01-14
P04379,Wilson Product 4379,Sports,Wilson,139.48,181.86,2023-05-12
P04380,HarperCollins Product 4380,Books,HarperCollins,204.09,390.25,2024-03-22
P04381,Bosch Product 4381,Home,Bosch,405.5,749.17,2024-08-13
P04382,Under Armour Product 4382,Sports,Under Armour,33.89,49.46,2021-12-09
P04383,HarperCollins Product 4383,Books,HarperCollins,397.19,619.55,2025-04-13
P04384,Under Armour Product 4384,Sports,Under Armour,152.83,203.89,2025-09-28
P04385,Reebok Product 4385,Sports,Reebok,172.26,253.19,2022-12-31
P04386,Bosch Product 4386,Home,Bosch,317.93,567.92,2021-09-28
P04387,Under Armour Product 4387,Sports,Under Armour,399.32,580.56,2023-05-15
P04388,HarperCollins Product 4388,Books,HarperCollins,93.0,121.19,2022-10-20
P04389,Penguin Product 4389,Books,Penguin,483.98,895.33,2023-02-22
P04390,Under Armour Product 4390,Sports,Under Armour,17.57,34.19,2023-09-02
P04391,Samsung Product 4391,Electronics,Samsung,26.22,48.28,2025-03-06
P04392,Bosch Product 4392,Home,Bosch,118.64,203.81,2026-05-19
P04393,Nike Product 4393,Fashion,Nike,479.44,625.62,2024-12-04
P04394,Apple Product 4394,Electronics,Apple,434.9,545.97,2023-01-20
P04395,Apple Product 4395,Electronics,Apple,173.27,212.61,2024-05-07
P04396,Puma Product 4396,Fashion,Puma,318.34,523.49,2024-10-21
P04397,Puma Product 4397,Fashion,Puma,54.68,78.88,2023-05-04
P04398,HarperCollins Product 4398,Books,HarperCollins,195.98,332.38,2026-06-19
P04399,Wilson Product 4399,Sports,Wilson,252.29,474.37,2022-08-03
P04400,Adidas Product 4400,Fashion,Adidas,227.26,388.58,2023-07-07
P04401,Reebok Product 4401,Sports,Reebok,474.98,814.36,2021-09-29
P04402,Puma Product 4402,Fashion,Puma,8.15,12.17,2021-09-06
P04403,Penguin Product 4403,Books,Penguin,460.02,657.98,2024-09-08
P04404,Sony Product 4404,Electronics,Sony,113.13,209.39,2022-08-14
P04405,Penguin Product 4405,Books,Penguin,369.84,500.15,2022-04-04
P04406,Samsung Product 4406,Electronics,Samsung,104.09,136.83,2024-04-15
P04407,Sony Product 4407,Electronics,Sony,155.91,198.64,2025-08-16
P04408,Reebok Product 4408,Sports,Reebok,9.02,11.47,2023-03-06
P04409,Adidas Product 4409,Fashion,Adidas,134.88,179.14,2022-02-16
P04410,HarperCollins Product 4410,Books,HarperCollins,175.78,285.82,2022-10-30
P04411,Under Armour Product 4411,Sports,Under Armour,261.75,332.34,2023-01-21
P04412,Wilson Product 4412,Sports,Wilson,394.53,757.45,2023-05-18
P04413,Under Armour Product 4413,Sports,Under Armour,163.82,294.46,2021-12-17
P04414,Bosch Product 4414,Home,Bosch,315.73,501.08,2022-05-15
P04415,Wilson Product 4415,Sports,Wilson,432.06,844.12,2023-11-24
P04416,Ikea Product 4416,Home,Ikea,311.21,500.66,2023-10-10
P04417,Under Armour Product 4417,Sports,Under Armour,450.33,739.91,2024-06-09
P04418,Apple Product 4418,Electronics,Apple,31.28,59.28,2023-02-05
P04419,Wilson Product 4419,Sports,Wilson,324.48,434.95,2022-07-03
P04420,Reebok Product 4420,Sports,Reebok,111.46,173.24,2023-01-19
P04421,Puma Product 4421,Fashion,Puma,329.42,650.04,2023-10-05
P04422,Apple Product 4422,Electronics,Apple,94.99,125.78,2022-07-06
P04423,Penguin Product 4423,Books,Penguin,371.79,708.35,2026-03-27
P04424,Sony Product 4424,Electronics,Sony,216.41,316.3,2026-07-31
P04425,Penguin Product 4425,Books,Penguin,321.98,447.24,2023-10-14
P04426,Penguin Product 4426,Books,Penguin,122.05,162.72,2021-11-21
P04427,Bosch Product 4427,Home,Bosch,482.25,883.23,2023-07-23
P04428,Penguin Product 4428,Books,Penguin,163.5,319.11,2026-07-05
P04429,Philips Product 4429,Home,Philips,65.47,116.53,2023-01-17
P04430,Reebok Product 4430,Sports,Reebok,373.11,594.92,2023-03-07
P04431,Adidas Product 4431,Fashion,Adidas,148.47,290.04,2025-12-31
P04432,HarperCollins Product 4432,Books,HarperCollins,134.21,188.31,2022-03-03
P04433,Reebok Product 4433,Sports,Reebok,359.17,464.47,2022-09-01
P04434,Reebok Product 4434,Sports,Reebok,413.31,780.53,2025-10-06
P04435,Wilson Product 4435,Sports,Wilson,97.46,130.54,2021-09-07
P04436,Samsung Product 4436,Electronics,Samsung,32.44,45.32,2023-06-14
P04437,HarperCollins Product 4437,Books,HarperCollins,381.07,734.91,2023-02-07
P04438,Samsung Product 4438,Electronics,Samsung,247.71,474.69,2023-09-10
P04439,Ikea Product 4439,Home,Ikea,291.89,480.64,2023-11-05
P04440,Penguin Product 4440,Books,Penguin,69.68,85.18,2022-03-27
P04441,Samsung Product 4441,Electronics,Samsung,397.65,603.52,2023-02-16
P04442,Sony Product 4442,Electronics,Sony,98.28,120.9,2022-07-11
P04443,Apple Product 4443,Electronics,Apple,381.69,607.33,2024-02-14
P04444,Reebok Product 4444,Sports,Reebok,254.21,480.69,2026-04-16
P04445,Under Armour Product 4445,Sports,Under Armour,343.38,602.51,2022-05-16
P04446,Bosch Product 4446,Home,Bosch,259.6,349.87,2026-03-19
P04447,HarperCollins Product 4447,Books,HarperCollins,462.53,850.57,2023-07-19
P04448,Samsung Product 4448,Electronics,Samsung,13.58,26.92,2025-04-26
P04449,Adidas Product 4449,Fashion,Adidas,324.48,600.85,2022-12-10
P04450,HarperCollins Product 4450,Books,HarperCollins,59.19,74.17,2026-02-12
P04451,Nike Product 4451,Fashion,Nike,436.64,723.26,2023-12-23
P04452,Samsung Product 4452,Electronics,Samsung,390.58,669.58,2025-04-30
P04453,Puma Product 4453,Fashion,Puma,471.2,847.89,2025-06-16
P04454,Samsung Product 4454,Electronics,Samsung,154.88,245.08,2026-04-29
P04455,Penguin Product 4455,Books,Penguin,33.06,61.45,2023-02-01
P04456,Sony Product 4456,Electronics,Sony,210.71,332.1,2023-07-13
P04457,Puma Product 4457,Fashion,Puma,298.78,380.75,2023-04-14
P04458,Samsung Product 4458,Electronics,Samsung,201.92,344.6,2024-06-22
P04459,Nike Product 4459,Fashion,Nike,107.59,139.27,2021-08-29
P04460,Under Armour Product 4460,Sports,Under Armour,235.94,407.74,2023-09-17
P04461,Samsung Product 4461,Electronics,Samsung,304.89,547.83,2022-12-10
P04462,Samsung Product 4462,Electronics,Samsung,60.79,92.53,2024-10-04
P04463,Nike Product 4463,Fashion,Nike,25.72,43.57,2023-05-22
P04464,Apple Product 4464,Electronics,Apple,72.31,106.61,2025-10-06
P04465,HarperCollins Product 4465,Books,HarperCollins,466.54,633.73,2024-03-30
P04466,Penguin Product 4466,Books,Penguin,23.33,38.67,2023-06-28
P04467,Under Armour Product 4467,Sports,Under Armour,171.97,280.13,2022-11-09
P04468,Adidas Product 4468,Fashion,Adidas,327.06,566.51,2025-03-29
P04469,Bosch Product 4469,Home,Bosch,56.3,101.99,2023-01-24
P04470,Ikea Product 4470,Home,Ikea,54.73,78.13,2022-01-03
P04471,HarperCollins Product 4471,Books,HarperCollins,314.55,412.84,2022-12-31
P04472,Ikea Product 4472,Home,Ikea,290.33,424.26,2025-08-22
P04473,Nike Product 4473,Fashion,Nike,300.18,450.41,2024-11-23
P04474,Sony Product 4474,Electronics,Sony,100.86,189.36,2025-05-07
P04475,Bosch Product 4475,Home,Bosch,193.35,354.37,2026-03-21
P04476,Samsung Product 4476,Electronics,Samsung,359.26,594.61,2025-05-09
P04477,Ikea Product 4477,Home,Ikea,390.71,651.22,2024-12-11
P04478,Samsung Product 4478,Electronics,Samsung,118.29,184.89,2024-10-16
P04479,Adidas Product 4479,Fashion,Adidas,99.42,193.68,2024-09-17
P04480,HarperCollins Product 4480,Books,HarperCollins,272.12,410.87,2022-06-29
P04481,Nike Product 4481,Fashion,Nike,423.94,596.69,2023-07-18
P04482,Sony Product 4482,Electronics,Sony,390.37,476.45,2023-11-02
P04483,Wilson Product 4483,Sports,Wilson,214.12,318.92,2024-09-19
P04484,Adidas Product 4484,Fashion,Adidas,119.25,190.31,2026-07-04
P04485,Samsung Product 4485,Electronics,Samsung,301.54,376.69,2023-06-13
P04486,Apple Product 4486,Electronics,Apple,215.97,361.24,2026-03-01
P04487,Wilson Product 4487,Sports,Wilson,69.34,130.91,2021-12-14
P04488,Penguin Product 4488,Books,Penguin,174.48,245.82,2023-07-17
P04489,Puma Product 4489,Fashion,Puma,317.71,383.18,2025-12-02
P04490,Ikea Product 4490,Home,Ikea,128.6,167.15,2022-02-19
P04491,HarperCollins Product 4491,Books,HarperCollins,454.45,692.78,2021-12-20
P04492,Reebok Product 4492,Sports,Reebok,457.53,783.23,2024-12-24
P04493,Philips Product 4493,Home,Philips,447.06,646.72,2022-04-10
P04494,Apple Product 4494,Electronics,Apple,224.19,390.46,2021-09-07
P04495,Philips Product 4495,Home,Philips,146.1,273.91,2023-08-07
P04496,Adidas Product 4496,Fashion,Adidas,242.39,311.51,2026-05-30
P04497,Philips Product 4497,Home,Philips,219.92,283.36,2023-08-07
P04498,Penguin Product 4498,Books,Penguin,385.73,708.9,2026-01-04
P04499,Penguin Product 4499,Books,Penguin,24.17,29.52,2023-08-27
P04500,Reebok Product 4500,Sports,Reebok,118.78,185.23,2022-05-30
P04501,Ikea Product 4501,Home,Ikea,247.05,380.22,2022-05-06
P04502,Sony Product 4502,Electronics,Sony,11.5,14.7,2024-06-18
P04503,Philips Product 4503,Home,Philips,58.16,97.37,2024-11-10
P04504,Apple Product 4504,Electronics,Apple,353.63,555.47,2024-09-07
P04505,Puma Product 4505,Fashion,Puma,26.01,40.64,2024-09-30
P04506,Nike Product 4506,Fashion,Nike,233.66,323.23,2025-12-23
P04507,Samsung Product 4507,Electronics,Samsung,407.43,582.7,2026-08-20
P04508,HarperCollins Product 4508,Books,HarperCollins,248.56,337.94,2023-06-13
P04509,Wilson Product 4509,Sports,Wilson,61.53,83.51,2024-04-18
P04510,Sony Product 4510,Electronics,Sony,220.37,325.96,2025-06-28
P04511,HarperCollins Product 4511,Books,HarperCollins,226.18,398.69,2021-12-27
P04512,HarperCollins Product 4512,Books,HarperCollins,250.61,341.74,2026-02-12
P04513,Penguin Product 4513,Books,Penguin,170.21,340.39,2023-07-10
P04514,Puma Product 4514,Fashion,Puma,204.28,379.57,2024-03-05
P04515,Under Armour Product 4515,Sports,Under Armour,419.97,802.86,2025-03-08
P04516,Wilson Product 4516,Sports,Wilson,44.07,73.51,2023-09-02
P04517,Penguin Product 4517,Books,Penguin,416.19,732.32,2022-05-13
P04518,Wilson Product 4518,Sports,Wilson,20.88,41.42,2023-12-04
P04519,Under Armour Product 4519,Sports,Under Armour,215.65,312.36,2025-01-01
P04520,Bosch Product 4520,Home,Bosch,296.71,535.29,2024-02-20
P04521,Samsung Product 4521,Electronics,Samsung,226.23,359.37,2024-12-27
P04522,Wilson Product 4522,Sports,Wilson,457.4,562.55,2024-04-07
P04523,Bosch Product 4523,Home,Bosch,121.8,221.02,2024-01-22
P04524,Penguin Product 4524,Books,Penguin,411.17,678.57,2026-01-11
P04525,Bosch Product 4525,Home,Bosch,6.5,9.1,2026-06-20
P04526,Apple Product 4526,Electronics,Apple,393.31,485.28,2023-11-21
P04527,Penguin Product 4527,Books,Penguin,404.88,582.26,2024-04-05
P04528,HarperCollins Product 4528,Books,HarperCollins,464.98,704.91,2022-04-05
P04529,HarperCollins Product 4529,Books,HarperCollins,321.25,552.04,2023-04-06
P04530,Adidas Product 4530,Fashion,Adidas,297.21,519.56,2023-05-24
P04531,Under Armour Product 4531,Sports,Under Armour,303.48,546.24,2026-05-02
P04532,Apple Product 4532,Electronics,Apple,454.5,892.8,2023-12-13
P04533,Nike Product 4533,Fashion,Nike,245.05,480.8,2025-08-07
P04534,Under Armour Product 4534,Sports,Under Armour,287.65,402.31,2024-04-11
P04535,Adidas Product 4535,Fashion,Adidas,221.26,302.85,2025-05-01
P04536,HarperCollins Product 4536,Books,HarperCollins,293.52,566.37,2025-10-26
P04537,HarperCollins Product 4537,Books,HarperCollins,404.47,507.04,2024-04-23
P04538,Ikea Product 4538,Home,Ikea,442.3,830.86,2023-07-02
P04539,Nike Product 4539,Fashion,Nike,111.1,137.85,2025-04-07
P04540,Reebok Product 4540,Sports,Reebok,422.9,543.24,2024-04-04
P04541,Wilson Product 4541,Sports,Wilson,421.31,728.28,2022-06-29
P04542,Sony Product 4542,Electronics,Sony,402.61,685.33,2021-11-05
P04543,Sony Product 4543,Electronics,Sony,472.14,868.43,2022-07-30
P04544,Adidas Product 4544,Fashion,Adidas,343.75,619.0,2022-06-21
P04545,HarperCollins Product 4545,Books,HarperCollins,450.91,864.83,2026-05-06
P04546,Apple Product 4546,Electronics,Apple,481.45,859.28,2026-08-03
P04547,HarperCollins Product 4547,Books,HarperCollins,464.26,745.87,2024-05-19
P04548,Sony Product 4548,Electronics,Sony,464.4,889.48,2024-06-29
P04549,Bosch Product 4549,Home,Bosch,73.43,132.63,2023-05-30
P04550,Under Armour Product 4550,Sports,Under Armour,263.36,471.4,2025-05-01
P04551,Puma Product 4551,Fashion,Puma,491.51,972.21,2026-04-21
P04552,Philips Product 4552,Home,Philips,466.59,761.14,2024-08-14
P04553,Samsung Product 4553,Electronics,Samsung,133.45,165.14,2024-07-05
P04554,Under Armour Product 4554,Sports,Under Armour,239.27,305.06,2022-09-01
P04555,Nike Product 4555,Fashion,Nike,193.22,245.02,2024-11-13
P04556,HarperCollins Product 4556,Books,HarperCollins,50.29,86.42,2023-12-07
P04557,Samsung Product 4557,Electronics,Samsung,257.89,412.56,2024-11-06
P04558,HarperCollins Product 4558,Books,HarperCollins,396.77,666.54,2026-04-24
P04559,Reebok Product 4559,Sports,Reebok,452.39,597.31,2023-02-09
P04560,Reebok Product 4560,Sports,Reebok,471.92,819.36,2026-04-27
P04561,Reebok Product 4561,Sports,Reebok,319.52,451.71,2024-09-24
P04562,HarperCollins Product 4562,Books,HarperCollins,118.52,153.4,2026-08-06
P04563,Sony Product 4563,Electronics,Sony,214.64,318.46,2025-02-17
P04564,Apple Product 4564,Electronics,Apple,450.3,771.75,2021-09-04
P04565,Adidas Product 4565,Fashion,Adidas,145.64,278.9,2022-02-04
P04566,Penguin Product 4566,Books,Penguin,169.99,255.31,2024-03-30
P04567,Apple Product 4567,Electronics,Apple,292.61,552.21,2021-10-19
P04568,Wilson Product 4568,Sports,Wilson,149.96,185.37,2024-09-19
P04569,HarperCollins Product 4569,Books,HarperCollins,352.5,502.82,2022-03-04
P04570,HarperCollins Product 4570,Books,HarperCollins,194.95,272.72,2024-04-16
P04571,Bosch Product 4571,Home,Bosch,217.51,307.24,2024-01-20
P04572,HarperCollins Product 4572,Books,HarperCollins,80.09,124.55,2024-11-21
P04573,Puma Product 4573,Fashion,Puma,172.32,259.99,2022-06-05
P04574,Adidas Product 4574,Fashion,Adidas,292.1,407.34,2024-02-26
P04575,Under Armour Product 4575,Sports,Under Armour,273.6,355.69,2025-07-29
P04576,Penguin Product 4576,Books,Penguin,136.63,207.69,2023-06-02
P04577,Penguin Product 4577,Books,Penguin,308.97,588.36,2023-03-29
P04578,Adidas Product 4578,Fashion,Adidas,200.62,265.03,2022-04-02
P04579,HarperCollins Product 4579,Books,HarperCollins,302.96,380.07,2024-08-22
P04580,Sony Product 4580,Electronics,Sony,417.35,530.6,2026-07-14
P04581,Samsung Product 4581,Electronics,Samsung,499.36,644.35,2024-07-27
P04582,Adidas Product 4582,Fashion,Adidas,332.28,661.14,2022-12-13
P04583,Nike Product 4583,Fashion,Nike,358.79,461.54,2025-01-11
P04584,Adidas Product 4584,Fashion,Adidas,361.26,692.01,2024-04-25
P04585,Ikea Product 4585,Home,Ikea,490.6,605.91,2023-12-24
P04586,Philips Product 4586,Home,Philips,280.37,357.62,2024-12-21
P04587,Bosch Product 4587,Home,Bosch,15.86,21.13,2022-01-24
P04588,Philips Product 4588,Home,Philips,250.32,352.89,2023-07-14
P04589,Penguin Product 4589,Books,Penguin,217.31,373.82,2023-04-07
P04590,Puma Product 4590,Fashion,Puma,148.13,181.1,2024-04-21
P04591,HarperCollins Product 4591,Books,HarperCollins,204.02,255.14,2022-11-06
P04592,Reebok Product 4592,Sports,Reebok,37.34,60.22,2022-02-01
P04593,Bosch Product 4593,Home,Bosch,271.43,489.23,2025-10-02
P04594,Sony Product 4594,Electronics,Sony,272.82,525.46,2025-06-21
P04595,Apple Product 4595,Electronics,Apple,233.55,383.24,2023-12-09
P04596,Apple Product 4596,Electronics,Apple,44.41,62.92,2026-07-08
P04597,Penguin Product 4597,Books,Penguin,394.7,738.79,2022-07-07
P04598,Penguin Product 4598,Books,Penguin,459.96,782.52,2024-12-22
P04599,Bosch Product 4599,Home,Bosch,213.98,370.3,2022-08-12
P04600,Penguin Product 4600,Books,Penguin,350.95,584.48,2023-03-31
P04601,HarperCollins Product 4601,Books,HarperCollins,159.25,255.66,2021-10-08
P04602,HarperCollins Product 4602,Books,HarperCollins,345.9,654.92,2021-09-27
P04603,Philips Product 4603,Home,Philips,296.23,587.46,2024-03-02
P04604,Samsung Product 4604,Electronics,Samsung,66.44,86.89,2023-04-30
P04605,Penguin Product 4605,Books,Penguin,34.0,59.5,2022-12-24
P04606,Under Armour Product 4606,Sports,Under Armour,126.97,246.7,2025-08-08
P04607,Apple Product 4607,Electronics,Apple,61.13,96.56,2025-10-18
P04608,Reebok Product 4608,Sports,Reebok,365.46,504.94,2023-07-06
P04609,HarperCollins Product 4609,Books,HarperCollins,107.54,156.1,2024-07-30
P04610,Reebok Product 4610,Sports,Reebok,325.57,416.73,2023-08-25
P04611,HarperCollins Product 4611,Books,HarperCollins,167.19,280.81,2026-08-21
P04612,Under Armour Product 4612,Sports,Under Armour,8.8,10.73,2023-11-24
P04613,HarperCollins Product 4613,Books,HarperCollins,404.46,582.01,2025-11-15
P04614,HarperCollins Product 4614,Books,HarperCollins,93.57,134.24,2021-11-05
P04615,Under Armour Product 4615,Sports,Under Armour,342.79,486.48,2025-04-14
P04616,HarperCollins Product 4616,Books,HarperCollins,218.51,333.96,2023-03-29
P04617,Philips Product 4617,Home,Philips,134.75,163.25,2021-12-03
P04618,Philips Product 4618,Home,Philips,214.68,320.16,2024-05-28
P04619,Under Armour Product 4619,Sports,Under Armour,271.07,331.61,2022-09-14
P04620,Under Armour Product 4620,Sports,Under Armour,385.16,759.46,2026-02-28
P04621,Puma Product 4621,Fashion,Puma,403.61,493.66,2024-02-02
P04622,Nike Product 4622,Fashion,Nike,429.23,641.97,2026-03-11
P04623,Under Armour Product 4623,Sports,Under Armour,392.72,739.66,2024-04-29
P04624,Adidas Product 4624,Fashion,Adidas,171.57,245.58,2026-06-01
P04625,Apple Product 4625,Electronics,Apple,318.15,535.42,2024-01-01
P04626,Ikea Product 4626,Home,Ikea,463.05,559.05,2023-10-21
P04627,Wilson Product 4627,Sports,Wilson,428.51,554.81,2024-07-04
P04628,Adidas Product 4628,Fashion,Adidas,94.62,171.23,2021-09-24
P04629,Under Armour Product 4629,Sports,Under Armour,482.35,763.41,2025-08-29
P04630,Under Armour Product 4630,Sports,Under Armour,203.61,368.75,2023-04-12
P04631,Penguin Product 4631,Books,Penguin,198.12,254.17,2026-05-26
P04632,Adidas Product 4632,Fashion,Adidas,356.02,455.68,2026-03-15
P04633,Bosch Product 4633,Home,Bosch,408.57,572.39,2023-03-02
P04634,HarperCollins Product 4634,Books,HarperCollins,496.72,598.5,2023-06-28
P04635,Penguin Product 4635,Books,Penguin,58.63,97.97,2022-07-23
P04636,Under Armour Product 4636,Sports,Under Armour,356.93,711.47,2022-04-28
P04637,Nike Product 4637,Fashion,Nike,437.94,586.1,2024-07-10
P04638,HarperCollins Product 4638,Books,HarperCollins,224.82,411.08,2022-06-10
P04639,Apple Product 4639,Electronics,Apple,225.83,450.62,2025-03-12
P04640,Under Armour Product 4640,Sports,Under Armour,427.11,730.73,2025-03-22
P04641,Wilson Product 4641,Sports,Wilson,77.9,100.39,2024-01-02
P04642,Nike Product 4642,Fashion,Nike,105.93,148.41,2025-01-25
P04643,Under Armour Product 4643,Sports,Under Armour,117.85,174.01,2026-08-25
P04644,HarperCollins Product 4644,Books,HarperCollins,433.87,705.4,2021-10-31
P04645,Reebok Product 4645,Sports,Reebok,178.43,331.02,2025-11-12
P04646,Adidas Product 4646,Fashion,Adidas,491.78,963.1,2022-01-23
P04647,Adidas Product 4647,Fashion,Adidas,68.32,118.7,2021-11-05
P04648,Puma Product 4648,Fashion,Puma,165.53,232.17,2022-04-12
P04649,Ikea Product 4649,Home,Ikea,20.56,40.21,2023-09-26
P04650,Philips Product 4650,Home,Philips,328.15,468.65,2026-05-07
P04651,Under Armour Product 4651,Sports,Under Armour,371.18,703.72,2024-05-24
P04652,Samsung Product 4652,Electronics,Samsung,74.27,100.62,2025-10-20
P04653,Under Armour Product 4653,Sports,Under Armour,386.03,653.09,2024-06-29
P04654,Reebok Product 4654,Sports,Reebok,470.34,840.38,2022-04-23
P04655,Apple Product 4655,Electronics,Apple,222.0,403.78,2025-10-22
P04656,Nike Product 4656,Fashion,Nike,333.93,573.04,2024-12-16
P04657,Adidas Product 4657,Fashion,Adidas,89.01,120.46,2025-04-15
P04658,HarperCollins Product 4658,Books,HarperCollins,344.12,638.59,2025-02-09
P04659,Under Armour Product 4659,Sports,Under Armour,358.54,618.14,2023-07-06
P04660,Samsung Product 4660,Electronics,Samsung,305.34,460.95,2022-03-14
P04661,Nike Product 4661,Fashion,Nike,131.19,232.44,2023-11-08
P04662,Nike Product 4662,Fashion,Nike,196.37,391.85,2023-10-02
P04663,Adidas Product 4663,Fashion,Adidas,361.0,578.48,2022-01-20
P04664,Adidas Product 4664,Fashion,Adidas,313.94,434.35,2024-11-20
P04665,Adidas Product 4665,Fashion,Adidas,10.85,20.47,2024-09-11
P04666,Sony Product 4666,Electronics,Sony,39.22,74.44,2023-12-01
P04667,Under Armour Product 4667,Sports,Under Armour,255.05,410.98,2026-06-13
P04668,Apple Product 4668,Electronics,Apple,175.94,235.37,2024-04-12
P04669,Philips Product 4669,Home,Philips,458.81,901.29,2025-03-03
P04670,Philips Product 4670,Home,Philips,216.61,403.04,2024-03-24
P04671,Puma Product 4671,Fashion,Puma,440.11,770.52,2026-01-06
P04672,Reebok Product 4672,Sports,Reebok,311.67,486.29,2025-03-04
P04673,Penguin Product 4673,Books,Penguin,12.71,22.23,2022-04-23
P04674,Ikea Product 4674,Home,Ikea,323.61,420.26,2025-03-17
P04675,HarperCollins Product 4675,Books,HarperCollins,480.37,773.39,2025-04-12
P04676,Bosch Product 4676,Home,Bosch,368.99,680.09,2022-05-28
P04677,HarperCollins Product 4677,Books,HarperCollins,494.15,801.59,2025-05-14
P04678,Puma Product 4678,Fashion,Puma,301.43,435.52,2025-05-18
P04679,Philips Product 4679,Home,Philips,291.49,380.77,2025-03-05
P04680,Wilson Product 4680,Sports,Wilson,140.75,219.5,2024-08-30
P04681,Adidas Product 4681,Fashion,Adidas,191.54,235.43,2022-03-23
P04682,Sony Product 4682,Electronics,Sony,493.32,805.27,2024-12-15
P04683,Reebok Product 4683,Sports,Reebok,130.05,183.92,2023-08-30
P04684,Puma Product 4684,Fashion,Puma,326.11,545.88,2024-07-31
P04685,Puma Product 4685,Fashion,Puma,121.56,201.11,2024-07-31
P04686,Samsung Product 4686,Electronics,Samsung,488.01,970.29,2022-03-18
P04687,HarperCollins Product 4687,Books,HarperCollins,19.89,38.51,2021-09-09
P04688,Puma Product 4688,Fashion,Puma,108.99,145.82,2024-07-03
P04689,Penguin Product 4689,Books,Penguin,357.29,587.97,2025-09-26
P04690,Nike Product 4690,Fashion,Nike,77.12,95.31,2026-07-27
P04691,Samsung Product 4691,Electronics,Samsung,96.63,129.54,2023-08-12
P04692,Samsung Product 4692,Electronics,Samsung,36.2,58.56,2025-05-19
P04693,Under Armour Product 4693,Sports,Under Armour,192.8,238.35,2025-09-05
P04694,Sony Product 4694,Electronics,Sony,421.43,706.95,2022-03-18
P04695,HarperCollins Product 4695,Books,HarperCollins,358.86,465.57,2024-02-03
P04696,Penguin Product 4696,Books,Penguin,409.83,553.88,2025-03-12
P04697,Wilson Product 4697,Sports,Wilson,147.94,286.09,2025-01-28
P04698,Puma Product 4698,Fashion,Puma,148.23,215.74,2022-09-22
P04699,Puma Product 4699,Fashion,Puma,471.99,789.03,2024-08-04
P04700,Apple Product 4700,Electronics,Apple,141.8,258.99,2022-04-07
P04701,Penguin Product 4701,Books,Penguin,101.52,146.95,2022-04-04
P04702,HarperCollins Product 4702,Books,HarperCollins,416.87,763.74,2025-04-25
P04703,Samsung Product 4703,Electronics,Samsung,103.29,187.83,2022-08-03
P04704,Apple Product 4704,Electronics,Apple,418.47,637.51,2025-11-21
P04705,Nike Product 4705,Fashion,Nike,188.18,348.6,2024-03-07
P04706,Bosch Product 4706,Home,Bosch,296.22,459.15,2025-11-16
P04707,Apple Product 4707,Electronics,Apple,14.67,25.69,2021-12-06
P04708,Under Armour Product 4708,Sports,Under Armour,486.36,843.71,2021-09-05
P04709,Under Armour Product 4709,Sports,Under Armour,50.55,61.19,2024-07-14
P04710,Under Armour Product 4710,Sports,Under Armour,153.05,194.26,2024-09-03
P04711,Sony Product 4711,Electronics,Sony,421.16,840.0,2021-11-07
P04712,Adidas Product 4712,Fashion,Adidas,5.78,9.0,2022-04-19
P04713,Ikea Product 4713,Home,Ikea,202.42,375.36,2022-04-29
P04714,HarperCollins Product 4714,Books,HarperCollins,387.35,610.29,2023-05-14
P04715,Penguin Product 4715,Books,Penguin,186.81,308.12,2026-08-07
P04716,Adidas Product 4716,Fashion,Adidas,212.75,289.73,2023-07-05
P04717,Penguin Product 4717,Books,Penguin,192.07,341.98,2022-09-06
P04718,HarperCollins Product 4718,Books,HarperCollins,83.86,141.35,2023-10-14
P04719,Sony Product 4719,Electronics,Sony,120.87,186.96,2024-06-21
P04720,Penguin Product 4720,Books,Penguin,238.88,476.81,2024-02-07
P04721,Reebok Product 4721,Sports,Reebok,40.96,50.16,2025-10-17
P04722,HarperCollins Product 4722,Books,HarperCollins,94.4,147.53,2024-01-12
P04723,Sony Product 4723,Electronics,Sony,229.96,345.32,2023-05-03
P04724,Penguin Product 4724,Books,Penguin,67.62,132.17,2022-03-02
P04725,Adidas Product 4725,Fashion,Adidas,441.18,799.07,2023-05-25
P04726,Philips Product 4726,Home,Philips,425.39,725.23,2026-01-27
P04727,Penguin Product 4727,Books,Penguin,193.17,278.59,2021-09-27
P04728,Sony Product 4728,Electronics,Sony,428.12,774.4,2022-11-06
P04729,HarperCollins Product 4729,Books,HarperCollins,467.59,913.01,2022-12-25
P04730,Under Armour Product 4730,Sports,Under Armour,171.13,248.39,2025-06-21
P04731,Apple Product 4731,Electronics,Apple,245.9,352.28,2022-09-09
P04732,Sony Product 4732,Electronics,Sony,375.24,596.87,2023-08-03
P04733,Reebok Product 4733,Sports,Reebok,96.51,121.57,2022-03-16
P04734,Penguin Product 4734,Books,Penguin,143.76,242.5,2026-07-14
P04735,HarperCollins Product 4735,Books,HarperCollins,470.28,728.27,2026-07-15
P04736,Nike Product 4736,Fashion,Nike,74.75,146.09,2023-05-15
P04737,Bosch Product 4737,Home,Bosch,295.88,461.4,2024-04-05
P04738,Bosch Product 4738,Home,Bosch,367.05,518.69,2024-10-02
P04739,Nike Product 4739,Fashion,Nike,412.54,609.44,2021-12-04
P04740,Philips Product 4740,Home,Philips,245.62,458.82,2025-05-14
P04741,Philips Product 4741,Home,Philips,390.85,508.55,2026-04-19
P04742,Penguin Product 4742,Books,Penguin,67.53,128.02,2025-05-14
P04743,Wilson Product 4743,Sports,Wilson,356.6,433.07,2025-12-19
P04744,Samsung Product 4744,Electronics,Samsung,317.9,437.32,2023-08-06
P04745,Philips Product 4745,Home,Philips,141.18,175.38,2021-10-04
P04746,Nike Product 4746,Fashion,Nike,414.5,589.73,2024-11-15
P04747,Wilson Product 4747,Sports,Wilson,254.03,491.71,2024-07-08
P04748,HarperCollins Product 4748,Books,HarperCollins,444.27,847.84,2025-11-14
P04749,Ikea Product 4749,Home,Ikea,33.91,53.86,2023-08-28
P04750,Penguin Product 4750,Books,Penguin,84.65,119.31,2023-06-10
P04751,Wilson Product 4751,Sports,Wilson,49.59,98.93,2021-09-08
P04752,Apple Product 4752,Electronics,Apple,471.09,769.66,2025-02-03
P04753,Ikea Product 4753,Home,Ikea,243.33,303.47,2024-08-12
P04754,Bosch Product 4754,Home,Bosch,322.53,581.34,2021-11-02
P04755,Samsung Product 4755,Electronics,Samsung,62.5,93.59,2026-02-21
P04756,Sony Product 4756,Electronics,Sony,93.11,146.28,2023-04-22
P04757,Sony Product 4757,Electronics,Sony,47.66,64.28,2024-03-19
P04758,Sony Product 4758,Electronics,Sony,440.66,791.03,2025-02-07
P04759,Adidas Product 4759,Fashion,Adidas,31.35,51.9,2024-08-29
P04760,Nike Product 4760,Fashion,Nike,21.25,26.7,2023-11-28
P04761,Reebok Product 4761,Sports,Reebok,160.39,194.35,2026-01-05
P04762,Under Armour Product 4762,Sports,Under Armour,453.5,845.32,2023-05-25
P04763,Sony Product 4763,Electronics,Sony,289.13,419.18,2021-12-27
P04764,Bosch Product 4764,Home,Bosch,150.05,277.38,2025-05-09
P04765,Puma Product 4765,Fashion,Puma,263.34,403.06,2023-04-14
P04766,Penguin Product 4766,Books,Penguin,433.28,662.79,2022-05-21
P04767,Puma Product 4767,Fashion,Puma,132.26,259.92,2024-12-31
P04768,Apple Product 4768,Electronics,Apple,418.98,532.3,2025-08-25
P04769,Penguin Product 4769,Books,Penguin,488.82,665.65,2021-11-19
P04770,Bosch Product 4770,Home,Bosch,45.91,88.21,2022-02-03
P04771,Samsung Product 4771,Electronics,Samsung,132.62,163.96,2024-01-30
P04772,Bosch Product 4772,Home,Bosch,333.67,508.05,2023-08-24
P04773,Nike Product 4773,Fashion,Nike,236.79,340.37,2026-05-14
P04774,Philips Product 4774,Home,Philips,131.74,238.6,2024-08-16
P04775,Adidas Product 4775,Fashion,Adidas,436.32,576.43,2025-05-01
P04776,Penguin Product 4776,Books,Penguin,205.79,291.89,2025-12-28
P04777,HarperCollins Product 4777,Books,HarperCollins,24.26,37.44,2024-12-31
P04778,Puma Product 4778,Fashion,Puma,276.24,550.21,2022-08-20
P04779,Philips Product 4779,Home,Philips,465.82,746.57,2022-04-06
P04780,HarperCollins Product 4780,Books,HarperCollins,484.0,703.9,2022-05-07
P04781,Adidas Product 4781,Fashion,Adidas,460.96,847.35,2021-11-07
P04782,Philips Product 4782,Home,Philips,457.93,747.41,2026-03-01
P04783,Philips Product 4783,Home,Philips,31.27,57.94,2021-10-27
P04784,Bosch Product 4784,Home,Bosch,29.81,44.36,2024-07-16
P04785,HarperCollins Product 4785,Books,HarperCollins,179.46,267.64,2022-03-07
P04786,Wilson Product 4786,Sports,Wilson,106.97,144.0,2022-11-25
P04787,Sony Product 4787,Electronics,Sony,21.84,42.58,2023-06-16
P04788,Ikea Product 4788,Home,Ikea,26.04,44.35,2024-01-20
P04789,Bosch Product 4789,Home,Bosch,18.64,37.13,2026-02-21
P04790,Samsung Product 4790,Electronics,Samsung,54.37,68.87,2023-06-03
P04791,Apple Product 4791,Electronics,Apple,390.56,762.81,2024-11-29
P04792,Sony Product 4792,Electronics,Sony,493.21,599.39,2025-07-08
P04793,Philips Product 4793,Home,Philips,353.56,550.19,2025-03-09
P04794,Wilson Product 4794,Sports,Wilson,344.94,462.81,2023-10-04
P04795,Apple Product 4795,Electronics,Apple,359.96,538.77,2026-05-26
P04796,Adidas Product 4796,Fashion,Adidas,409.7,797.17,2024-04-05
P04797,Sony Product 4797,Electronics,Sony,92.68,111.26,2025-11-15
P04798,Sony Product 4798,Electronics,Sony,71.94,111.52,2024-10-25
P04799,Bosch Product 4799,Home,Bosch,181.89,358.25,2024-11-21
P04800,Samsung Product 4800,Electronics,Samsung,430.67,778.5,2024-06-18
P04801,Samsung Product 4801,Electronics,Samsung,163.16,239.81,2026-08-18
P04802,Adidas Product 4802,Fashion,Adidas,483.47,833.38,2023-07-17
P04803,HarperCollins Product 4803,Books,HarperCollins,222.88,426.25,2025-11-14
P04804,Ikea Product 4804,Home,Ikea,221.84,273.99,2026-02-12
P04805,Wilson Product 4805,Sports,Wilson,383.67,676.54,2025-08-20
P04806,Adidas Product 4806,Fashion,Adidas,299.51,371.28,2024-01-17
P04807,Bosch Product 4807,Home,Bosch,372.87,648.52,2021-10-24
P04808,Samsung Product 4808,Electronics,Samsung,334.88,624.01,2022-11-08
P04809,Samsung Product 4809,Electronics,Samsung,491.37,702.79,2026-01-16
P04810,Penguin Product 4810,Books,Penguin,485.07,882.0,2023-09-21
P04811,Samsung Product 4811,Electronics,Samsung,346.56,576.39,2024-09-30
P04812,Apple Product 4812,Electronics,Apple,177.36,345.88,2025-02-22
P04813,Adidas Product 4813,Fashion,Adidas,27.58,46.59,2025-05-24
P04814,Ikea Product 4814,Home,Ikea,40.64,58.52,2022-09-10
P04815,Penguin Product 4815,Books,Penguin,477.93,952.22,2024-07-26
P04816,Bosch Product 4816,Home,Bosch,310.22,415.51,2024-06-27
P04817,HarperCollins Product 4817,Books,HarperCollins,176.32,317.38,2026-01-01
P04818,Bosch Product 4818,Home,Bosch,285.71,376.34,2023-05-23
P04819,Philips Product 4819,Home,Philips,39.98,49.87,2023-12-30
P04820,Reebok Product 4820,Sports,Reebok,470.58,569.61,2025-09-13
P04821,Apple Product 4821,Electronics,Apple,287.74,562.34,2025-03-09
P04822,Penguin Product 4822,Books,Penguin,41.48,62.61,2025-12-22
P04823,Under Armour Product 4823,Sports,Under Armour,135.07,246.18,2022-06-22
P04824,Adidas Product 4824,Fashion,Adidas,252.97,444.09,2022-07-30
P04825,Puma Product 4825,Fashion,Puma,445.43,612.13,2024-07-21
P04826,Puma Product 4826,Fashion,Puma,424.9,614.15,2024-05-24
P04827,Ikea Product 4827,Home,Ikea,15.15,22.94,2023-12-29
P04828,Under Armour Product 4828,Sports,Under Armour,380.59,714.45,2025-04-08
P04829,Philips Product 4829,Home,Philips,8.98,11.93,2021-09-08
P04830,Ikea Product 4830,Home,Ikea,41.07,56.27,2026-02-23
P04831,Under Armour Product 4831,Sports,Under Armour,131.28,251.94,2024-06-06
P04832,Adidas Product 4832,Fashion,Adidas,57.36,93.48,2026-07-25
P04833,Puma Product 4833,Fashion,Puma,35.27,47.59,2024-11-27
P04834,Penguin Product 4834,Books,Penguin,113.32,156.05,2023-01-01
P04835,Ikea Product 4835,Home,Ikea,39.52,70.73,2022-05-18
P04836,Sony Product 4836,Electronics,Sony,24.72,47.36,2023-02-11
P04837,Reebok Product 4837,Sports,Reebok,27.97,39.03,2024-11-15
P04838,HarperCollins Product 4838,Books,HarperCollins,257.67,359.29,2025-08-09
P04839,Nike Product 4839,Fashion,Nike,48.75,73.81,2023-06-07
P04840,Nike Product 4840,Fashion,Nike,310.05,373.67,2025-10-21
P04841,Philips Product 4841,Home,Philips,170.37,323.9,2021-10-13
P04842,HarperCollins Product 4842,Books,HarperCollins,165.02,272.69,2024-09-16
P04843,Nike Product 4843,Fashion,Nike,89.64,160.42,2026-02-20
P04844,Under Armour Product 4844,Sports,Under Armour,87.91,108.76,2021-09-07
P04845,Adidas Product 4845,Fashion,Adidas,337.16,642.57,2025-04-04
P04846,Sony Product 4846,Electronics,Sony,75.03,112.25,2024-02-05
P04847,Penguin Product 4847,Books,Penguin,43.48,68.24,2023-05-11
P04848,Wilson Product 4848,Sports,Wilson,348.98,453.98,2026-02-15
P04849,Wilson Product 4849,Sports,Wilson,49.96,73.71,2026-08-07
P04850,Nike Product 4850,Fashion,Nike,358.28,587.79,2025-10-17
P04851,Nike Product 4851,Fashion,Nike,218.57,429.7,2023-05-15
P04852,Sony Product 4852,Electronics,Sony,398.65,709.77,2023-10-27
P04853,Nike Product 4853,Fashion,Nike,179.52,346.17,2022-08-22
P04854,Sony Product 4854,Electronics,Sony,288.56,459.12,2026-03-19
P04855,Sony Product 4855,Electronics,Sony,186.19,237.5,2023-07-03
P04856,Samsung Product 4856,Electronics,Samsung,254.05,347.83,2021-11-11
P04857,Philips Product 4857,Home,Philips,277.37,350.94,2025-03-02
P04858,HarperCollins Product 4858,Books,HarperCollins,286.64,450.31,2024-06-26
P04859,Wilson Product 4859,Sports,Wilson,353.47,450.8,2025-06-26
P04860,Penguin Product 4860,Books,Penguin,355.87,640.68,2023-02-11
P04861,Ikea Product 4861,Home,Ikea,241.98,438.58,2023-12-25
P04862,Penguin Product 4862,Books,Penguin,38.25,75.86,2021-11-01
P04863,Penguin Product 4863,Books,Penguin,256.72,427.57,2021-11-08
P04864,Puma Product 4864,Fashion,Puma,141.67,278.97,2023-10-11
P04865,Ikea Product 4865,Home,Ikea,330.39,659.57,2021-11-15
P04866,Nike Product 4866,Fashion,Nike,362.58,573.39,2022-08-10
P04867,Samsung Product 4867,Electronics,Samsung,92.93,127.41,2025-06-01
P04868,Bosch Product 4868,Home,Bosch,68.09,132.18,2025-08-15
P04869,Nike Product 4869,Fashion,Nike,332.93,440.93,2023-09-26
P04870,Ikea Product 4870,Home,Ikea,142.33,226.28,2026-06-11
P04871,Bosch Product 4871,Home,Bosch,109.65,143.13,2023-06-14
P04872,Penguin Product 4872,Books,Penguin,37.69,74.59,2024-06-12
P04873,Bosch Product 4873,Home,Bosch,303.21,411.46,2024-11-16
P04874,Sony Product 4874,Electronics,Sony,67.63,115.1,2022-10-01
P04875,Samsung Product 4875,Electronics,Samsung,22.88,31.26,2024-10-30
P04876,Apple Product 4876,Electronics,Apple,468.87,823.67,2022-06-02
P04877,Nike Product 4877,Fashion,Nike,69.64,108.02,2025-10-07
P04878,Ikea Product 4878,Home,Ikea,349.25,447.94,2026-01-19
P04879,Bosch Product 4879,Home,Bosch,101.01,193.82,2023-11-07
P04880,Puma Product 4880,Fashion,Puma,51.3,75.33,2022-05-25
P04881,Apple Product 4881,Electronics,Apple,130.47,177.13,2023-06-10
P04882,Apple Product 4882,Electronics,Apple,359.05,601.73,2025-10-16
P04883,Under Armour Product 4883,Sports,Under Armour,232.5,353.01,2022-11-13
P04884,Penguin Product 4884,Books,Penguin,307.5,424.16,2024-05-25
P04885,Sony Product 4885,Electronics,Sony,16.34,21.72,2023-06-11
P04886,Penguin Product 4886,Books,Penguin,210.78,401.91,2025-01-22
P04887,Apple Product 4887,Electronics,Apple,152.78,289.08,2022-05-05
P04888,Samsung Product 4888,Electronics,Samsung,293.11,575.85,2023-04-13
P04889,Nike Product 4889,Fashion,Nike,472.34,577.83,2024-04-22
P04890,Puma Product 4890,Fashion,Puma,272.9,387.72,2022-05-05
P04891,HarperCollins Product 4891,Books,HarperCollins,198.98,262.79,2022-10-18
P04892,Samsung Product 4892,Electronics,Samsung,469.75,721.46,2022-09-25
P04893,Sony Product 4893,Electronics,Sony,32.66,49.8,2023-01-03
P04894,Philips Product 4894,Home,Philips,421.51,811.8,2022-11-04
P04895,Wilson Product 4895,Sports,Wilson,194.67,342.69,2024-02-20
P04896,Nike Product 4896,Fashion,Nike,287.31,529.61,2023-01-15
P04897,Philips Product 4897,Home,Philips,34.92,58.14,2023-01-28
P04898,Philips Product 4898,Home,Philips,329.73,512.0,2025-05-18
P04899,Under Armour Product 4899,Sports,Under Armour,489.95,856.38,2021-11-17
P04900,Penguin Product 4900,Books,Penguin,360.05,595.54,2022-02-24
P04901,Ikea Product 4901,Home,Ikea,154.64,260.35,2023-01-24
P04902,Adidas Product 4902,Fashion,Adidas,98.94,185.73,2022-09-17
P04903,Wilson Product 4903,Sports,Wilson,219.75,410.32,2023-12-20
P04904,Apple Product 4904,Electronics,Apple,484.49,680.51,2022-07-12
P04905,Reebok Product 4905,Sports,Reebok,73.04,136.07,2025-03-27
P04906,Bosch Product 4906,Home,Bosch,279.63,407.27,2022-11-04
P04907,Nike Product 4907,Fashion,Nike,341.19,641.48,2023-06-24
P04908,Sony Product 4908,Electronics,Sony,368.8,722.6,2023-04-25
P04909,Penguin Product 4909,Books,Penguin,371.25,721.8,2023-06-17
P04910,Puma Product 4910,Fashion,Puma,123.85,179.45,2022-04-28
P04911,Sony Product 4911,Electronics,Sony,302.39,528.02,2023-12-17
P04912,Ikea Product 4912,Home,Ikea,104.5,153.73,2025-09-15
P04913,Nike Product 4913,Fashion,Nike,361.48,712.09,2026-02-26
P04914,Philips Product 4914,Home,Philips,487.18,657.37,2022-08-08
P04915,Bosch Product 4915,Home,Bosch,33.51,54.46,2024-12-30
P04916,Nike Product 4916,Fashion,Nike,134.07,182.58,2024-09-29
P04917,Sony Product 4917,Electronics,Sony,124.24,156.91,2025-01-20
P04918,Bosch Product 4918,Home,Bosch,266.86,406.84,2021-10-14
P04919,Bosch Product 4919,Home,Bosch,137.2,259.43,2024-05-02
P04920,Reebok Product 4920,Sports,Reebok,284.04,401.87,2025-11-07
P04921,Philips Product 4921,Home,Philips,203.68,360.45,2023-08-19
P04922,Bosch Product 4922,Home,Bosch,387.18,743.85,2025-04-11
P04923,Ikea Product 4923,Home,Ikea,183.44,255.34,2022-04-11
P04924,Bosch Product 4924,Home,Bosch,238.73,450.2,2024-04-18
P04925,Under Armour Product 4925,Sports,Under Armour,465.94,780.78,2021-12-03
P04926,HarperCollins Product 4926,Books,HarperCollins,481.33,602.08,2025-08-12
P04927,Adidas Product 4927,Fashion,Adidas,67.6,90.7,2026-05-15
P04928,Philips Product 4928,Home,Philips,15.95,28.04,2022-11-04
P04929,Sony Product 4929,Electronics,Sony,169.36,316.88,2023-07-26
P04930,HarperCollins Product 4930,Books,HarperCollins,256.48,474.95,2021-08-30
P04931,Adidas Product 4931,Fashion,Adidas,299.99,437.53,2023-09-19
P04932,Bosch Product 4932,Home,Bosch,193.74,279.31,2023-05-03
P04933,Wilson Product 4933,Sports,Wilson,60.86,117.95,2024-01-22
P04934,Apple Product 4934,Electronics,Apple,435.71,619.12,2024-12-06
P04935,Adidas Product 4935,Fashion,Adidas,389.58,650.91,2025-05-02
P04936,Apple Product 4936,Electronics,Apple,94.89,123.17,2022-04-05
P04937,Ikea Product 4937,Home,Ikea,498.86,979.23,2022-04-05
P04938,Penguin Product 4938,Books,Penguin,127.67,244.85,2022-06-22
P04939,Wilson Product 4939,Sports,Wilson,153.99,223.81,2022-08-14
P04940,Ikea Product 4940,Home,Ikea,360.61,448.84,2023-06-02
P04941,HarperCollins Product 4941,Books,HarperCollins,113.91,206.89,2021-08-27
P04942,Nike Product 4942,Fashion,Nike,480.72,838.63,2022-05-11
P04943,Samsung Product 4943,Electronics,Samsung,269.41,471.2,2022-06-05
P04944,Apple Product 4944,Electronics,Apple,470.37,873.74,2023-12-16
P04945,Nike Product 4945,Fashion,Nike,466.3,589.18,2026-04-12
P04946,HarperCollins Product 4946,Books,HarperCollins,50.73,98.72,2022-09-18
P04947,Philips Product 4947,Home,Philips,82.43,122.84,2025-10-19
P04948,Bosch Product 4948,Home,Bosch,448.65,693.77,2025-05-20
P04949,HarperCollins Product 4949,Books,HarperCollins,133.58,250.5,2025-10-21
P04950,Wilson Product 4950,Sports,Wilson,60.65,82.19,2021-09-23
P04951,Puma Product 4951,Fashion,Puma,467.21,813.58,2022-11-09
P04952,HarperCollins Product 4952,Books,HarperCollins,399.33,758.83,2024-01-22
P04953,Nike Product 4953,Fashion,Nike,452.94,711.22,2023-10-21
P04954,Puma Product 4954,Fashion,Puma,217.84,380.26,2024-03-04
P04955,Wilson Product 4955,Sports,Wilson,101.51,122.09,2023-01-10
P04956,Ikea Product 4956,Home,Ikea,324.62,401.66,2026-04-19
P04957,Ikea Product 4957,Home,Ikea,407.77,793.5,2024-05-28
P04958,Samsung Product 4958,Electronics,Samsung,464.15,693.44,2021-12-21
P04959,Penguin Product 4959,Books,Penguin,23.0,44.54,2022-03-30
P04960,Reebok Product 4960,Sports,Reebok,93.2,121.39,2024-09-11
P04961,Ikea Product 4961,Home,Ikea,163.3,282.52,2022-10-30
P04962,Nike Product 4962,Fashion,Nike,215.58,362.9,2025-02-20
P04963,Puma Product 4963,Fashion,Puma,347.69,451.56,2022-06-30
P04964,Adidas Product 4964,Fashion,Adidas,266.9,454.27,2024-09-16
P04965,Apple Product 4965,Electronics,Apple,496.76,957.13,2022-11-28
P04966,Nike Product 4966,Fashion,Nike,103.07,175.01,2026-08-04
P04967,Bosch Product 4967,Home,Bosch,81.32,148.04,2024-08-10
P04968,Puma Product 4968,Fashion,Puma,18.26,31.33,2026-04-22
P04969,HarperCollins Product 4969,Books,HarperCollins,393.13,579.94,2026-03-30
P04970,Bosch Product 4970,Home,Bosch,179.36,343.4,2023-06-29
P04971,Nike Product 4971,Fashion,Nike,78.44,103.59,2023-03-27
P04972,Wilson Product 4972,Sports,Wilson,351.16,474.8,2022-03-17
P04973,Penguin Product 4973,Books,Penguin,5.7,8.5,2025-06-18
P04974,Reebok Product 4974,Sports,Reebok,348.28,667.14,2026-04-12
P04975,Adidas Product 4975,Fashion,Adidas,116.62,161.09,2024-04-26
P04976,Wilson Product 4976,Sports,Wilson,256.1,506.46,2022-08-07
P04977,Under Armour Product 4977,Sports,Under Armour,50.36,62.4,2022-03-29
P04978,Wilson Product 4978,Sports,Wilson,258.17,390.17,2026-01-08
P04979,Wilson Product 4979,Sports,Wilson,383.42,707.62,2021-12-22
P04980,Adidas Product 4980,Fashion,Adidas,24.09,29.18,2024-02-24
P04981,Samsung Product 4981,Electronics,Samsung,201.23,298.5,2022-12-15
P04982,Penguin Product 4982,Books,Penguin,447.01,736.06,2024-06-07
P04983,Penguin Product 4983,Books,Penguin,354.51,698.71,2023-12-16
P04984,Reebok Product 4984,Sports,Reebok,397.91,678.12,2022-11-19
P04985,Bosch Product 4985,Home,Bosch,430.47,784.95,2022-07-26
P04986,Wilson Product 4986,Sports,Wilson,165.53,298.45,2022-12-13
P04987,Nike Product 4987,Fashion,Nike,108.86,215.1,2026-01-30
P04988,Puma Product 4988,Fashion,Puma,491.32,645.25,2025-07-24
P04989,Puma Product 4989,Fashion,Puma,256.64,438.29,2023-01-23
P04990,HarperCollins Product 4990,Books,HarperCollins,130.61,172.82,2025-06-09
P04991,Penguin Product 4991,Books,Penguin,360.09,623.68,2021-12-04
P04992,Nike Product 4992,Fashion,Nike,368.45,546.41,2024-07-29
P04993,Apple Product 4993,Electronics,Apple,95.61,182.69,2025-12-12
P04994,Ikea Product 4994,Home,Ikea,188.94,234.18,2023-07-29
P04995,Wilson Product 4995,Sports,Wilson,417.39,713.05,2024-10-16
P04996,Wilson Product 4996,Sports,Wilson,38.0,65.29,2023-03-05
P04997,Penguin Product 4997,Books,Penguin,139.42,243.56,2024-06-02
P04998,Under Armour Product 4998,Sports,Under Armour,56.75,78.83,2023-01-15
P04999,Reebok Product 4999,Sports,Reebok,161.05,303.65,2026-01-09
P05000,Ikea Product 5000,Home,Ikea,328.33,479.09,2026-06-03
